"smell_type","project_link"
"Ambiguous Interface","https://git.cs.dal.ca/courses/2022-winter/csci-5308/group20.git"
"Ambiguous Interface","https://git.cs.dal.ca/courses/2022-winter/csci-5308/group22.git"
"Ambiguous Interface","https://git.cs.dal.ca/courses/2022-winter/csci-5308/group24"
"Ambiguous Interface","https://git.cs.dal.ca/courses/2022-winter/csci-5308/group6+"
"Ambiguous Interface","https://github.com/"
"Ambiguous Interface","https://github.com/0104lyh/Jx3_Bot"
"Ambiguous Interface","https://github.com/016image/autotestlearnmav"
"Ambiguous Interface","https://github.com/0212kr/JavaWork"
"Ambiguous Interface","https://github.com/042020-dotnet-uta/ashleyBracken-repo0"
"Ambiguous Interface","https://github.com/042020-dotnet-uta/davidSawyer-repo0"
"Ambiguous Interface","https://github.com/042020-dotnet-uta/johnKear-repo1"
"Ambiguous Interface","https://github.com/042020-dotnet-uta/kingsleyOnonachi-repo0"
"Ambiguous Interface","https://github.com/042020-dotnet-uta/michaelHall-repo0"
"Ambiguous Interface","https://github.com/042020-dotnet-uta/michaelWong-repo0"
"Ambiguous Interface","https://github.com/042020-dotnet-uta/ryanShereda-repo0"
"Ambiguous Interface","https://github.com/042020-dotnet-uta/sulavAryal-repo0"
"Ambiguous Interface","https://github.com/05675/ExamRef70-483"
"Ambiguous Interface","https://github.com/0608chenyugithub/miaoShaProject"
"Ambiguous Interface","https://github.com/07101994/MyMediaPlayerXamarinForms"
"Ambiguous Interface","https://github.com/071921-LTI/Christian-Osada"
"Ambiguous Interface","https://github.com/090820-dotnet-uta/MacLayneGairrett"
"Ambiguous Interface","https://github.com/0MOoN0/Six-dimensional-community-server"
"Ambiguous Interface","https://github.com/0Xero7/Argon"
"Ambiguous Interface","https://github.com/0xd4d/dnSpy"
"Ambiguous Interface","https://github.com/0xd5f/CWClientCheat"
"Ambiguous Interface","https://github.com/0xera/rAndroidDev"
"Ambiguous Interface","https://github.com/0xkaede/JuicySwapperv1"
"Ambiguous Interface","https://github.com/100winone/javaStandard"
"Ambiguous Interface","https://github.com/101121-VA-Java/Bruno-Braga"
"Ambiguous Interface","https://github.com/102101219/mySwin"
"Ambiguous Interface","https://github.com/102345/ImpulsoTeste.Marcilio"
"Ambiguous Interface","https://github.com/1026minjae/Memorizer"
"Ambiguous Interface","https://github.com/1029hera/Lec"
"Ambiguous Interface","https://github.com/1030907690/spring-boot-2.0.4.RELEASE"
"Ambiguous Interface","https://github.com/105032013072/installer"
"Ambiguous Interface","https://github.com/1084597302/Game-Development-Task-2"
"Ambiguous Interface","https://github.com/1092682749/7cj"
"Ambiguous Interface","https://github.com/10soos17/lecture_choongang"
"Ambiguous Interface","https://github.com/1106991880/many-datasource"
"Ambiguous Interface","https://github.com/111Online/nhs111-domain-dos-api"
"Ambiguous Interface","https://github.com/113-GittiGidiyor-Java-Spring-Bootcamp/fifth-homework-avemphract"
"Ambiguous Interface","https://github.com/113-GittiGidiyor-Java-Spring-Bootcamp/fifth-homework-kaganarmagan"
"Ambiguous Interface","https://github.com/121jigowatts/spring-boot_with_mybatis"
"Ambiguous Interface","https://github.com/123jiangkang/tests"
"Ambiguous Interface","https://github.com/123jiangkang/xc_service"
"Ambiguous Interface","https://github.com/123namitha/ExampleAutomation"
"Ambiguous Interface","https://github.com/123youyouer/cyworld"
"Ambiguous Interface","https://github.com/1249730427/daihuaiyu.github.io"
"Ambiguous Interface","https://github.com/1250446609/powersite"
"Ambiguous Interface","https://github.com/1272857430/flowable_flow"
"Ambiguous Interface","https://github.com/1273505585/Almighty"
"Ambiguous Interface","https://github.com/1301536601/CoreExtendHelper"
"Ambiguous Interface","https://github.com/1302cb/customer_service"
"Ambiguous Interface","https://github.com/13030830345/springboot-vue"
"Ambiguous Interface","https://github.com/1319470638/PushDemo"
"Ambiguous Interface","https://github.com/13266764646/Phantom"
"Ambiguous Interface","https://github.com/1336037686/learing-online"
"Ambiguous Interface","https://github.com/13407196713/javawokspace"
"Ambiguous Interface","https://github.com/13415716616/Contribution-system-Web-API"
"Ambiguous Interface","https://github.com/13416494311/tduck"
"Ambiguous Interface","https://github.com/13439300301/KunlunLPSWorker_3_19"
"Ambiguous Interface","https://github.com/1358045145/miaosha_lgx"
"Ambiguous Interface","https://github.com/13588036206/gy-interface"
"Ambiguous Interface","https://github.com/13766263220/xinxin-shop-project"
"Ambiguous Interface","https://github.com/1379074822/graduation_project"
"Ambiguous Interface","https://github.com/13days/gdufo2o"
"Ambiguous Interface","https://github.com/1471817541/-sdk"
"Ambiguous Interface","https://github.com/14misbah98/first-lab-work"
"Ambiguous Interface","https://github.com/1510460325/online-judge"
"Ambiguous Interface","https://github.com/151119011148/l78zdemo"
"Ambiguous Interface","https://github.com/1535892832/blogs-server"
"Ambiguous Interface","https://github.com/15607521232/XuLiSpringMVCAndmybatis"
"Ambiguous Interface","https://github.com/1586951660/bs"
"Ambiguous Interface","https://github.com/15935962724/Ruoyi-Vue"
"Ambiguous Interface","https://github.com/1660615472/huan-gou"
"Ambiguous Interface","https://github.com/1663784811/adminJAVA"
"Ambiguous Interface","https://github.com/1663784811/toolsJAVA"
"Ambiguous Interface","https://github.com/1665RR/PIozo"
"Ambiguous Interface","https://github.com/170423045/hzxcService"
"Ambiguous Interface","https://github.com/1704AClass/wokr_llm"
"Ambiguous Interface","https://github.com/1704AClass/work_wb"
"Ambiguous Interface","https://github.com/17743257942/scx040407"
"Ambiguous Interface","https://github.com/1787051330/shop-portal-api"
"Ambiguous Interface","https://github.com/1798643961/McOnTongueTip"
"Ambiguous Interface","https://github.com/17madjoker/Angular.NETCoreWebAPI"
"Ambiguous Interface","https://github.com/18014154998/FarmMall"
"Ambiguous Interface","https://github.com/18238831810/india"
"Ambiguous Interface","https://github.com/18270862829/x-workspace"
"Ambiguous Interface","https://github.com/1830879724/yeb"
"Ambiguous Interface","https://github.com/18875274988/bbibm-kjds-test"
"Ambiguous Interface","https://github.com/188867052/EFCore.CodeGenerator"
"Ambiguous Interface","https://github.com/188867052/OSharp"
"Ambiguous Interface","https://github.com/188867052/QuartzApi"
"Ambiguous Interface","https://github.com/188867052/osharp-master_TEMP"
"Ambiguous Interface","https://github.com/1909-sep30-net/colton-project1"
"Ambiguous Interface","https://github.com/1909-sep30-net/girard-project1"
"Ambiguous Interface","https://github.com/1909sept03java/Fahim-Rashid"
"Ambiguous Interface","https://github.com/1909sept03java/demo-reference"
"Ambiguous Interface","https://github.com/1910-oct21-dotnet/p2-familiar"
"Ambiguous Interface","https://github.com/191118javaExt/project-1-smalagadev"
"Ambiguous Interface","https://github.com/1935868896/product-mange"
"Ambiguous Interface","https://github.com/1935868896/zc-exam"
"Ambiguous Interface","https://github.com/1935868896/zcadmin"
"Ambiguous Interface","https://github.com/195286381/vue-spring-admin-manage-system"
"Ambiguous Interface","https://github.com/1962247851/hello-mircoservice"
"Ambiguous Interface","https://github.com/19908362264/pro"
"Ambiguous Interface","https://github.com/1996Shubh/AspNet"
"Ambiguous Interface","https://github.com/1Aurel1/rest-blog---Spring"
"Ambiguous Interface","https://github.com/1ansam/EnglishStudyApplication"
"Ambiguous Interface","https://github.com/1feanyi/MachineLearningApps"
"Ambiguous Interface","https://github.com/1iveowl/SSDP.UPnP.PCL"
"Ambiguous Interface","https://github.com/1stAlOmda/myDemo-file"
"Ambiguous Interface","https://github.com/200106-UTA-PRS-NET/P0-Jameson-Dy"
"Ambiguous Interface","https://github.com/200106-UTA-PRS-NET/P0-Kyle-Trost"
"Ambiguous Interface","https://github.com/200106-UTA-PRS-NET/P1-Jacob-Fisher"
"Ambiguous Interface","https://github.com/200106-UTA-PRS-NET/P1-John-Filak"
"Ambiguous Interface","https://github.com/200106-UTA-PRS-NET/P1-Kyle-Trost"
"Ambiguous Interface","https://github.com/2002-feb24-net/keshna-project1"
"Ambiguous Interface","https://github.com/2002-feb24-net/russell-project1"
"Ambiguous Interface","https://github.com/2006-jun15-net/jack-p0"
"Ambiguous Interface","https://github.com/2006-jun15-net/jordan-project-1"
"Ambiguous Interface","https://github.com/200713-dotnet/project-challenge-p1-droptophop"
"Ambiguous Interface","https://github.com/201807066/IPC2"
"Ambiguous Interface","https://github.com/201807066/IPC_2"
"Ambiguous Interface","https://github.com/2021-ict-hanium/ezfarm-back"
"Ambiguous Interface","https://github.com/2021-innovation-hackathon/KimSsiPyoRyuKi"
"Ambiguous Interface","https://github.com/206039/FileEditorApp"
"Ambiguous Interface","https://github.com/210628-UTA-NET/Strong-Pi.html-P2"
"Ambiguous Interface","https://github.com/210628-UTA-NET/TutorConnect"
"Ambiguous Interface","https://github.com/210712-Richard/2107-Reactive"
"Ambiguous Interface","https://github.com/210712jwa/Aromatic-Mountain-Technologies-amt-mvc"
"Ambiguous Interface","https://github.com/210726-Enterprise/JDBC_p2"
"Ambiguous Interface","https://github.com/210726-wvu-net-ext/nick-project2"
"Ambiguous Interface","https://github.com/211nikola/hackathon_2"
"Ambiguous Interface","https://github.com/2212021/Android-Stopwatch"
"Ambiguous Interface","https://github.com/22557i/LeetCodeEasy"
"Ambiguous Interface","https://github.com/22hours/typress"
"Ambiguous Interface","https://github.com/235/gwt-pf"
"Ambiguous Interface","https://github.com/2359451d/lightweight-blog-backend"
"Ambiguous Interface","https://github.com/24akhil/DotNetCoreMVC3.1"
"Ambiguous Interface","https://github.com/24fisher/metron"
"Ambiguous Interface","https://github.com/270686992/fumeng-staging"
"Ambiguous Interface","https://github.com/270901801/learnRoot"
"Ambiguous Interface","https://github.com/275779273/zrzk"
"Ambiguous Interface","https://github.com/2805651606/gmall2020"
"Ambiguous Interface","https://github.com/280780363/guc"
"Ambiguous Interface","https://github.com/2834895397-lu/erpapp"
"Ambiguous Interface","https://github.com/285551339/nebulaol-parent"
"Ambiguous Interface","https://github.com/287396159/A"
"Ambiguous Interface","https://github.com/2dust/v2rayN"
"Ambiguous Interface","https://github.com/2gis/Winium.StoreApps"
"Ambiguous Interface","https://github.com/2gis/windows-universal-app-driver"
"Ambiguous Interface","https://github.com/2jigoo/daangnmungcat"
"Ambiguous Interface","https://github.com/2miri/megait-java"
"Ambiguous Interface","https://github.com/2quokka/demo-payment-rest-api"
"Ambiguous Interface","https://github.com/2sic/2sxc"
"Ambiguous Interface","https://github.com/309893147/education_resources_service"
"Ambiguous Interface","https://github.com/310695702/webforum"
"Ambiguous Interface","https://github.com/310Lucas013/climbingRest"
"Ambiguous Interface","https://github.com/312888601/_540final"
"Ambiguous Interface","https://github.com/314R-Salles/multiWork"
"Ambiguous Interface","https://github.com/3158907221/springboot-manager"
"Ambiguous Interface","https://github.com/3222696700/xcedu"
"Ambiguous Interface","https://github.com/32kda/maploader"
"Ambiguous Interface","https://github.com/330093922/springboot-mybatis"
"Ambiguous Interface","https://github.com/335747949/training_system"
"Ambiguous Interface","https://github.com/33Infinity/SwissPairings"
"Ambiguous Interface","https://github.com/346058210/huate"
"Ambiguous Interface","https://github.com/389431880/icloud"
"Ambiguous Interface","https://github.com/3A43Mka/oop"
"Ambiguous Interface","https://github.com/3RSH/MyFirstSpringApp"
"Ambiguous Interface","https://github.com/3dotsDev/Hex_Example_CQRS"
"Ambiguous Interface","https://github.com/3sanjeet/EPIServerDemo"
"Ambiguous Interface","https://github.com/404name/QMX-Summer-Institute"
"Ambiguous Interface","https://github.com/409582940/Wiki"
"Ambiguous Interface","https://github.com/41412179/daxuepai"
"Ambiguous Interface","https://github.com/414507259/face"
"Ambiguous Interface","https://github.com/43863198/aizhixin_student_dynamics"
"Ambiguous Interface","https://github.com/438972218/bladx-boot"
"Ambiguous Interface","https://github.com/438972218/interaction-engine"
"Ambiguous Interface","https://github.com/43907800/zfile"
"Ambiguous Interface","https://github.com/457049726/openjad"
"Ambiguous Interface","https://github.com/457376245/guli_edu"
"Ambiguous Interface","https://github.com/4egod/Bots"
"Ambiguous Interface","https://github.com/502627670/needle-store"
"Ambiguous Interface","https://github.com/519421214/hhczy"
"Ambiguous Interface","https://github.com/520Li/gun"
"Ambiguous Interface","https://github.com/522803365/HangfireJob"
"Ambiguous Interface","https://github.com/52North/arcgis-pro-wps-client"
"Ambiguous Interface","https://github.com/553474628/Arithmetic"
"Ambiguous Interface","https://github.com/572031690/fwwbBehind"
"Ambiguous Interface","https://github.com/5802cvi/monitor"
"Ambiguous Interface","https://github.com/5FE3PM/SQLite"
"Ambiguous Interface","https://github.com/5l1v3r1/LazenLang"
"Ambiguous Interface","https://github.com/623nana/clean-code-with-java"
"Ambiguous Interface","https://github.com/631700492/springboot_vue"
"Ambiguous Interface","https://github.com/641006548/THEPractice"
"Ambiguous Interface","https://github.com/648131867/648131867"
"Ambiguous Interface","https://github.com/657704095/ruoyi_frame"
"Ambiguous Interface","https://github.com/695213119-code/train_java"
"Ambiguous Interface","https://github.com/6bee/Remote.Linq"
"Ambiguous Interface","https://github.com/6d6a/hms-personmgr"
"Ambiguous Interface","https://github.com/6xiaodian6/changgou_parent"
"Ambiguous Interface","https://github.com/753kg/KOSTA"
"Ambiguous Interface","https://github.com/760541509/EasyToCloud"
"Ambiguous Interface","https://github.com/77ilogin/training"
"Ambiguous Interface","https://github.com/784682065/dingyi"
"Ambiguous Interface","https://github.com/7OH/test"
"Ambiguous Interface","https://github.com/7thspartan07/LaZed"
"Ambiguous Interface","https://github.com/7zism3/QuanLy-ChungCu-backend-gradle"
"Ambiguous Interface","https://github.com/815-IOT-Platform/iot-cloud-backend"
"Ambiguous Interface","https://github.com/82253452/comff42"
"Ambiguous Interface","https://github.com/861407735/com.sh.model"
"Ambiguous Interface","https://github.com/893998436/changgou1"
"Ambiguous Interface","https://github.com/89trillion-hehuan/fourth_test"
"Ambiguous Interface","https://github.com/89trillion-hehuan/third_test"
"Ambiguous Interface","https://github.com/89trillion-songzhiheng/Ranks"
"Ambiguous Interface","https://github.com/8Seph/Shop-Spring"
"Ambiguous Interface","https://github.com/8grams/dotnet-clean-architecture"
"Ambiguous Interface","https://github.com/8lack5nake/AoC"
"Ambiguous Interface","https://github.com/906522290/tetHttps"
"Ambiguous Interface","https://github.com/91031464/MobileDevelopment-IT6035"
"Ambiguous Interface","https://github.com/943130926/admin-plus"
"Ambiguous Interface","https://github.com/97amigo/NeuroProject"
"Ambiguous Interface","https://github.com/997158987/springboots"
"Ambiguous Interface","https://github.com/9xxdpxx6/Project_4"
"Ambiguous Interface","https://github.com/A-Kle/GameMS"
"Ambiguous Interface","https://github.com/A0720I1-Org/A0720I1-Repository-BE"
"Ambiguous Interface","https://github.com/A0720I1-Org/A0720I1-Repository-Cinema-BE"
"Ambiguous Interface","https://github.com/A18107796/backend-appperu21-rest"
"Ambiguous Interface","https://github.com/A1exG/AccountingPC"
"Ambiguous Interface","https://github.com/A2010I1-DoVietDangKhoa/A2010-DoVietDangKhoa"
"Ambiguous Interface","https://github.com/A7250AG/Karvis"
"Ambiguous Interface","https://github.com/AABrizuela/Laboratorio_II"
"Ambiguous Interface","https://github.com/AAJAAJ/eclipse-workspace"
"Ambiguous Interface","https://github.com/ABTSoftware/SciChart.Wpf.Examples"
"Ambiguous Interface","https://github.com/ACACIANh/mybatisClass"
"Ambiguous Interface","https://github.com/ACXap/InfoCenter"
"Ambiguous Interface","https://github.com/ADrobots/filosofiaJava"
"Ambiguous Interface","https://github.com/AEFaour/AdoNetLinqSqlServer"
"Ambiguous Interface","https://github.com/AELFSTAKING/btc.watchonly"
"Ambiguous Interface","https://github.com/AElfProject/aelf-blockchain"
"Ambiguous Interface","https://github.com/AEliu/CS61B-Spring-2020"
"Ambiguous Interface","https://github.com/AFU92/virtual-shop"
"Ambiguous Interface","https://github.com/AFelkai/BookSwap"
"Ambiguous Interface","https://github.com/AHeartMan/simple-java"
"Ambiguous Interface","https://github.com/AJacobs94/LiftoffRMAV"
"Ambiguous Interface","https://github.com/AKSW/SmartDataWebKG"
"Ambiguous Interface","https://github.com/AKaporov/2021-03-otus-spring-akaporov"
"Ambiguous Interface","https://github.com/ALabrada/Neuronic.TimeFrequency"
"Ambiguous Interface","https://github.com/ALazyGuy/EpamFinalTask-BE"
"Ambiguous Interface","https://github.com/ALowski/hotelRMS"
"Ambiguous Interface","https://github.com/AMReamer/Under-Fire"
"Ambiguous Interface","https://github.com/AONE-Y/IM_VIDEO"
"Ambiguous Interface","https://github.com/AOS-Miracle/BuildScreen"
"Ambiguous Interface","https://github.com/AP-94/the-giftcher-spring"
"Ambiguous Interface","https://github.com/AP-IT-GH/rocket-assignment-part-1-TibeauDegraeve"
"Ambiguous Interface","https://github.com/API-FATEC/API_3sem_2021-01"
"Ambiguous Interface","https://github.com/API4KBs/kmdp-standard-models-impl"
"Ambiguous Interface","https://github.com/APSIMInitiative/APSoil"
"Ambiguous Interface","https://github.com/APUGames/Diversion"
"Ambiguous Interface","https://github.com/APUGames/The-Missing-One-Game"
"Ambiguous Interface","https://github.com/ARA-Trans/iAM"
"Ambiguous Interface","https://github.com/ARA-Trans/iAM-legacy"
"Ambiguous Interface","https://github.com/ARognes/COMS-319-Project"
"Ambiguous Interface","https://github.com/ASimensis/RevatureProject2"
"Ambiguous Interface","https://github.com/ASxCRO/GooglePlaces.NET"
"Ambiguous Interface","https://github.com/AThraen/Ascend19.MarketPlaceLab"
"Ambiguous Interface","https://github.com/AVICCII/AlgorithmInLeetCode"
"Ambiguous Interface","https://github.com/Aalzate95/Paipayales-Acuicultura-ESPOL-V2.0"
"Ambiguous Interface","https://github.com/Aangbaeck/RocketLaunch"
"Ambiguous Interface","https://github.com/Aariv/Problem-Solving-Practice"
"Ambiguous Interface","https://github.com/AaronWGoh/Walkies"
"Ambiguous Interface","https://github.com/Aaronontheweb/InMemoryCQRSReplication"
"Ambiguous Interface","https://github.com/AatroxBot/Rich.Demo"
"Ambiguous Interface","https://github.com/Abc-Arbitrage/Zerio"
"Ambiguous Interface","https://github.com/AbdelHady-Ankaa/Maktoob-Monolithic-Arc"
"Ambiguous Interface","https://github.com/AbdelrahmanAlaa360/SprinBoot-HR-System"
"Ambiguous Interface","https://github.com/AbdelrahmanNawar/Facebook-Using-ASP.NET-Core"
"Ambiguous Interface","https://github.com/AbderrazakEldouqe/laGed-backend-springBoot"
"Ambiguous Interface","https://github.com/AbdulBarakeh/KPU"
"Ambiguous Interface","https://github.com/AbdurRahimRatulAliKhan/eShopModernizedNTier"
"Ambiguous Interface","https://github.com/Abealkindy/JsoupWebScrap"
"Ambiguous Interface","https://github.com/Abealkindy/PenebusanResepDokter"
"Ambiguous Interface","https://github.com/AbebeT/OnlineMiniMarket"
"Ambiguous Interface","https://github.com/AbelardoCD/controlPracticasProfesionales"
"Ambiguous Interface","https://github.com/Abhi1997-art/BCCS"
"Ambiguous Interface","https://github.com/Abhijit-MSFT/TaskManagement"
"Ambiguous Interface","https://github.com/Abingcbc/ChiSha"
"Ambiguous Interface","https://github.com/Abouelyatim/ShopsServicesProximity_Backend"
"Ambiguous Interface","https://github.com/AbrahamWang484/JavaProgrammingB23"
"Ambiguous Interface","https://github.com/Abrham-Yifter/SMS-ASP-ANGULAR"
"Ambiguous Interface","https://github.com/Abssilver/GeekBrains_C-sharp_Basics"
"Ambiguous Interface","https://github.com/AbuMandour/InteractiveApp"
"Ambiguous Interface","https://github.com/AbuMandour/MvvmWhite"
"Ambiguous Interface","https://github.com/Abuu001/messaging-system"
"Ambiguous Interface","https://github.com/Acci192/AoC2019"
"Ambiguous Interface","https://github.com/AchoBeta/dingdong-party-api"
"Ambiguous Interface","https://github.com/ActuarialIntelligence/eazyMathHackathon"
"Ambiguous Interface","https://github.com/ActuarialIntelligence/eazymath"
"Ambiguous Interface","https://github.com/AdamCaviness/AssemblyNinja"
"Ambiguous Interface","https://github.com/AdamMGardner/cellPAINT2D"
"Ambiguous Interface","https://github.com/AdamSheaffer/TheVinylWoof"
"Ambiguous Interface","https://github.com/AdaptiveConsulting/ReactiveTrader"
"Ambiguous Interface","https://github.com/Adebayo-Adesegun/TravelRecord---Xamarin"
"Ambiguous Interface","https://github.com/AdiRobertus/Module2"
"Ambiguous Interface","https://github.com/AdnanIT/eTeatar"
"Ambiguous Interface","https://github.com/Adona12/A2SV2-Competitive-Programming"
"Ambiguous Interface","https://github.com/Adowya/SupSMS"
"Ambiguous Interface","https://github.com/AdrenaLeen/PetProjects"
"Ambiguous Interface","https://github.com/AdriHaun/1819-sew-csharp-3AHIT-AdriHaun"
"Ambiguous Interface","https://github.com/AdrianH20/ReserveEat"
"Ambiguous Interface","https://github.com/AdrianIstrate8/eCommerceApp.API"
"Ambiguous Interface","https://github.com/AdrianVarelaG/Cfdi-model"
"Ambiguous Interface","https://github.com/AdrielLindnerGitHub/ERP-AcademiaZYX"
"Ambiguous Interface","https://github.com/Adrrei/URU"
"Ambiguous Interface","https://github.com/Advanced-Programming-2021/project-team-63"
"Ambiguous Interface","https://github.com/AecioDev/Doce-Control"
"Ambiguous Interface","https://github.com/Aery9527/misty"
"Ambiguous Interface","https://github.com/AfkBranta/Cosmos-1.0.0-Src"
"Ambiguous Interface","https://github.com/Afterleaving/guli01_parent"
"Ambiguous Interface","https://github.com/Aftnet/MangaScrapeLib"
"Ambiguous Interface","https://github.com/Aftnet/OTPManager"
"Ambiguous Interface","https://github.com/AgafonovTimur/Zombi-Killer-demo"
"Ambiguous Interface","https://github.com/Aghajari/AXAnimation"
"Ambiguous Interface","https://github.com/AgileTeamKS/OurProjectsAPI"
"Ambiguous Interface","https://github.com/Agileaq/FoundamentalJava"
"Ambiguous Interface","https://github.com/AgoraIO-Usecase/AgoraLive"
"Ambiguous Interface","https://github.com/Agron354/LearnElectronics"
"Ambiguous Interface","https://github.com/AgungWicaksonoPutro/rest-api-zero-waste"
"Ambiguous Interface","https://github.com/AgusBovalina/CAI_AgusMartinioni_Repository"
"Ambiguous Interface","https://github.com/AharonSamet/Hotel-Orders-Project"
"Ambiguous Interface","https://github.com/Ahmad-Aqrbawi/ecommerce-website-master"
"Ambiguous Interface","https://github.com/AhmadSbeiti/ContactTP"
"Ambiguous Interface","https://github.com/AhmadYasien/AhmadYasien"
"Ambiguous Interface","https://github.com/Ahmed17Hamdy/IttezanPos"
"Ambiguous Interface","https://github.com/AhmedEmbaby1998/Simple-E-Commerce"
"Ambiguous Interface","https://github.com/AhmedEmbaby1998/Zyaraty"
"Ambiguous Interface","https://github.com/AhmedMohamed9/Posta"
"Ambiguous Interface","https://github.com/AhmedSeddek/BulkyStore"
"Ambiguous Interface","https://github.com/AhmetErciyas/SistemERP-main"
"Ambiguous Interface","https://github.com/AhxanFarooq/BusReservationSystem"
"Ambiguous Interface","https://github.com/AhxanFarooq/CollegeManagementSys"
"Ambiguous Interface","https://github.com/Aidenat9/nfCardTest"
"Ambiguous Interface","https://github.com/AimoYang/phonecard"
"Ambiguous Interface","https://github.com/Air433/fate-cloud"
"Ambiguous Interface","https://github.com/Airistotal/Beyond-Biblical"
"Ambiguous Interface","https://github.com/AishwaryaJorve/java8-new-features"
"Ambiguous Interface","https://github.com/AiursoftWeb/Kahla"
"Ambiguous Interface","https://github.com/Ajayrajan7/parking"
"Ambiguous Interface","https://github.com/AjudeMais/ajudeMais-ws"
"Ambiguous Interface","https://github.com/AkaSiran/ct-storage-back"
"Ambiguous Interface","https://github.com/AkankshaDash26/redhat_java_codes"
"Ambiguous Interface","https://github.com/Akbarsafari00/Payeh"
"Ambiguous Interface","https://github.com/AkilanHashmicro/HRM-APP"
"Ambiguous Interface","https://github.com/Akrise/AtStudyJavaCore"
"Ambiguous Interface","https://github.com/AlFasGD/GDAPI"
"Ambiguous Interface","https://github.com/Alaa0504/whattodrink_HB"
"Ambiguous Interface","https://github.com/Alam-Ashraf/XamarinForms3Feature"
"Ambiguous Interface","https://github.com/Alan27012001/SMA"
"Ambiguous Interface","https://github.com/Albawab/Black-Jack"
"Ambiguous Interface","https://github.com/Albert-Bennett/DesignPatterns"
"Ambiguous Interface","https://github.com/Albert534/thankyou"
"Ambiguous Interface","https://github.com/AlbertGafarov/Family"
"Ambiguous Interface","https://github.com/Albertevc/poc-swing"
"Ambiguous Interface","https://github.com/AlbertoGiffard/SendMail.NET"
"Ambiguous Interface","https://github.com/AlbusaOxyuranus/o2-platform"
"Ambiguous Interface","https://github.com/Alchyr/Chen"
"Ambiguous Interface","https://github.com/Aldaviva/DadsEnergyReporter"
"Ambiguous Interface","https://github.com/Aldmi/CWS"
"Ambiguous Interface","https://github.com/AleenaAli/VehiclesManagementAppBackEnd"
"Ambiguous Interface","https://github.com/Alehandrissimus/netcrackerB"
"Ambiguous Interface","https://github.com/AleksGirardey/WarOfSquirrels"
"Ambiguous Interface","https://github.com/AleksandarPetkov/Event-Driven-Microservices"
"Ambiguous Interface","https://github.com/AleksanderTech/Influential-people-backend"
"Ambiguous Interface","https://github.com/AleksanderWolny/Testalia"
"Ambiguous Interface","https://github.com/AleksandrKravets/Discussor"
"Ambiguous Interface","https://github.com/Aleksey7151/CryptoSQLite"
"Ambiguous Interface","https://github.com/AlekseyKarpov/Unity-Project-2D"
"Ambiguous Interface","https://github.com/Alekseyya/Gantt-Schedule"
"Ambiguous Interface","https://github.com/Aleksjjj11/BadDriver"
"Ambiguous Interface","https://github.com/Alesiai/KMSLab14"
"Ambiguous Interface","https://github.com/AlessandroSilveira/SistemaConvocacao"
"Ambiguous Interface","https://github.com/AlessioDP/Parties"
"Ambiguous Interface","https://github.com/Alex-D-Green/LampWebStoreDemo"
"Ambiguous Interface","https://github.com/Alex-Funai/Discord-Bot-Automated-Link-File-Scanner"
"Ambiguous Interface","https://github.com/Alex-Hosein/CQRSPerson"
"Ambiguous Interface","https://github.com/Alex-dev-edu/DevBlog"
"Ambiguous Interface","https://github.com/AlexBurmatov/DataImporter"
"Ambiguous Interface","https://github.com/AlexCSDev/LocalTwitterTimeline"
"Ambiguous Interface","https://github.com/AlexGM117/SigmaLib"
"Ambiguous Interface","https://github.com/AlexGonzalesMeneses/SpringBackend-innovation"
"Ambiguous Interface","https://github.com/AlexRogalskiy/sqoola"
"Ambiguous Interface","https://github.com/AlexSolari/SRogueReborn"
"Ambiguous Interface","https://github.com/AlexTaranukha/ElasticSearch-POC"
"Ambiguous Interface","https://github.com/AlexVossos/TinyCRM"
"Ambiguous Interface","https://github.com/AlexaNovikova/april-market"
"Ambiguous Interface","https://github.com/Alexander-Iv/otus-java-hw"
"Ambiguous Interface","https://github.com/AlexanderDemko/BibleNote"
"Ambiguous Interface","https://github.com/AlexanderMishutkin/OnTheStove"
"Ambiguous Interface","https://github.com/AlexanderSlaght/School"
"Ambiguous Interface","https://github.com/Alexandr-star/p-median"
"Ambiguous Interface","https://github.com/AlexandrKaleganov/akaleganov_junior"
"Ambiguous Interface","https://github.com/AlexandrVisloukh/Logos-Diploma-Project"
"Ambiguous Interface","https://github.com/AlexeiScherbakov/Voting2020"
"Ambiguous Interface","https://github.com/AlexeyKryachko/leagues"
"Ambiguous Interface","https://github.com/AlexeyVoropay/ExportDataToExcelTemplateFile"
"Ambiguous Interface","https://github.com/AlexisCarreras/spotify_api"
"Ambiguous Interface","https://github.com/AlexisL2607/MyRostand-Xamarin"
"Ambiguous Interface","https://github.com/AlexsandroHonorato/Aula-Web-API-Identity"
"Ambiguous Interface","https://github.com/Alexxtheonly/SharpFightingEngine"
"Ambiguous Interface","https://github.com/Alezml/YORMUNGAND"
"Ambiguous Interface","https://github.com/Alf8198/jr2020"
"Ambiguous Interface","https://github.com/AlfredoMartinez2311/parcial-1"
"Ambiguous Interface","https://github.com/Algorithman/SoundCenSe"
"Ambiguous Interface","https://github.com/Alhigzi/E-Commerce-Website"
"Ambiguous Interface","https://github.com/AliKhalili/Microservice.Patterns"
"Ambiguous Interface","https://github.com/AliSafari-IT/ASP"
"Ambiguous Interface","https://github.com/AliYildizoz909/XPTaskBoard"
"Ambiguous Interface","https://github.com/Aliamondo/Blockdude"
"Ambiguous Interface","https://github.com/Alibion/goods"
"Ambiguous Interface","https://github.com/Alimary28/CliniqueAngularNetCore"
"Ambiguous Interface","https://github.com/Alimurrazi/real_time_chat"
"Ambiguous Interface","https://github.com/AlirezaSadeghi72/Atiran.CustomDocking"
"Ambiguous Interface","https://github.com/AlizerUncaged/HTTP-Injector"
"Ambiguous Interface","https://github.com/Alksgest/AudioPlayer"
"Ambiguous Interface","https://github.com/AllPlayer/WaveRider"
"Ambiguous Interface","https://github.com/AllenHero/Nzh.Super"
"Ambiguous Interface","https://github.com/AllenKd/algorithm_practice"
"Ambiguous Interface","https://github.com/Allenmcc/mcc-lab"
"Ambiguous Interface","https://github.com/Alleshka/Mazyaka"
"Ambiguous Interface","https://github.com/Allysonfreitas210695/Poo_java"
"Ambiguous Interface","https://github.com/Aloento/AssetReader4J"
"Ambiguous Interface","https://github.com/Alothar/XamarinExchangeApp"
"Ambiguous Interface","https://github.com/Alpacron/Motivate"
"Ambiguous Interface","https://github.com/AlphaWolf464/OW_Heroes_Demo"
"Ambiguous Interface","https://github.com/Alphaquest2005/MNIB-Product-Labels"
"Ambiguous Interface","https://github.com/Alphaquest2005/QikTic"
"Ambiguous Interface","https://github.com/AlteredCarrot71/openBVE_remake"
"Ambiguous Interface","https://github.com/Altinn/ec-client-dotnet"
"Ambiguous Interface","https://github.com/Alusovvy/RPGCharacterSheetGeneratorSolution"
"Ambiguous Interface","https://github.com/AlvaroMorales14/ProyectoXamarin"
"Ambiguous Interface","https://github.com/AmSmart/EventRegisterDesktop"
"Ambiguous Interface","https://github.com/AmanPareekAp/online-shopping-app"
"Ambiguous Interface","https://github.com/Amanrohila/sample"
"Ambiguous Interface","https://github.com/Amaratsu/COOServer"
"Ambiguous Interface","https://github.com/Amberking196/smsNew"
"Ambiguous Interface","https://github.com/AmihayHassan/dotNet-WPF-project"
"Ambiguous Interface","https://github.com/AminLakhani/AffirmCodingChallenge"
"Ambiguous Interface","https://github.com/AminPlusPlus/cs-544"
"Ambiguous Interface","https://github.com/Amine-Smahi/Xamarin.Components-Architecture"
"Ambiguous Interface","https://github.com/Amine-st/vaadinControl"
"Ambiguous Interface","https://github.com/AmirPanah/Scan-Matcher"
"Ambiguous Interface","https://github.com/AmirPanah/University-course-selection-panel"
"Ambiguous Interface","https://github.com/Amirkhan5949/MoviesHub"
"Ambiguous Interface","https://github.com/Amit1908/Techment-Training"
"Ambiguous Interface","https://github.com/AmitavaSinha/Jenkins2AzureDevOps"
"Ambiguous Interface","https://github.com/Ammkwang2541/951323_163Midterm602110045"
"Ambiguous Interface","https://github.com/Ammkwang2541/951323_163Midterm_602110045"
"Ambiguous Interface","https://github.com/Amrykid/Neptunium"
"Ambiguous Interface","https://github.com/AmyTian97/cs61B-sp18"
"Ambiguous Interface","https://github.com/AnaCarlaG/Tentativa_DDD"
"Ambiguous Interface","https://github.com/Anapplewj/Learn_java"
"Ambiguous Interface","https://github.com/AnastasiaDro/AnasDroWeather2"
"Ambiguous Interface","https://github.com/AnastasiyaUtyakaeva/1_curs"
"Ambiguous Interface","https://github.com/Anasuya-Smith/restEasyFoodOrder"
"Ambiguous Interface","https://github.com/And42/SaveToGame"
"Ambiguous Interface","https://github.com/And7ew/Atari"
"Ambiguous Interface","https://github.com/AndMu/Wikiled.IB.Market.Api"
"Ambiguous Interface","https://github.com/AndMu/Wikiled.Redis"
"Ambiguous Interface","https://github.com/AndcultureCode/AndcultureCode.CSharp.Core"
"Ambiguous Interface","https://github.com/AndrVelich/TouristCenter"
"Ambiguous Interface","https://github.com/AndrasGyongyosi/Chordie"
"Ambiguous Interface","https://github.com/AndreCarlos/CSHARP_SANDBOX"
"Ambiguous Interface","https://github.com/AndreKunitz/food-api"
"Ambiguous Interface","https://github.com/AndreasRoither/Wetr"
"Ambiguous Interface","https://github.com/AndreasSimonsson/Reaktivities"
"Ambiguous Interface","https://github.com/AndreeaNCoroian/CoursesApp"
"Ambiguous Interface","https://github.com/Andrei15193/FluxBase"
"Ambiguous Interface","https://github.com/Andrei20544/WS2"
"Ambiguous Interface","https://github.com/AndreiBacs/Proiecte"
"Ambiguous Interface","https://github.com/AndreiCondurache98/TS.NET"
"Ambiguous Interface","https://github.com/AndreiMarianPatru/Banking-app"
"Ambiguous Interface","https://github.com/AndreiMisiukevich/CardView"
"Ambiguous Interface","https://github.com/AndreiMisiukevich/HotReload"
"Ambiguous Interface","https://github.com/AndresPaniagua/VigaMasResistente"
"Ambiguous Interface","https://github.com/Andreszd/proyecto-Final"
"Ambiguous Interface","https://github.com/Andrew-Biggins/GapTrader"
"Ambiguous Interface","https://github.com/Andrew-coder/RegistryManagementV3"
"Ambiguous Interface","https://github.com/AndrewB2018/UserManager"
"Ambiguous Interface","https://github.com/AndrewDidukh/EPAM-Lab"
"Ambiguous Interface","https://github.com/AndrewGerdel/GruntbackAuto"
"Ambiguous Interface","https://github.com/AndrewK33/web_market_spring_app"
"Ambiguous Interface","https://github.com/AndrewLane/words-with-brutes"
"Ambiguous Interface","https://github.com/AndrewTheCoder13/ThesisProjectSkillBox"
"Ambiguous Interface","https://github.com/Andrey4epickek/senlacourse"
"Ambiguous Interface","https://github.com/AndreySavelev2705/at-study-java-core-hw"
"Ambiguous Interface","https://github.com/AndreySlesarchuk/GoF"
"Ambiguous Interface","https://github.com/AndriyBosik/conferences-java-spring"
"Ambiguous Interface","https://github.com/AndriyLevchenko/JavaEE-Shop"
"Ambiguous Interface","https://github.com/AndryHalcons/NAM"
"Ambiguous Interface","https://github.com/AndrzejSkwierawski/VRNinja"
"Ambiguous Interface","https://github.com/Andy0926/BubbleDummy"
"Ambiguous Interface","https://github.com/Andy1310/smartcar"
"Ambiguous Interface","https://github.com/Andy1994/HomeWorkofPrincipleofMicrocomputerManager"
"Ambiguous Interface","https://github.com/AndyCW/Azure-Custom-Translator-CLI"
"Ambiguous Interface","https://github.com/AndyCW/MovesenseDotNet"
"Ambiguous Interface","https://github.com/AndyCosStav/SweenaChat.Xamarin.MobileApp"
"Ambiguous Interface","https://github.com/AndyDuFu/Medicine"
"Ambiguous Interface","https://github.com/AndyLee2018/BabyLaugh"
"Ambiguous Interface","https://github.com/Andywh/flash_sale"
"Ambiguous Interface","https://github.com/AneeshLeen/InventoryRepo"
"Ambiguous Interface","https://github.com/AnesaCisic/MostarGuide-RS2"
"Ambiguous Interface","https://github.com/AngYony/ay-net-notes"
"Ambiguous Interface","https://github.com/Angel-ML/angel"
"Ambiguous Interface","https://github.com/AngelDCruz/WebApiFundamentosNetCore5"
"Ambiguous Interface","https://github.com/AngelHeroSong/alg"
"Ambiguous Interface","https://github.com/AngelaAcosta31/Empresariales-Backend"
"Ambiguous Interface","https://github.com/AngelaAcosta31/viajesusb-back"
"Ambiguous Interface","https://github.com/Angelica-R/Trabajo-Encargado-01-Frameworks-de-pruebas"
"Ambiguous Interface","https://github.com/Angelik3020/ProyectoSalonesSegundoSprint"
"Ambiguous Interface","https://github.com/Anggito28/Workshop_Mobile_Project"
"Ambiguous Interface","https://github.com/AngryCarrot789/PSWRDMGR"
"Ambiguous Interface","https://github.com/AngryCarrot789/sharppad"
"Ambiguous Interface","https://github.com/AngryKat/CSharpLab05"
"Ambiguous Interface","https://github.com/Aniket762/Hack-Gujarat-"
"Ambiguous Interface","https://github.com/Aniketconnekt/FlyingCRM"
"Ambiguous Interface","https://github.com/AnilYlmaz/TelephoneDirectory_Rise"
"Ambiguous Interface","https://github.com/Animesh-Verma/mypractice"
"Ambiguous Interface","https://github.com/Animus-Mortis/GladiatorsTask"
"Ambiguous Interface","https://github.com/AnindyaSharma/NewEcommerceApp"
"Ambiguous Interface","https://github.com/Anita809/MyJavaTrainingAssignments"
"Ambiguous Interface","https://github.com/AnitaDa/AutoSkolaDesktopMob"
"Ambiguous Interface","https://github.com/Anjalikumbhar5/Anjali_class_work"
"Ambiguous Interface","https://github.com/Ankita2799-coder/NewQuizApplicationSpring"
"Ambiguous Interface","https://github.com/Ankita2799-coder/QApplicationSpring"
"Ambiguous Interface","https://github.com/Ankita2799-coder/WebsiteSpring"
"Ambiguous Interface","https://github.com/Ankitprsd/regular-class"
"Ambiguous Interface","https://github.com/Ankur800/Getting-Project-Ready"
"Ambiguous Interface","https://github.com/AnnBezv1997/Scooter-store"
"Ambiguous Interface","https://github.com/AnnWitt/Java_Zaawansowana"
"Ambiguous Interface","https://github.com/AnnWitt/Repo2021_arch"
"Ambiguous Interface","https://github.com/AnnWitt/Zbiorczy"
"Ambiguous Interface","https://github.com/AnnaTutaj/Hereglish"
"Ambiguous Interface","https://github.com/AnnaZavgorodnia/LearningJava"
"Ambiguous Interface","https://github.com/AnnelAnnel/WPFExam_Books_Search"
"Ambiguous Interface","https://github.com/AnonomaticInc/PIIVaultDemoApp"
"Ambiguous Interface","https://github.com/Anonymous747/CollectionAndroid"
"Ambiguous Interface","https://github.com/AnonymusRaccoon/Kyoo"
"Ambiguous Interface","https://github.com/Anpl-sc/Labs"
"Ambiguous Interface","https://github.com/Ansh8382/ij025Team3ClaimsManagement"
"Ambiguous Interface","https://github.com/AntSharK/MyFirstGame"
"Ambiguous Interface","https://github.com/AnteVuletic/student-mentor-collaborator"
"Ambiguous Interface","https://github.com/Anthony-Quito/Ejercicio03"
"Ambiguous Interface","https://github.com/AnthonyMoscoso/ProyectApiRest"
"Ambiguous Interface","https://github.com/AnthonyTesche/LAUNCHRCsharp"
"Ambiguous Interface","https://github.com/AnthonyZero/awesome-netty"
"Ambiguous Interface","https://github.com/Anthonymary024/trainingRepo1"
"Ambiguous Interface","https://github.com/AntoineRenoux/DefenseByNight"
"Ambiguous Interface","https://github.com/AntonAntonich/Guitar-School"
"Ambiguous Interface","https://github.com/AntonEvseev74/LearningJava2ndEdition_OReilly"
"Ambiguous Interface","https://github.com/AntonParakhnevich/first-task-server"
"Ambiguous Interface","https://github.com/AntonSergeichyk/rwm"
"Ambiguous Interface","https://github.com/AntonSplavnik/How-to-make-a-videogame"
"Ambiguous Interface","https://github.com/AntonioBaciu/JAVA-learning-progress"
"Ambiguous Interface","https://github.com/AntonioPz/ContactsApp"
"Ambiguous Interface","https://github.com/AntoniusFortis/timetracker"
"Ambiguous Interface","https://github.com/AntonyCorbett/OnlyV"
"Ambiguous Interface","https://github.com/Antosha200/Forest-Store-Web"
"Ambiguous Interface","https://github.com/Anujsharma05/java_ds"
"Ambiguous Interface","https://github.com/AnyStatus/API"
"Ambiguous Interface","https://github.com/AoTTG-2/AoTTG-2-API"
"Ambiguous Interface","https://github.com/Aplys-Knowledge/TH_Project01"
"Ambiguous Interface","https://github.com/Apocryphoon/atividades-frei"
"Ambiguous Interface","https://github.com/ApoorvMehrotra0706/CurrencyRemittance"
"Ambiguous Interface","https://github.com/AppLinkers/Holdem"
"Ambiguous Interface","https://github.com/AppLinkers/HoldemTrade"
"Ambiguous Interface","https://github.com/AppMetrics/AppMetrics"
"Ambiguous Interface","https://github.com/AppSphere/AEON.SAP.Lab"
"Ambiguous Interface","https://github.com/AppsLab2019/GamesHub"
"Ambiguous Interface","https://github.com/Apress/beginning-hibernate-6"
"Ambiguous Interface","https://github.com/Apress/practical-vaadin"
"Ambiguous Interface","https://github.com/Apress/visual-studio-extensibility-development"
"Ambiguous Interface","https://github.com/April412A/edu_online"
"Ambiguous Interface","https://github.com/Apskaita5/A5App"
"Ambiguous Interface","https://github.com/Aqoolare/AlgorithmicsApp"
"Ambiguous Interface","https://github.com/AquaticInformatics/aquarius-sdk-net"
"Ambiguous Interface","https://github.com/Araf020/investment_assistant"
"Ambiguous Interface","https://github.com/Aragas/MineLib"
"Ambiguous Interface","https://github.com/AraragiHoozuki/Eyttymkkn"
"Ambiguous Interface","https://github.com/Arasefe/Summer2020_B20"
"Ambiguous Interface","https://github.com/Arbiterchil/ProposalEvent"
"Ambiguous Interface","https://github.com/ArcaXbcXde/PA_Trabalho2"
"Ambiguous Interface","https://github.com/ArcasGabriel/MobileApp"
"Ambiguous Interface","https://github.com/ArceeL/CS61B-spr18"
"Ambiguous Interface","https://github.com/Arch/UnitOfWork"
"Ambiguous Interface","https://github.com/ArcherTrister/LeXun.Demos"
"Ambiguous Interface","https://github.com/ArchieHo/w3resourcePra"
"Ambiguous Interface","https://github.com/Archundia-Cortez-Brandon-Said/Breaking-Blocks"
"Ambiguous Interface","https://github.com/Arcidev/Card-Game"
"Ambiguous Interface","https://github.com/Ardiafrizky/sushee-backend"
"Ambiguous Interface","https://github.com/Aresze/ListCollection"
"Ambiguous Interface","https://github.com/Arhio/GB-CSharp-Level3-Lesson_1"
"Ambiguous Interface","https://github.com/Arhio/GB-CSharp-Level3-Lesson_2"
"Ambiguous Interface","https://github.com/Ari100kratov/ReliabilityAssessment"
"Ambiguous Interface","https://github.com/ArinaVelyus/ProgrammingITMO"
"Ambiguous Interface","https://github.com/Arjun-93/DSA_prcatice"
"Ambiguous Interface","https://github.com/ArkadiuszKoszela/OfferCalculator"
"Ambiguous Interface","https://github.com/Arkanium77/ArkOfCode"
"Ambiguous Interface","https://github.com/Arkevorkhat/Dropship"
"Ambiguous Interface","https://github.com/Arkhist/Hacknet-Pathfinder"
"Ambiguous Interface","https://github.com/Arkimbauer/cokaido"
"Ambiguous Interface","https://github.com/ArlynC/AppXamarin"
"Ambiguous Interface","https://github.com/ArminNrz/appointment-service"
"Ambiguous Interface","https://github.com/Arnsdorf/MikkelOgSigurd"
"Ambiguous Interface","https://github.com/Arragro/Arragro"
"Ambiguous Interface","https://github.com/Arseniyman/EmpAge"
"Ambiguous Interface","https://github.com/ArtamonovAlexander/ARTAMONOV_JAVA"
"Ambiguous Interface","https://github.com/ArtemDerid/homework_JA"
"Ambiguous Interface","https://github.com/ArtemKhrolenko/AirportProject"
"Ambiguous Interface","https://github.com/ArtemKiyashko/AmSpaceTools"
"Ambiguous Interface","https://github.com/ArtemMakovskyy/JavaFromChildren"
"Ambiguous Interface","https://github.com/ArtemNaboka/EShopFinal"
"Ambiguous Interface","https://github.com/ArtemS00/SOLOVEV_ARTEM_11-808"
"Ambiguous Interface","https://github.com/ArtemZaikovsky/Back"
"Ambiguous Interface","https://github.com/ArtemySkiba/NeuralNetworks"
"Ambiguous Interface","https://github.com/Artentus/ModMyFactory"
"Ambiguous Interface","https://github.com/Artezio/ART-TIME"
"Ambiguous Interface","https://github.com/ArthiDa/JavaWithOOP"
"Ambiguous Interface","https://github.com/ArthurFig1998/CIT365"
"Ambiguous Interface","https://github.com/ArthurLiu98/QQMusic"
"Ambiguous Interface","https://github.com/ArtificialBadger/TheQuagmire"
"Ambiguous Interface","https://github.com/Artur-Kim/Java-Core"
"Ambiguous Interface","https://github.com/ArturVasyliev/AlloyAdvancedTraining"
"Ambiguous Interface","https://github.com/ArturoEsp/Graficas"
"Ambiguous Interface","https://github.com/ArtyomRusak/blog"
"Ambiguous Interface","https://github.com/Aruzhan6/ORC"
"Ambiguous Interface","https://github.com/Aruzhan6/ORC_2021"
"Ambiguous Interface","https://github.com/AsaFanDe/java_demo"
"Ambiguous Interface","https://github.com/Asesjix/Zammad.Client"
"Ambiguous Interface","https://github.com/Ash-zd/seckill-demo"
"Ambiguous Interface","https://github.com/AshaneAlvis/PCWebApp"
"Ambiguous Interface","https://github.com/Ashein199/ECommerce-Project"
"Ambiguous Interface","https://github.com/Ashik80/ReactivitiesFromScratch"
"Ambiguous Interface","https://github.com/AshleySunsine/job4j_grabber"
"Ambiguous Interface","https://github.com/AshwinDavidJr/FreshersBatch-Oct16-"
"Ambiguous Interface","https://github.com/AsijaR/RecipesWebApp"
"Ambiguous Interface","https://github.com/AsillymonkeyQvQ/thinking-in-java"
"Ambiguous Interface","https://github.com/AspNetCoreFromZeroToOverkill/GroupManagement"
"Ambiguous Interface","https://github.com/AsteriskAzurain/SunshineAirline_NEW"
"Ambiguous Interface","https://github.com/AstinCHOI/headFirstCSharp"
"Ambiguous Interface","https://github.com/AstridMagang/SampleAPI"
"Ambiguous Interface","https://github.com/AstrydRomero/NortWind"
"Ambiguous Interface","https://github.com/AsynkronIT/protoactor-dotnet"
"Ambiguous Interface","https://github.com/Athen1an/JavaRushTasks"
"Ambiguous Interface","https://github.com/AthleticCorgi/CS61b"
"Ambiguous Interface","https://github.com/Atlas-LiftTech/MQTTnet.AspNetCore.AttributeRouting"
"Ambiguous Interface","https://github.com/Atmtech/Developpement"
"Ambiguous Interface","https://github.com/Atul-2001/Techlog"
"Ambiguous Interface","https://github.com/Atulin/Ogma"
"Ambiguous Interface","https://github.com/Atvaark/DarkSoulsII.DebugView"
"Ambiguous Interface","https://github.com/AuTko/book_shop"
"Ambiguous Interface","https://github.com/Augurk/Augurk.CommandLine"
"Ambiguous Interface","https://github.com/AugustDuelund/CA2-Startcode"
"Ambiguous Interface","https://github.com/Auntie233/quasar-sika-design"
"Ambiguous Interface","https://github.com/AurelVU/AppForDoctors"
"Ambiguous Interface","https://github.com/Aurora-Yu-code/Student-Score-Manager"
"Ambiguous Interface","https://github.com/Austech/Redstone-Federal-Credit-Union-API"
"Ambiguous Interface","https://github.com/AustinMaZW/AD_Kampung_Unite_Android"
"Ambiguous Interface","https://github.com/Autilis/ENI-Xamarin"
"Ambiguous Interface","https://github.com/Autodesk-Forge/forge-bim360.project.setup.tool"
"Ambiguous Interface","https://github.com/AutomatedArchitecture/SirenOfShame"
"Ambiguous Interface","https://github.com/AvaloniaUI/Avalonia"
"Ambiguous Interface","https://github.com/AvantiPoint/AP.AzureADAuth"
"Ambiguous Interface","https://github.com/Avarie/HomeManager"
"Ambiguous Interface","https://github.com/AvatarCat/AceWizardDemo"
"Ambiguous Interface","https://github.com/Aviuz/JsonFlier"
"Ambiguous Interface","https://github.com/AvivSoftware/RackKey-winform"
"Ambiguous Interface","https://github.com/Avsco/hackathon-springboot"
"Ambiguous Interface","https://github.com/Avsphere/learningCSharp"
"Ambiguous Interface","https://github.com/AwesomeyouthZhang/CS61b-sp19"
"Ambiguous Interface","https://github.com/AxelCCp/Repaso-FullStackJava"
"Ambiguous Interface","https://github.com/Axway/iron"
"Ambiguous Interface","https://github.com/AyeshaMunawar-profile/SAINT--Smart-Classroom-Using-Ambient-Intelligence-"
"Ambiguous Interface","https://github.com/Ayetony/carbiz"
"Ambiguous Interface","https://github.com/AymanKanaaneh/CSharp-Project"
"Ambiguous Interface","https://github.com/Ayoitswiz/Pokemon_Recreation_With_Map_Editor"
"Ambiguous Interface","https://github.com/AyushiUrkude22/MKPITS_Ayushi_Urkude_Java_Nov_2020"
"Ambiguous Interface","https://github.com/Azagwen/ATBYW"
"Ambiguous Interface","https://github.com/Azure-App-Service/KuduLite"
"Ambiguous Interface","https://github.com/Azure-Samples/active-directory-xamarin-native-v2"
"Ambiguous Interface","https://github.com/Azure-Samples/cognitive-services-dotnet-sdk-samples"
"Ambiguous Interface","https://github.com/Azure-Samples/gaming-in-editor-telemetry"
"Ambiguous Interface","https://github.com/Azure/AzureQuickStartsProjects"
"Ambiguous Interface","https://github.com/Azure/autorest.common"
"Ambiguous Interface","https://github.com/Azure/azure-functions-host"
"Ambiguous Interface","https://github.com/Azure/azure-webjobs-sdk-extensions"
"Ambiguous Interface","https://github.com/Azure/dedicated-hosts-manager"
"Ambiguous Interface","https://github.com/Azure/durabletask"
"Ambiguous Interface","https://github.com/Azure/iotedge"
"Ambiguous Interface","https://github.com/Azure99/OpenJudger"
"Ambiguous Interface","https://github.com/AzureAD/azure-activedirectory-library-for-dotnet"
"Ambiguous Interface","https://github.com/B13C/springcloud-skeleton"
"Ambiguous Interface","https://github.com/B1NaR1E/RestaurantApi"
"Ambiguous Interface","https://github.com/B3tterTogeth3r/Walhalla-android"
"Ambiguous Interface","https://github.com/BACS4IKO/StatixAPI"
"Ambiguous Interface","https://github.com/BAttila00/XamarinGOT"
"Ambiguous Interface","https://github.com/BBarisKilic/HRMS-Backend"
"Ambiguous Interface","https://github.com/BCSDLab/KOIN_ANDROID"
"Ambiguous Interface","https://github.com/BCSDLab/KOIN_API"
"Ambiguous Interface","https://github.com/BG4WCE/SimpleDrive"
"Ambiguous Interface","https://github.com/BGI-flexlab/automation"
"Ambiguous Interface","https://github.com/BGSoftwareLLC/StopWatchMVVM"
"Ambiguous Interface","https://github.com/BGTecu/Ambasade-XAMARIN"
"Ambiguous Interface","https://github.com/BHoM/XML_Toolkit"
"Ambiguous Interface","https://github.com/BI7PRK/WeixinSDKNet"
"Ambiguous Interface","https://github.com/BIT-TR1-MO-1530-Heart-Stone/Heart-Stone"
"Ambiguous Interface","https://github.com/BKAUTO/Virtual-Prototyping-of-Industrial-Robot"
"Ambiguous Interface","https://github.com/BLun78/DnsProxy"
"Ambiguous Interface","https://github.com/BME-MIT-IET/Logcat2020-iet-2020"
"Ambiguous Interface","https://github.com/BMP-corp/CTRL_LAKE_WCF"
"Ambiguous Interface","https://github.com/BOECHANGHORN/TenantFX"
"Ambiguous Interface","https://github.com/BSiLabs/HttpTracer"
"Ambiguous Interface","https://github.com/BSiLabs/RateTheMeet"
"Ambiguous Interface","https://github.com/BStrickland01/EmailService"
"Ambiguous Interface","https://github.com/BTL-2021-2022/Tai-Lieu-Tham-Khao"
"Ambiguous Interface","https://github.com/BUBAIMITRA2018/Eistimation"
"Ambiguous Interface","https://github.com/Baayri/HrmsProject"
"Ambiguous Interface","https://github.com/Babaiqa/jmstackoverflow"
"Ambiguous Interface","https://github.com/Babak94/Oversword"
"Ambiguous Interface","https://github.com/BabeLincoln1809/PdDevelopment"
"Ambiguous Interface","https://github.com/Bacale-Kevin/UtilityManagerWebAPI"
"Ambiguous Interface","https://github.com/BaciFlorin/DoFest-SummerPracticeCentric"
"Ambiguous Interface","https://github.com/BackSantana/Meli-play"
"Ambiguous Interface","https://github.com/Backend-Developer-School-Tree/Corso-Java-backend-2021-01"
"Ambiguous Interface","https://github.com/Baconchicken42/Rocket-guy"
"Ambiguous Interface","https://github.com/BaezCrdrmUV/UVFY_Servidor"
"Ambiguous Interface","https://github.com/Bahaj-abderrazak/Bahaj-abderrazak-MonProjetCiateText"
"Ambiguous Interface","https://github.com/BaiSheFu/StudyWebRep"
"Ambiguous Interface","https://github.com/Bala-7/CounterStrike"
"Ambiguous Interface","https://github.com/Bala-7/Fortnite"
"Ambiguous Interface","https://github.com/BalazsArva/ES-CQRS-TicketManager"
"Ambiguous Interface","https://github.com/BaluprasathSBP/Planet-List"
"Ambiguous Interface","https://github.com/BambooZhang/springboot-study"
"Ambiguous Interface","https://github.com/BanJiSu/Lect_Lv9"
"Ambiguous Interface","https://github.com/BanisBT/2021-08-03-ParkingRestApi"
"Ambiguous Interface","https://github.com/BaoMaster/CarbonCalculate"
"Ambiguous Interface","https://github.com/BaoYen99/finalintern"
"Ambiguous Interface","https://github.com/BaptisteHurel/Java-JEE"
"Ambiguous Interface","https://github.com/BarMalkov/Boathouse-Management-System"
"Ambiguous Interface","https://github.com/BarPrimat/Garage-Management"
"Ambiguous Interface","https://github.com/Barbaroza/java-alchemy"
"Ambiguous Interface","https://github.com/BardinPetr/bluzelle-csharp"
"Ambiguous Interface","https://github.com/Bargsteen/SDU-Tracker-Windows"
"Ambiguous Interface","https://github.com/Barhidous/CulturedStart"
"Ambiguous Interface","https://github.com/Barina/CloneDetector"
"Ambiguous Interface","https://github.com/Barlow1/Bingham-Railroad"
"Ambiguous Interface","https://github.com/Bart-v-M/SpelBeterApp"
"Ambiguous Interface","https://github.com/BartOomsschool/WebpollsBackend"
"Ambiguous Interface","https://github.com/BartoszKopec/wsb-sr-bank"
"Ambiguous Interface","https://github.com/BasHamer/PossumLabs.Specflow.Core"
"Ambiguous Interface","https://github.com/BaseballCardTracker/bbct-desktop"
"Ambiguous Interface","https://github.com/Baseflow/Chameleon"
"Ambiguous Interface","https://github.com/Basicconstruction/calculate1_8"
"Ambiguous Interface","https://github.com/Bassman2/Rail"
"Ambiguous Interface","https://github.com/Bassman2/SoundDevices"
"Ambiguous Interface","https://github.com/Bastians-Bits/TrayTool"
"Ambiguous Interface","https://github.com/Batanai/reactnet"
"Ambiguous Interface","https://github.com/BatelBB/OOP3_Dungeons_and_Dragons"
"Ambiguous Interface","https://github.com/Battler45/ImagesRestApi"
"Ambiguous Interface","https://github.com/Batudmrc/XamarinApp-TiklaGelsinClone"
"Ambiguous Interface","https://github.com/Batur123/Manufacturing-Execution-System-Intern"
"Ambiguous Interface","https://github.com/Bazzoh/glogger"
"Ambiguous Interface","https://github.com/Bazzu85/MKVmergeBatcher"
"Ambiguous Interface","https://github.com/Be-bo/VisualGaitLab"
"Ambiguous Interface","https://github.com/BeBaxxter/CopperFox"
"Ambiguous Interface","https://github.com/BeaconCGQ/onclineCGQ"
"Ambiguous Interface","https://github.com/BeckShe/MyProject-Sophomore"
"Ambiguous Interface","https://github.com/BedirhanArgn/E-Ticaret"
"Ambiguous Interface","https://github.com/BeePerNet/UMFDExtractor"
"Ambiguous Interface","https://github.com/Beeelzebub/CarAuction"
"Ambiguous Interface","https://github.com/Beelenchu/JuegoDemo"
"Ambiguous Interface","https://github.com/Beelzenef/XSM"
"Ambiguous Interface","https://github.com/BehfarBaghovvat/Computer-Services"
"Ambiguous Interface","https://github.com/BehzadBakhti/MPD"
"Ambiguous Interface","https://github.com/Bekish20/JavaTasks"
"Ambiguous Interface","https://github.com/BelaMKD/BeautyShopWithDatabase"
"Ambiguous Interface","https://github.com/Belen012/tp6nube"
"Ambiguous Interface","https://github.com/BelgacemGhrab/projetSpring"
"Ambiguous Interface","https://github.com/Believeint/BrEventsMobile"
"Ambiguous Interface","https://github.com/BellSharions/ASP.NET-ITechArt"
"Ambiguous Interface","https://github.com/BelminMahic/Kino"
"Ambiguous Interface","https://github.com/BenBarahona/SurvivalShooter"
"Ambiguous Interface","https://github.com/BenDew21/CbaS"
"Ambiguous Interface","https://github.com/BenEzard/MyWorkTracker"
"Ambiguous Interface","https://github.com/BenFenton1996/BankingApp"
"Ambiguous Interface","https://github.com/BenFradet/RiotSharp"
"Ambiguous Interface","https://github.com/Bender65535/mybatis-demo"
"Ambiguous Interface","https://github.com/Benrnz/BudgetAnalyser"
"Ambiguous Interface","https://github.com/Benshik/CollegeCourseworkHostel"
"Ambiguous Interface","https://github.com/BeratAsrin/CarbonZero-GUI-Project"
"Ambiguous Interface","https://github.com/BergAdolf/WebProgram"
"Ambiguous Interface","https://github.com/BerkCakir/MeetingReservationApp"
"Ambiguous Interface","https://github.com/Berkaybadur/BerkayBadur"
"Ambiguous Interface","https://github.com/Berkaytoslak/gittigidiyor-spring-bootcamp"
"Ambiguous Interface","https://github.com/Bert1974/BB74.Controls.Xwt"
"Ambiguous Interface","https://github.com/Berthy-booking/Berth-Booking"
"Ambiguous Interface","https://github.com/Berton/einteractifs"
"Ambiguous Interface","https://github.com/Bertoncini/BlocoX"
"Ambiguous Interface","https://github.com/Bertrandbenj/juniter"
"Ambiguous Interface","https://github.com/Beuus/Third_Person_Plataformer"
"Ambiguous Interface","https://github.com/Beyzanur-BOSTANCI/C--Masa-st----Dernek-Takip-Program-"
"Ambiguous Interface","https://github.com/Bhogge2/.NET-stuff"
"Ambiguous Interface","https://github.com/Bhupendrapatel98/MoviesAdda"
"Ambiguous Interface","https://github.com/Bhushan2000/Code97MVVM"
"Ambiguous Interface","https://github.com/BiancaZYCao/BackEndAD"
"Ambiguous Interface","https://github.com/BicycleMark/SignalRGB"
"Ambiguous Interface","https://github.com/Bifuu/skinetCourse"
"Ambiguous Interface","https://github.com/Big-Bro222/Planet-Explore"
"Ambiguous Interface","https://github.com/BigDaddy1337/WKPDFGen"
"Ambiguous Interface","https://github.com/BigHeadDev/KanTV"
"Ambiguous Interface","https://github.com/Bigoted-waste/redis-test"
"Ambiguous Interface","https://github.com/BijuAle/softwarica_labs"
"Ambiguous Interface","https://github.com/BillRenCN/CS61B_18"
"Ambiguous Interface","https://github.com/BillShiyaoZhang/Capsules"
"Ambiguous Interface","https://github.com/BillWuSQL/FastJavaTools"
"Ambiguous Interface","https://github.com/BinaryStudioAcademy/bsa-2020-whale"
"Ambiguous Interface","https://github.com/BingYanchi/BingParty"
"Ambiguous Interface","https://github.com/Binhhp/animeab"
"Ambiguous Interface","https://github.com/Binvy/green-handcode"
"Ambiguous Interface","https://github.com/Binwell/XamarinStateMachine"
"Ambiguous Interface","https://github.com/Biruang/Cousework"
"Ambiguous Interface","https://github.com/BizTalkCommunity/BizTalk-Bindings-Exporter-tool"
"Ambiguous Interface","https://github.com/BjarniPeturFridjonsson/Qlik-SupportTools"
"Ambiguous Interface","https://github.com/BjorkUofA/MilK"
"Ambiguous Interface","https://github.com/Bjornej/Bazooka"
"Ambiguous Interface","https://github.com/BlaBlaPrincess/ws-sb-simple-java"
"Ambiguous Interface","https://github.com/Black-Beard-Sdk/Brokers"
"Ambiguous Interface","https://github.com/BlackDragonBE/GPDWin2XTUManager"
"Ambiguous Interface","https://github.com/BlacklightsC/OpenCirnix"
"Ambiguous Interface","https://github.com/Blahodatny/Graphics"
"Ambiguous Interface","https://github.com/BlaiseD/LogicBuilder.Rules"
"Ambiguous Interface","https://github.com/BlakeAndrew/Map-Drawings-"
"Ambiguous Interface","https://github.com/BlakeOlinger/AutoPrefabGUI"
"Ambiguous Interface","https://github.com/Blankj/AndroidUtilCode"
"Ambiguous Interface","https://github.com/BlasRowid777/grandnodeREPO"
"Ambiguous Interface","https://github.com/BlaxadowFire/Leeuwenborgh-Vista"
"Ambiguous Interface","https://github.com/BlazorFluentUI/BlazorFluentUI"
"Ambiguous Interface","https://github.com/BlazorUI/Element-Blazor"
"Ambiguous Interface","https://github.com/BlinkID/blinkid-xamarin"
"Ambiguous Interface","https://github.com/Blinue/MiniForum"
"Ambiguous Interface","https://github.com/BlisteringSyko/DiamondInvoiceViewer"
"Ambiguous Interface","https://github.com/BlitzkriegSoftware/CustomerAPI"
"Ambiguous Interface","https://github.com/BlizzardBunny/LittleSimWorld-Interview"
"Ambiguous Interface","https://github.com/BlogCoreVueProject/BCVP"
"Ambiguous Interface","https://github.com/Blucezhang/micro-server-own"
"Ambiguous Interface","https://github.com/Blue-FL/CosmosModeling"
"Ambiguous Interface","https://github.com/BlueButterflies/CsharpAdvanced"
"Ambiguous Interface","https://github.com/Bluedragon271999/PortfolioProject"
"Ambiguous Interface","https://github.com/Bluegrams/Colora"
"Ambiguous Interface","https://github.com/Bluemavim/AladasAPI"
"Ambiguous Interface","https://github.com/Bluscream/Serious-Sam-Fusion-Mod-Manager"
"Ambiguous Interface","https://github.com/BlythMeister/Gallifrey"
"Ambiguous Interface","https://github.com/BoZhao1992/GBWindowsItemMajorBlockDemo"
"Ambiguous Interface","https://github.com/BobinYang/ASP.NET-Core-3.x-REST-API-Tutorial-Code"
"Ambiguous Interface","https://github.com/Boddlnagg/WordsLive"
"Ambiguous Interface","https://github.com/Bohdan-creator/Booking-Car"
"Ambiguous Interface","https://github.com/Bohis/MusicFly"
"Ambiguous Interface","https://github.com/Boiarshinov/enums"
"Ambiguous Interface","https://github.com/BojanaDrobnjak/WinterWorkshop"
"Ambiguous Interface","https://github.com/Bojidarist/RemoteController"
"Ambiguous Interface","https://github.com/BokaChiku/Java_Programs"
"Ambiguous Interface","https://github.com/BoksBurger/greek-4-leeks"
"Ambiguous Interface","https://github.com/Bolin-Laim/Smart-Car"
"Ambiguous Interface","https://github.com/BookFrank/EVO-World"
"Ambiguous Interface","https://github.com/Boopington/nvpmmgr"
"Ambiguous Interface","https://github.com/Boris2517/web2"
"Ambiguous Interface","https://github.com/BorisE/ObsControl"
"Ambiguous Interface","https://github.com/BorislavKolev/ProjectCluster"
"Ambiguous Interface","https://github.com/BorislavVladimirov/CSharp-Software-University"
"Ambiguous Interface","https://github.com/Boriso2014/Task-Book"
"Ambiguous Interface","https://github.com/BornToBeRoot/NETworkManager"
"Ambiguous Interface","https://github.com/Boruc04/LabEquip"
"Ambiguous Interface","https://github.com/BossWasHere/mountain"
"Ambiguous Interface","https://github.com/Botinok666/WindowsIoT"
"Ambiguous Interface","https://github.com/BouwenmetStaal/KarambaIDEA"
"Ambiguous Interface","https://github.com/Bouzbib/GrabIt"
"Ambiguous Interface","https://github.com/BpexCode/Yammi-1.8.8"
"Ambiguous Interface","https://github.com/Br0tBeNt/molot"
"Ambiguous Interface","https://github.com/BradZzz/Moheum"
"Ambiguous Interface","https://github.com/BraeschAntoine/WCF_Project"
"Ambiguous Interface","https://github.com/Bramikke/Mastermind"
"Ambiguous Interface","https://github.com/BrandonC98/Behaviour-Tree"
"Ambiguous Interface","https://github.com/Branoliv/DCE"
"Ambiguous Interface","https://github.com/Braudales/Guarderia-Aprendo-Contigo"
"Ambiguous Interface","https://github.com/BraveLittleTapok/DinaraShabanova"
"Ambiguous Interface","https://github.com/BrayanmReyes/monicovid"
"Ambiguous Interface","https://github.com/BretJohnson/XGraphics"
"Ambiguous Interface","https://github.com/BrianBend9/tmsautomation"
"Ambiguous Interface","https://github.com/BrianG-300/ProShopBuddy"
"Ambiguous Interface","https://github.com/Bricsys/rhino.inside-bricscad"
"Ambiguous Interface","https://github.com/BrightLight/YouShouldSpellcheck.Analyzer"
"Ambiguous Interface","https://github.com/BrightStarry/unifiedlogincloud"
"Ambiguous Interface","https://github.com/BrightStarry/zx-security"
"Ambiguous Interface","https://github.com/Brijmohan-13/OJT-Java----All-Core-Java"
"Ambiguous Interface","https://github.com/Bronya0/my-wiki"
"Ambiguous Interface","https://github.com/BruTile/BruTile"
"Ambiguous Interface","https://github.com/BrunoAfonsoHenrique/estudos_java"
"Ambiguous Interface","https://github.com/BrunoSoftbank/spring-cloud-micro-services"
"Ambiguous Interface","https://github.com/BryanWend/MovieQuiz"
"Ambiguous Interface","https://github.com/BubbaBlaster/ecsl-tftParser"
"Ambiguous Interface","https://github.com/Buheda/HybrisAcademy_HomeTask"
"Ambiguous Interface","https://github.com/BunLabs/NAudio.Flac"
"Ambiguous Interface","https://github.com/Bunsheni/ComicViewer.Xamarin"
"Ambiguous Interface","https://github.com/BurakAydemir-tr/Hrms_Project"
"Ambiguous Interface","https://github.com/BurhanAhmedov/Desktop-Library-Project"
"Ambiguous Interface","https://github.com/Byeong-Hoon/jsp1"
"Ambiguous Interface","https://github.com/Byeonjinha/Workspace"
"Ambiguous Interface","https://github.com/BykovaAnn/UsersTableWithSummary"
"Ambiguous Interface","https://github.com/ByronDaniel/xamarinaplication"
"Ambiguous Interface","https://github.com/C3vin/ICDAT30"
"Ambiguous Interface","https://github.com/CAHAUSH/designParttern"
"Ambiguous Interface","https://github.com/CATalystArizona/CustomTiltbrush"
"Ambiguous Interface","https://github.com/CATastrophic141/Simpson-a03"
"Ambiguous Interface","https://github.com/CC-chain/Personal-Dynamic-Web"
"Ambiguous Interface","https://github.com/CCRed95/CultureWars"
"Ambiguous Interface","https://github.com/CH196308/British-Wildlife-Centre"
"Ambiguous Interface","https://github.com/CJBiohacker/Inter-Java-Developer-DIO"
"Ambiguous Interface","https://github.com/CJGC/GIA-homeworks"
"Ambiguous Interface","https://github.com/CKCat/ReadBookNote"
"Ambiguous Interface","https://github.com/CKbibi/mobiai"
"Ambiguous Interface","https://github.com/CL5-Group6/MyMedsManager"
"Ambiguous Interface","https://github.com/CLLKazan/UIMA-Ext"
"Ambiguous Interface","https://github.com/CMS18/190918_InitModulesEventsAndJobs"
"Ambiguous Interface","https://github.com/CMadsen99/cupcake-project"
"Ambiguous Interface","https://github.com/CN-Odd/xh-srb"
"Ambiguous Interface","https://github.com/CNLHB/hfb-java-server"
"Ambiguous Interface","https://github.com/COSTEMaxime/PPFAB"
"Ambiguous Interface","https://github.com/COsborn2/GhandiBot"
"Ambiguous Interface","https://github.com/CP-48/Roller_Madness_Unity3D"
"Ambiguous Interface","https://github.com/CPAlves007/fiap"
"Ambiguous Interface","https://github.com/CS203-G10/quadrate"
"Ambiguous Interface","https://github.com/CSA/AceAdmin"
"Ambiguous Interface","https://github.com/CWEB2010/dunwoody-housing-application-project-3-foxsarh"
"Ambiguous Interface","https://github.com/CaaioSB/PIM2S"
"Ambiguous Interface","https://github.com/Cacched/GrandNodePlugin"
"Ambiguous Interface","https://github.com/CaioHBastos/mercadinho-challenge-brq"
"Ambiguous Interface","https://github.com/CakeForDrake/Discounts"
"Ambiguous Interface","https://github.com/CaldeiraG/MopsReloaded"
"Ambiguous Interface","https://github.com/CalebChalmers/KAGTools"
"Ambiguous Interface","https://github.com/CalebYPI/RedBusTours"
"Ambiguous Interface","https://github.com/CalerZ/wfm-manager-vue_v3.0"
"Ambiguous Interface","https://github.com/Caliburn-Micro/Caliburn.Micro"
"Ambiguous Interface","https://github.com/CallFire/CallFire-CSharp-SDK"
"Ambiguous Interface","https://github.com/Callidusjohn/COMP111_3D_practicals"
"Ambiguous Interface","https://github.com/Calve-GH/journals"
"Ambiguous Interface","https://github.com/Cameron-Gressett/Zapper"
"Ambiguous Interface","https://github.com/Camil20/NoticiasWebApi"
"Ambiguous Interface","https://github.com/Camil20/ProyectoFinalTecnologia"
"Ambiguous Interface","https://github.com/CamiloIs/Process-v2"
"Ambiguous Interface","https://github.com/CamiloIs/Process_v3"
"Ambiguous Interface","https://github.com/Campbell-Lythe-Brown/FlappyBird-AI"
"Ambiguous Interface","https://github.com/CaoGiaHieu-dev/SellingFoodXamarin"
"Ambiguous Interface","https://github.com/CaoThang7/Android_Network_PHP"
"Ambiguous Interface","https://github.com/Caojiehang/permission"
"Ambiguous Interface","https://github.com/Capa2/CA1A2"
"Ambiguous Interface","https://github.com/Capful/CAP_Tools"
"Ambiguous Interface","https://github.com/Caphyon/clang-power-tools"
"Ambiguous Interface","https://github.com/Capsonic/IQS"
"Ambiguous Interface","https://github.com/Capstone-FoodDeuk/FoodDeuk-Server"
"Ambiguous Interface","https://github.com/Capstone-Team-C/IDD"
"Ambiguous Interface","https://github.com/CapstoneBloomfieldWarofWorlds/WarGame2"
"Ambiguous Interface","https://github.com/CaptainHoldMyBeer/XamarinCallApp"
"Ambiguous Interface","https://github.com/CaptainUltra/IT-Career"
"Ambiguous Interface","https://github.com/CaptionMyCaption/my-captain"
"Ambiguous Interface","https://github.com/CarHol/MindNote"
"Ambiguous Interface","https://github.com/CarboniDavide/discovery-light"
"Ambiguous Interface","https://github.com/Carlos-Henrique98/Desktop_Avaliacao"
"Ambiguous Interface","https://github.com/CarlosEduard0/PolarisLog"
"Ambiguous Interface","https://github.com/CarlosFeldmann/ExerciciosBootcamp"
"Ambiguous Interface","https://github.com/CarlosNDorin/Xaml"
"Ambiguous Interface","https://github.com/CarlosPacheco/BE-Core"
"Ambiguous Interface","https://github.com/CarlosRobertoMedeiros/revision-design-patterns"
"Ambiguous Interface","https://github.com/CarlosTuiran/ProyectoDDP"
"Ambiguous Interface","https://github.com/CarolJin/JavaPractices"
"Ambiguous Interface","https://github.com/Carry955/MicroCommunity"
"Ambiguous Interface","https://github.com/CarterCommunity/Carter"
"Ambiguous Interface","https://github.com/CarvellWakeman/ZeroPoint"
"Ambiguous Interface","https://github.com/Caskia/Jane"
"Ambiguous Interface","https://github.com/Catel/Catel.Examples"
"Ambiguous Interface","https://github.com/CatenaLogic/GitLink"
"Ambiguous Interface","https://github.com/CauTrucDuLieuVaGiaiThuat/quanlyDoanVien"
"Ambiguous Interface","https://github.com/Cavcode/WOD_NWN"
"Ambiguous Interface","https://github.com/CedricRup/SpecflowDojoSkeleton"
"Ambiguous Interface","https://github.com/CefNet/CefNet.DevTools.Protocol"
"Ambiguous Interface","https://github.com/Cengizhan18/Hastane-Randevu"
"Ambiguous Interface","https://github.com/Central-MakeUs/Polaris_Server"
"Ambiguous Interface","https://github.com/CentralAZ/Rock-CentralAZ"
"Ambiguous Interface","https://github.com/CenturionNZ/Barcdoe128"
"Ambiguous Interface","https://github.com/CenturyLinkCloud/ElasticLINQ"
"Ambiguous Interface","https://github.com/CenturySpine/TM.Digital"
"Ambiguous Interface","https://github.com/Cerberuss/FrameworkWithDesingPatterns"
"Ambiguous Interface","https://github.com/CerebralUnit/TransubroCommissionApp"
"Ambiguous Interface","https://github.com/Cesar18102/CustomControls"
"Ambiguous Interface","https://github.com/CesarCarPa/java-hackerranck"
"Ambiguous Interface","https://github.com/Cesarmdiaz/Curso-Java"
"Ambiguous Interface","https://github.com/Cesio137/TSploit"
"Ambiguous Interface","https://github.com/ChARCOOL/Ricardo.AIO"
"Ambiguous Interface","https://github.com/Cha-ste/fitness"
"Ambiguous Interface","https://github.com/Chagnlok/ToyParty"
"Ambiguous Interface","https://github.com/Chain0714/yichao"
"Ambiguous Interface","https://github.com/ChambaChristian/HELADERIA_CA"
"Ambiguous Interface","https://github.com/Champpy/Prowelding"
"Ambiguous Interface","https://github.com/ChanpleCai/SmartTaskbar"
"Ambiguous Interface","https://github.com/Char-Mander/Unidad-2-Scripting"
"Ambiguous Interface","https://github.com/Char-Mander/Unidad-3-Escenarios"
"Ambiguous Interface","https://github.com/Charith-Darshana/Car-Rental-System-Back-End"
"Ambiguous Interface","https://github.com/Charlee-2603/BlogService"
"Ambiguous Interface","https://github.com/Charles-Isaac/MultiplayerTopDownShooter"
"Ambiguous Interface","https://github.com/CharleyXu/bili-helper"
"Ambiguous Interface","https://github.com/Charlyssde/CREDISYS_CODE"
"Ambiguous Interface","https://github.com/CharmDangDang/JavaTraining"
"Ambiguous Interface","https://github.com/CharonT/JavaWebEstate"
"Ambiguous Interface","https://github.com/Chauncy1124/lamp-cloud"
"Ambiguous Interface","https://github.com/Chayan199916/java-journey"
"Ambiguous Interface","https://github.com/ChayimFriedman2/mp4explorer"
"Ambiguous Interface","https://github.com/Checha504/Farmacia"
"Ambiguous Interface","https://github.com/Cheesebaron/GeckoViewBinding"
"Ambiguous Interface","https://github.com/ChelseaChiu/ATTP"
"Ambiguous Interface","https://github.com/ChemImageFT/ChemImageLctfSdk"
"Ambiguous Interface","https://github.com/ChenPeleg/excelXml"
"Ambiguous Interface","https://github.com/ChenYiching/line-bot-project"
"Ambiguous Interface","https://github.com/ChenYilei2016/WorkingTraining"
"Ambiguous Interface","https://github.com/ChengLab/AAFrameWork"
"Ambiguous Interface","https://github.com/ChengYingOpenSource/wucaishi"
"Ambiguous Interface","https://github.com/Chenyangming9/one-anti-fart-shell-pull"
"Ambiguous Interface","https://github.com/ChernoVl/oop_2020_STU"
"Ambiguous Interface","https://github.com/CherryCollera/SD2A-AY-2019-2020"
"Ambiguous Interface","https://github.com/Chess0mate1/RailwaySimulatorProtocol"
"Ambiguous Interface","https://github.com/ChessChicken-KZ/OldJunglesWorld"
"Ambiguous Interface","https://github.com/Chilldd/GY_Net5_MicroService"
"Ambiguous Interface","https://github.com/ChilliCream/hotchocolate"
"Ambiguous Interface","https://github.com/ChinaDragonNB/blog-open"
"Ambiguous Interface","https://github.com/ChintanSK/elevators"
"Ambiguous Interface","https://github.com/Chippyer/chippy"
"Ambiguous Interface","https://github.com/Chiranjiv007/JavaAssignmentsZemoso"
"Ambiguous Interface","https://github.com/ChiruMori/key3"
"Ambiguous Interface","https://github.com/ChiruMori/myfont"
"Ambiguous Interface","https://github.com/Chitrang-Satpute/Zombie-RPG-project"
"Ambiguous Interface","https://github.com/ChoCoBo1712/guitar-custom-shop"
"Ambiguous Interface","https://github.com/ChocoCLv/JavaLearn"
"Ambiguous Interface","https://github.com/Chon76/vizprog_NeumannMozi"
"Ambiguous Interface","https://github.com/Chris-MorrisUK/racoonMiddleware"
"Ambiguous Interface","https://github.com/ChrisoftheAnglers/training-code"
"Ambiguous Interface","https://github.com/Christian-A-Kehr/FogCarport"
"Ambiguous Interface","https://github.com/ChristinaIvanova/Software-Engineering-CSharp-SoftUni"
"Ambiguous Interface","https://github.com/Christopher5464654/PlanTrabajoTII"
"Ambiguous Interface","https://github.com/ChroniclerCherry/stardew-valley-mods"
"Ambiguous Interface","https://github.com/ChuanGoing/Start"
"Ambiguous Interface","https://github.com/Chuchumbrik/at-study-java-core"
"Ambiguous Interface","https://github.com/ChulJongLee/CinemaTalk"
"Ambiguous Interface","https://github.com/CiaranRoche203/GalwayToursimApp"
"Ambiguous Interface","https://github.com/Ciiile/IiPoleSystem"
"Ambiguous Interface","https://github.com/Cindy2307/gsb-Spring"
"Ambiguous Interface","https://github.com/Cindy2307/gsb-back"
"Ambiguous Interface","https://github.com/CityofSantaMonica/SODA.NET"
"Ambiguous Interface","https://github.com/ClabHardy/TeacherFighter"
"Ambiguous Interface","https://github.com/Clancey/Comet"
"Ambiguous Interface","https://github.com/Claudio-Visentin/Demon-Slayer"
"Ambiguous Interface","https://github.com/Clayun/coi-realm"
"Ambiguous Interface","https://github.com/CleanEnergy/Deplagiator"
"Ambiguous Interface","https://github.com/Cleancodefactory/CoreKraft"
"Ambiguous Interface","https://github.com/ClearlightY/Daily-java-code-record-"
"Ambiguous Interface","https://github.com/ClementDv/OpCl-JAVA-P9"
"Ambiguous Interface","https://github.com/ClementDv/OpCl-Java-P8"
"Ambiguous Interface","https://github.com/ClementPatricio/Trauma"
"Ambiguous Interface","https://github.com/Cliff2103/TipCalculator"
"Ambiguous Interface","https://github.com/CliffAgius/Handy-App"
"Ambiguous Interface","https://github.com/CloudHolic/OsuEditor"
"Ambiguous Interface","https://github.com/CloudMadao/DP-Health"
"Ambiguous Interface","https://github.com/CloudNimble/SimpleMessageBus"
"Ambiguous Interface","https://github.com/CloyeeYH/private-cook"
"Ambiguous Interface","https://github.com/Clxy2/code"
"Ambiguous Interface","https://github.com/Code-Sharp/WampSharp"
"Ambiguous Interface","https://github.com/CodeHubApp/CodeHub"
"Ambiguous Interface","https://github.com/CodeKul/Unity-JohnDeere-Corporate"
"Ambiguous Interface","https://github.com/CodeManCody/ScooterHub"
"Ambiguous Interface","https://github.com/CodeUmbra/Development"
"Ambiguous Interface","https://github.com/CodecoolGlobal/codecool-shop-1-java-prothy"
"Ambiguous Interface","https://github.com/CodecoolGlobal/codecool-shop-2-java-VepeP"
"Ambiguous Interface","https://github.com/CodecoolGlobal/currencyExchange"
"Ambiguous Interface","https://github.com/Codeer-Software/Friendly.Windows.NativeStandardControls"
"Ambiguous Interface","https://github.com/Codeer-Software/LambdicSql"
"Ambiguous Interface","https://github.com/CoderWang1999/Select_Subject_System_Idea"
"Ambiguous Interface","https://github.com/Coding-AI-with-html/RedVolunteer"
"Ambiguous Interface","https://github.com/CodingMan95/starbucks20190826"
"Ambiguous Interface","https://github.com/CohesionForce/avro-toolkit"
"Ambiguous Interface","https://github.com/Colai/Doraemon"
"Ambiguous Interface","https://github.com/ColdSpotYZ/SSD_Assignment"
"Ambiguous Interface","https://github.com/Coldbell4869/TIL"
"Ambiguous Interface","https://github.com/Coleoid/CopperBend"
"Ambiguous Interface","https://github.com/Coloryr/MythicMobs_edit"
"Ambiguous Interface","https://github.com/Coloryr/NsisoLauncher"
"Ambiguous Interface","https://github.com/CommunicativeEngineer/ASP.NET"
"Ambiguous Interface","https://github.com/ConanHorus/MiniPC"
"Ambiguous Interface","https://github.com/ConorForsey/QuickExams"
"Ambiguous Interface","https://github.com/Consid-Varnamo/Common"
"Ambiguous Interface","https://github.com/Conspiratio/Conspiratio"
"Ambiguous Interface","https://github.com/Const-me/Vrmac"
"Ambiguous Interface","https://github.com/Constanyin/store"
"Ambiguous Interface","https://github.com/Contoso-uk-edu/QbotUK"
"Ambiguous Interface","https://github.com/CoolYeebOnline/ct4005paintprototype"
"Ambiguous Interface","https://github.com/Coolxc/ordering-system"
"Ambiguous Interface","https://github.com/Coopermine/SkandoMobile"
"Ambiguous Interface","https://github.com/CopotronicRifat/OOP-Java-Codes"
"Ambiguous Interface","https://github.com/CopperStarSystems/Tickinator"
"Ambiguous Interface","https://github.com/Coppertine/TCC.Installer"
"Ambiguous Interface","https://github.com/CoreDumpSoftware/AuctionHouse"
"Ambiguous Interface","https://github.com/CoreLayer/CoreLayer.Citrix.Adc.Nitro"
"Ambiguous Interface","https://github.com/CorgiTaco/Structure-Roads-2"
"Ambiguous Interface","https://github.com/Corniel/HelloWorld"
"Ambiguous Interface","https://github.com/CorvoOrc/BankDB"
"Ambiguous Interface","https://github.com/CoryKleinjan/google-classroom-application"
"Ambiguous Interface","https://github.com/CosmicDust19/kodlama.io-javareactcamp"
"Ambiguous Interface","https://github.com/Costath/OnDuty"
"Ambiguous Interface","https://github.com/Covid-19Radar/Covid19Radar"
"Ambiguous Interface","https://github.com/CowryGolden/AndroidPractice"
"Ambiguous Interface","https://github.com/CrArher/HakatonClient"
"Ambiguous Interface","https://github.com/Crab-Wave/ora"
"Ambiguous Interface","https://github.com/Crab-Wave/ora-tracker"
"Ambiguous Interface","https://github.com/Crashnorun/Citi_Bike_Data"
"Ambiguous Interface","https://github.com/Crazy4Cats/TailwindTraders_dcjiak2d"
"Ambiguous Interface","https://github.com/Crazy4Cats/TailwindTraders_nzlsssmy"
"Ambiguous Interface","https://github.com/CrazyMachine2/JavaAdvanced"
"Ambiguous Interface","https://github.com/CrazzzyE1/MyStore_lesson1"
"Ambiguous Interface","https://github.com/Crdzbird/mainadministrationqph"
"Ambiguous Interface","https://github.com/CreateAndFake/CreateAndFake"
"Ambiguous Interface","https://github.com/CreeperHost/modpacklauncher"
"Ambiguous Interface","https://github.com/CreoDen-dev/RandomMagics"
"Ambiguous Interface","https://github.com/Crhystian27/FootballTeams-CondorLabs"
"Ambiguous Interface","https://github.com/Crhystian27/Strat-Risk-1"
"Ambiguous Interface","https://github.com/CrispyDrone/BWSort"
"Ambiguous Interface","https://github.com/CrissNamon/ruvik-server"
"Ambiguous Interface","https://github.com/CristianFerreira/SocialHeroes"
"Ambiguous Interface","https://github.com/CristinaMontillaMoya/BooKeeper"
"Ambiguous Interface","https://github.com/Cristinacespedes/MisionTic_Unibosque_Grupo47-5"
"Ambiguous Interface","https://github.com/Croniks/Algorithms-structures-and-patterns"
"Ambiguous Interface","https://github.com/CrossGeeks/CustomNavigationBarSample"
"Ambiguous Interface","https://github.com/CrossGeeks/FacebookClientPlugin"
"Ambiguous Interface","https://github.com/Cruciatum/Haphrain"
"Ambiguous Interface","https://github.com/Csongi8916/EmployeeApp"
"Ambiguous Interface","https://github.com/Ctfurlani/TorqueVR"
"Ambiguous Interface","https://github.com/Cunjak/Xamarin-TravelApp"
"Ambiguous Interface","https://github.com/CuplexUser/ArduinoSerialCommunication"
"Ambiguous Interface","https://github.com/CuplexUser/FileSystemImage"
"Ambiguous Interface","https://github.com/CurryGaifan/data-structures-algorithms"
"Ambiguous Interface","https://github.com/CurryGaifan/java-study"
"Ambiguous Interface","https://github.com/CuteLeon/CleverStocker"
"Ambiguous Interface","https://github.com/CuteLeon/RESTful-API-Demo"
"Ambiguous Interface","https://github.com/CvetelinLozanov/SoftUni-C-"
"Ambiguous Interface","https://github.com/CxSamShober/CxAST-WebGoat.NET.v2"
"Ambiguous Interface","https://github.com/CxTyler/WebGoat.NET"
"Ambiguous Interface","https://github.com/CyanSkyw/SringbootL"
"Ambiguous Interface","https://github.com/CyberAge07/TailwindTraders_1gmpd3g0"
"Ambiguous Interface","https://github.com/CyberspaceStudio/volunteer"
"Ambiguous Interface","https://github.com/Cynapse077/Axu"
"Ambiguous Interface","https://github.com/CyranoChen/Arsenalcn"
"Ambiguous Interface","https://github.com/CyrilDeBrito/XamarinIOT"
"Ambiguous Interface","https://github.com/Cyrus-Vance/Cyrus-Process-Launcher"
"Ambiguous Interface","https://github.com/Cyrus-Vance/Magic-Conch"
"Ambiguous Interface","https://github.com/Cysharp/ConsoleAppFramework"
"Ambiguous Interface","https://github.com/CzechLanguageInstitute/Brus"
"Ambiguous Interface","https://github.com/Czompi/TechnicLauncher.NET"
"Ambiguous Interface","https://github.com/D-Malla/Stellar-Gypsy"
"Ambiguous Interface","https://github.com/D-Moonesinghe/PU-Dup"
"Ambiguous Interface","https://github.com/D-Pow/steam-who-can-i-play-with"
"Ambiguous Interface","https://github.com/D-TMA/BookCity_Backend"
"Ambiguous Interface","https://github.com/D0rianGrey/ATTesterFromScratch"
"Ambiguous Interface","https://github.com/D15190304050/OSSRH-71546"
"Ambiguous Interface","https://github.com/D4n13l3k00/PRNKBT"
"Ambiguous Interface","https://github.com/DANILE211/reddit-project"
"Ambiguous Interface","https://github.com/DBGarrison/HomeControl"
"Ambiguous Interface","https://github.com/DBankx/Reactivity"
"Ambiguous Interface","https://github.com/DCC-EX/BaseStation-Installer"
"Ambiguous Interface","https://github.com/DD-HAREKAZE/CSYE7270_mid_final_BombArena"
"Ambiguous Interface","https://github.com/DEI-AR-VR-MajorProject/AR-StarshipBattle"
"Ambiguous Interface","https://github.com/DES-Destry/NFSU2-ExOpts-UI"
"Ambiguous Interface","https://github.com/DESAROLLO-TECLO/sai-build-660"
"Ambiguous Interface","https://github.com/DEVCSPWRLD/AsserMangment_mvcApp"
"Ambiguous Interface","https://github.com/DFE-Digital/spi-graphql-api"
"Ambiguous Interface","https://github.com/DIMITRINALU/SoftUni-Projects"
"Ambiguous Interface","https://github.com/DIPSAS/DIPS.Xamarin.UI"
"Ambiguous Interface","https://github.com/DJAssi/aoide"
"Ambiguous Interface","https://github.com/DKE-Data/agrirouter-api-dotnet-standard"
"Ambiguous Interface","https://github.com/DKorzhovnik/devfolio"
"Ambiguous Interface","https://github.com/DM-be/HotelBooking-agent"
"Ambiguous Interface","https://github.com/DMess174/DMess.Supervision"
"Ambiguous Interface","https://github.com/DND-PickMe/pickme-back"
"Ambiguous Interface","https://github.com/DNIStream/dni.website"
"Ambiguous Interface","https://github.com/DNikitenko/design-patterns"
"Ambiguous Interface","https://github.com/DOFFONTES/projetoPedido"
"Ambiguous Interface","https://github.com/DOIF-Dobby/project-v-backend"
"Ambiguous Interface","https://github.com/DOJ745/MoneyCeeper2"
"Ambiguous Interface","https://github.com/DORcode/admin-demo"
"Ambiguous Interface","https://github.com/DP458/ClipboardWatcher"
"Ambiguous Interface","https://github.com/DQuizzle/AutoTracker"
"Ambiguous Interface","https://github.com/DSM-DMS/PMS-Backend-V1-1"
"Ambiguous Interface","https://github.com/DSM-SUBMIT/rms_backend_springboot"
"Ambiguous Interface","https://github.com/DSMP/XamarinBackgroundTaskApp"
"Ambiguous Interface","https://github.com/DSprtn/GTFO_VR_Plugin"
"Ambiguous Interface","https://github.com/DStanojevic/WebCommerce"
"Ambiguous Interface","https://github.com/DT0352/pinda-tms-java"
"Ambiguous Interface","https://github.com/DTMGEEK/PhoneProtectPro"
"Ambiguous Interface","https://github.com/DTP-IT/ThuVien_Winform"
"Ambiguous Interface","https://github.com/DUDY206/BANHANG"
"Ambiguous Interface","https://github.com/DUNDERTRiX/NewsApp"
"Ambiguous Interface","https://github.com/DUTMIL/123"
"Ambiguous Interface","https://github.com/DaAyupov21/Ionic_app"
"Ambiguous Interface","https://github.com/DaGammla/InhumaneCards"
"Ambiguous Interface","https://github.com/DaSigma/DelvonFontenot969PA"
"Ambiguous Interface","https://github.com/Dabdibow/javaLab"
"Ambiguous Interface","https://github.com/Dacko98/CekujTo_WPF"
"Ambiguous Interface","https://github.com/Dadgostar/NEW_PROJECT"
"Ambiguous Interface","https://github.com/Daealis/Batch-generation"
"Ambiguous Interface","https://github.com/DahamLeee/Movie"
"Ambiguous Interface","https://github.com/Dainter/Argus"
"Ambiguous Interface","https://github.com/DaleFoley/ACNHCompanion"
"Ambiguous Interface","https://github.com/Dallileth/Oracle"
"Ambiguous Interface","https://github.com/DamianMarek98/DataWarehous"
"Ambiguous Interface","https://github.com/DamianosDW/infernoapi"
"Ambiguous Interface","https://github.com/DamichiXL/bookworm-app"
"Ambiguous Interface","https://github.com/DamsyDeSilva/SparkX_Individual_Assignment"
"Ambiguous Interface","https://github.com/Dan-Rizea/TournamentTrackingApplicationC-"
"Ambiguous Interface","https://github.com/DanStefanBalan/AirportManagement"
"Ambiguous Interface","https://github.com/Danco90/oc-p8"
"Ambiguous Interface","https://github.com/Dandarache/Academy.NetCore"
"Ambiguous Interface","https://github.com/Danfeng-Wang/apollo-prepro"
"Ambiguous Interface","https://github.com/DangNguyenTH4/microservice-with-consul"
"Ambiguous Interface","https://github.com/DangPhong/Module2_w3resource_CSharp"
"Ambiguous Interface","https://github.com/DangThinh1/AQ_Project"
"Ambiguous Interface","https://github.com/DaniGwen/CSharp-OOP-Basics"
"Ambiguous Interface","https://github.com/Danial97rhz/DotNetflix"
"Ambiguous Interface","https://github.com/Daniel-Svensson/OpenRiaPlayground"
"Ambiguous Interface","https://github.com/Daniel-Ugulino/Tech-Piece"
"Ambiguous Interface","https://github.com/Daniel884936/EmploymentApp"
"Ambiguous Interface","https://github.com/DanielBisgaard/Cupcake"
"Ambiguous Interface","https://github.com/DanielCIstrate/codecool-shop"
"Ambiguous Interface","https://github.com/DanielCender/GCU-CST-227"
"Ambiguous Interface","https://github.com/DanielChaPre/SqlitePractica"
"Ambiguous Interface","https://github.com/DanielFalzon/EMAProject"
"Ambiguous Interface","https://github.com/DanielGronau/highj"
"Ambiguous Interface","https://github.com/DanielI94/programming-in-java"
"Ambiguous Interface","https://github.com/DanielJMus/SDV701-PianoStore"
"Ambiguous Interface","https://github.com/DanielLoRo31/Xamarin-Drivers-Application"
"Ambiguous Interface","https://github.com/DanielMrowca/Prodigy"
"Ambiguous Interface","https://github.com/DanielQuintana90/Microservice.Demo"
"Ambiguous Interface","https://github.com/DanielSilvaol/CNPJ_MVC"
"Ambiguous Interface","https://github.com/DanielSimonsen90/MIG-2.0"
"Ambiguous Interface","https://github.com/DanielW705/TUNI"
"Ambiguous Interface","https://github.com/DanielaSepulvedaM/PoyectoPracticaIng4InfoOfRestaurant"
"Ambiguous Interface","https://github.com/Daniele-Tentoni/FowCube"
"Ambiguous Interface","https://github.com/Daniele-Tentoni/XamExchange"
"Ambiguous Interface","https://github.com/DanieleIuliano/EserciziStudio"
"Ambiguous Interface","https://github.com/Danielevel/CoronaShooter"
"Ambiguous Interface","https://github.com/DanilUltrakill/fish-ocean"
"Ambiguous Interface","https://github.com/DanilVerkhoturov/Guest_Card"
"Ambiguous Interface","https://github.com/Danila01010101/Baloons-Game"
"Ambiguous Interface","https://github.com/DaniloNovakovic/apartment-reservation"
"Ambiguous Interface","https://github.com/DaniloVRocha/internet-banking"
"Ambiguous Interface","https://github.com/DanilovSoft/vRPC"
"Ambiguous Interface","https://github.com/Daniusvl/Sharpetor"
"Ambiguous Interface","https://github.com/Daniyalzakir321/ERP"
"Ambiguous Interface","https://github.com/DannyZolp/MUDExample"
"Ambiguous Interface","https://github.com/Danthar/AkkaBootcamp"
"Ambiguous Interface","https://github.com/DanudiDevindi/visitor-management-backend"
"Ambiguous Interface","https://github.com/DanzeJr/TachiShop"
"Ambiguous Interface","https://github.com/DaoChich1412/TechShare"
"Ambiguous Interface","https://github.com/DaqianLiao/StudyJavaCode"
"Ambiguous Interface","https://github.com/DarInternet/darinternet-identity"
"Ambiguous Interface","https://github.com/DaraOladapo/c-sharp-with-dotnet-core"
"Ambiguous Interface","https://github.com/DariaGul/java-mentoring-program"
"Ambiguous Interface","https://github.com/Dario999/Material-Exchange"
"Ambiguous Interface","https://github.com/Dariusz151/Gymagotchi"
"Ambiguous Interface","https://github.com/Dark32/NordMod"
"Ambiguous Interface","https://github.com/DarkFIxED/topocat"
"Ambiguous Interface","https://github.com/DarkFM/BookMania"
"Ambiguous Interface","https://github.com/DarkP0wer/VS_projects"
"Ambiguous Interface","https://github.com/DarkPheonixJW24/SuplementShop"
"Ambiguous Interface","https://github.com/Darkdans/Management-system"
"Ambiguous Interface","https://github.com/Darkxell/DungeonExplorer"
"Ambiguous Interface","https://github.com/Darley36/Reto_DDD"
"Ambiguous Interface","https://github.com/DarqueKnight/weather-app"
"Ambiguous Interface","https://github.com/DarrenStahlhut/Episerver.Blazor"
"Ambiguous Interface","https://github.com/Darwiish/SmartDrivingBooking"
"Ambiguous Interface","https://github.com/Darwing99/AppRun"
"Ambiguous Interface","https://github.com/Dashesand/Dashesand.github.io"
"Ambiguous Interface","https://github.com/Dasommm/Servlet"
"Ambiguous Interface","https://github.com/Dat0309/Word-search-game-in-android-studio"
"Ambiguous Interface","https://github.com/DatAnton/EcoU"
"Ambiguous Interface","https://github.com/Data-to-Insight-Center/sead-vivo"
"Ambiguous Interface","https://github.com/DataJuggler/BlazorImageGallery"
"Ambiguous Interface","https://github.com/DataPathAnalytics/UA_Risk_indicators_for_ex-ante_monitoring"
"Ambiguous Interface","https://github.com/Datn7/bafta-api"
"Ambiguous Interface","https://github.com/DatouL/ECE4180FinalProject"
"Ambiguous Interface","https://github.com/DaveCS1/Popcorn-1"
"Ambiguous Interface","https://github.com/DavePearce/FeatherweightRust"
"Ambiguous Interface","https://github.com/Daveric/Timer-Job-Tracker"
"Ambiguous Interface","https://github.com/David-Akobiya/BlogApp"
"Ambiguous Interface","https://github.com/David-Akobiya/LinkAppRepo"
"Ambiguous Interface","https://github.com/David-Wobrock/Kinect-Lego"
"Ambiguous Interface","https://github.com/DavidBasarab/FatCat.Nes"
"Ambiguous Interface","https://github.com/DavidCFreire/IRB"
"Ambiguous Interface","https://github.com/DavidCana12/MiniProyect"
"Ambiguous Interface","https://github.com/DavidCorzo/EstructuraDeDatos"
"Ambiguous Interface","https://github.com/DavidEMorales/HandMirroring"
"Ambiguous Interface","https://github.com/DavidHDev/Studyrooms"
"Ambiguous Interface","https://github.com/DavidLievrouw/Motorsports"
"Ambiguous Interface","https://github.com/DavidMurray107/RunSheets"
"Ambiguous Interface","https://github.com/DavidNS/qickserve"
"Ambiguous Interface","https://github.com/DavidNewmanGMIT/BestSlidePuzzle"
"Ambiguous Interface","https://github.com/DavidTanderup/TechIndicators"
"Ambiguous Interface","https://github.com/DavidWhitlock/PortlandStateJavaSummer2021"
"Ambiguous Interface","https://github.com/DavidWu-Shaw/resys"
"Ambiguous Interface","https://github.com/DavideDavanzo/ingswAM2021-Davanzo-DelGaizo-deStefano"
"Ambiguous Interface","https://github.com/Davies-K/PWA-application-store"
"Ambiguous Interface","https://github.com/Davimr/UpTrabalhoCsharp"
"Ambiguous Interface","https://github.com/DawidCiochon/BookingTickets"
"Ambiguous Interface","https://github.com/DawidKraszewski/DietBookAPI"
"Ambiguous Interface","https://github.com/DawidSapierzynski/LeastSquaresAlgorithmsApp-backend"
"Ambiguous Interface","https://github.com/Day-Bright/S-O-C-O"
"Ambiguous Interface","https://github.com/Daylin-Roper/COMP111-3D-Pracs"
"Ambiguous Interface","https://github.com/Dbrijwasi1994/PackingModule_Rexroth"
"Ambiguous Interface","https://github.com/Ddd1101/CXShop_Mall"
"Ambiguous Interface","https://github.com/DeadZoneLuna/Strike-Port-Destruction-Legacy-SDK"
"Ambiguous Interface","https://github.com/DealyzGit/Java_SE_EE"
"Ambiguous Interface","https://github.com/DeanHavelock/CheckItOut"
"Ambiguous Interface","https://github.com/DeanHavelock/CheckItOut-Checkout"
"Ambiguous Interface","https://github.com/DeanVanNiekerk/oneadvisor"
"Ambiguous Interface","https://github.com/DearZh/smart-heart"
"Ambiguous Interface","https://github.com/DeathGodx/EnsoulSharp"
"Ambiguous Interface","https://github.com/DebadarsiniPanda/Custom_public"
"Ambiguous Interface","https://github.com/Dedac/HPlusSportsPatterns"
"Ambiguous Interface","https://github.com/DeepMountainMoose/MI.Untity"
"Ambiguous Interface","https://github.com/DeepSeeBee/CbFractals"
"Ambiguous Interface","https://github.com/DeepSeeBee/CbMaxObjects"
"Ambiguous Interface","https://github.com/DeepSeeBee/cb_orm"
"Ambiguous Interface","https://github.com/Defalt012/Projeto-Mobile"
"Ambiguous Interface","https://github.com/DefaultLol/WpfProjetVf"
"Ambiguous Interface","https://github.com/DefaultRL/La_casa_de_babel"
"Ambiguous Interface","https://github.com/DefectiveCube/XPlaneGen"
"Ambiguous Interface","https://github.com/DefinitionBeyond/errands"
"Ambiguous Interface","https://github.com/DejanLjubej/UnityProjectAITD"
"Ambiguous Interface","https://github.com/Delete-Agency/Delete-Kentico12-Boilerplate"
"Ambiguous Interface","https://github.com/Deloryn/CaPrI"
"Ambiguous Interface","https://github.com/DeltaVCode/cr-dotnet-401d1"
"Ambiguous Interface","https://github.com/Deltares/wbi-assemblage-rekenkern"
"Ambiguous Interface","https://github.com/Demigiant/dotween"
"Ambiguous Interface","https://github.com/Demosa34/VCReviewer"
"Ambiguous Interface","https://github.com/DenK7/2021-02-otus-spring-kubrin"
"Ambiguous Interface","https://github.com/Denisario/ShopAppWpf"
"Ambiguous Interface","https://github.com/Dennis-Eduardo/TreinamentoIndra"
"Ambiguous Interface","https://github.com/DennisAziaya/KinematicsCalc"
"Ambiguous Interface","https://github.com/Denrage/Cida"
"Ambiguous Interface","https://github.com/Depaula010/seleniumwebdriver"
"Ambiguous Interface","https://github.com/DeprecatedLuke/fireflyx"
"Ambiguous Interface","https://github.com/DercilioFontes/csharp-practices"
"Ambiguous Interface","https://github.com/DerekLD/SpringCloud-Demo"
"Ambiguous Interface","https://github.com/DesignAndSupply/KPIAnalyser"
"Ambiguous Interface","https://github.com/DesignEngrLab/MIConvexHull"
"Ambiguous Interface","https://github.com/DestroboK/Avocado-Market"
"Ambiguous Interface","https://github.com/Dev-Owl/pillowsharp"
"Ambiguous Interface","https://github.com/DevBac/Bachelor"
"Ambiguous Interface","https://github.com/DevBorisElkin/CustomPhysics"
"Ambiguous Interface","https://github.com/DevExpress-Examples/wcf-data-service-and-a-client-application-t198896"
"Ambiguous Interface","https://github.com/DevGalaxy/FeeProject"
"Ambiguous Interface","https://github.com/DevImobStudio/RodrigoSimoes"
"Ambiguous Interface","https://github.com/DevJohnRHugo/TextCodeMonitoring"
"Ambiguous Interface","https://github.com/DevKP/pieprzbot"
"Ambiguous Interface","https://github.com/DevNathi/Nkosi-Retail-System"
"Ambiguous Interface","https://github.com/DevOpHBLICT/Xamarin-Azure-Catheter"
"Ambiguous Interface","https://github.com/Developer1Dev/WebServiceTutorial"
"Ambiguous Interface","https://github.com/DeveloperRohitC/DeliveryAtDoor"
"Ambiguous Interface","https://github.com/DeverexRU/WPFTests"
"Ambiguous Interface","https://github.com/DeveshRx/Samsung-Galaxy-In-App-Purchase-Example"
"Ambiguous Interface","https://github.com/Devesprit/Devesprit.DigiCommerce.Core"
"Ambiguous Interface","https://github.com/DeviSleep/OneStep"
"Ambiguous Interface","https://github.com/DevonGritton/4026-Game-Engine-scripting"
"Ambiguous Interface","https://github.com/Dgaduin/checkout-challenge"
"Ambiguous Interface","https://github.com/Dh0le/AdsSystem"
"Ambiguous Interface","https://github.com/DhruvKinger/NoteKeeper-Xamarian"
"Ambiguous Interface","https://github.com/DhruvKoolRajamani/Home"
"Ambiguous Interface","https://github.com/Diamond42474/The-Fishtank"
"Ambiguous Interface","https://github.com/DianaGumar/Schedule_planner"
"Ambiguous Interface","https://github.com/DianaKuzmenko/OMS"
"Ambiguous Interface","https://github.com/DianaKuzmenko/OMS_new"
"Ambiguous Interface","https://github.com/DianaPao123/aplicativoServicio"
"Ambiguous Interface","https://github.com/DianaPao123/aplicativolocal"
"Ambiguous Interface","https://github.com/Didilya/ShoppingCarts"
"Ambiguous Interface","https://github.com/DiebBlue/Cpp2XamarinTest"
"Ambiguous Interface","https://github.com/DiegoBSC/BackendCommerceWeb"
"Ambiguous Interface","https://github.com/DiellzaElshani/GH_bhomExploration"
"Ambiguous Interface","https://github.com/DigitalExcellence/dex-backend"
"Ambiguous Interface","https://github.com/DilanVc/Online-Experiment-System"
"Ambiguous Interface","https://github.com/DillonN/GameSolver.NET"
"Ambiguous Interface","https://github.com/DimaRuban/Educational_project"
"Ambiguous Interface","https://github.com/DimaStoyanov/codecompiler"
"Ambiguous Interface","https://github.com/DimensionDev/LatinIME"
"Ambiguous Interface","https://github.com/DimensionalDevelopment/VanillaFix"
"Ambiguous Interface","https://github.com/DimitriSauvage/CSharp-Tools"
"Ambiguous Interface","https://github.com/DimitryNechaev/EPI_Alloy"
"Ambiguous Interface","https://github.com/DinAsh12/Assignment2_300991342"
"Ambiguous Interface","https://github.com/DinVanwezemael/AngularDinApi"
"Ambiguous Interface","https://github.com/DingDuan/SimAnalysisWS"
"Ambiguous Interface","https://github.com/DinhCam/Real_Estate_Backend"
"Ambiguous Interface","https://github.com/DinhThien0969/Demo_Poly"
"Ambiguous Interface","https://github.com/Dinner-Time/Training-course"
"Ambiguous Interface","https://github.com/Dino97/BibliotekaRVA"
"Ambiguous Interface","https://github.com/DiogoBotton/Documentos-gerais-SENAI-2T"
"Ambiguous Interface","https://github.com/DiogoDores/feup-cmov"
"Ambiguous Interface","https://github.com/DiogoMurano/PradaBot"
"Ambiguous Interface","https://github.com/Diopka/TailwindTraders_da21z4m5"
"Ambiguous Interface","https://github.com/DippedNugget/OTC_StPaul_PromineoTech_FinalProject"
"Ambiguous Interface","https://github.com/DippedNugget/OTc_StPaul_FinalProject_Working"
"Ambiguous Interface","https://github.com/DiracLotus/TinyHut"
"Ambiguous Interface","https://github.com/Dirkster99/SuggestBoxLib"
"Ambiguous Interface","https://github.com/Dischain1/Picsurfer"
"Ambiguous Interface","https://github.com/DiscordSRV/Iris"
"Ambiguous Interface","https://github.com/Dispersia/SnapchatDesktop"
"Ambiguous Interface","https://github.com/DisplayNote/Cryptlex.NetCore"
"Ambiguous Interface","https://github.com/DistantEye/HappeningsDotNetC"
"Ambiguous Interface","https://github.com/Divad-H/pro-tagger"
"Ambiguous Interface","https://github.com/Divineshine2015/MvcMovie"
"Ambiguous Interface","https://github.com/DiyanLyubchev/CarSolution"
"Ambiguous Interface","https://github.com/DiyanLyubchev/LibraryManagementSystem"
"Ambiguous Interface","https://github.com/DjangoVG/InpresHomeFerries"
"Ambiguous Interface","https://github.com/Dlee4428/ProjectFPS"
"Ambiguous Interface","https://github.com/Dlrb5520/tyx"
"Ambiguous Interface","https://github.com/Dlumior/Sinapxon-Interfaces"
"Ambiguous Interface","https://github.com/Dmitrii-test/SberHomeWork"
"Ambiguous Interface","https://github.com/DmitriiBorisov1990/CRM_Trainee"
"Ambiguous Interface","https://github.com/Dmitriy-Ivanov-04/photoalbum_web_application"
"Ambiguous Interface","https://github.com/DmitriyChapov/UCSOautotests"
"Ambiguous Interface","https://github.com/DmitriyLy/spring-check"
"Ambiguous Interface","https://github.com/DmitriySokolovskiy/Sniper"
"Ambiguous Interface","https://github.com/DmitriyVolik/Forum-MVC"
"Ambiguous Interface","https://github.com/DmitryKovtun/SkyTrek"
"Ambiguous Interface","https://github.com/DmytroDariienko/oms"
"Ambiguous Interface","https://github.com/DmytroKhmelovskyi/ChatApi"
"Ambiguous Interface","https://github.com/DnTo/testPOIS"
"Ambiguous Interface","https://github.com/Dnagor/LessonsRepository"
"Ambiguous Interface","https://github.com/DoHu-ng/App-for-multiple-choice-exams"
"Ambiguous Interface","https://github.com/Doc671/MarbleBot"
"Ambiguous Interface","https://github.com/DocuBricks/docubricksSite"
"Ambiguous Interface","https://github.com/Doddler/RagnarokRebuild"
"Ambiguous Interface","https://github.com/DogFoot-MJU/Insurance-System-App"
"Ambiguous Interface","https://github.com/DoganMikeTuran/Assignment2and3"
"Ambiguous Interface","https://github.com/DogusTeknoloji/dsm-ui-api"
"Ambiguous Interface","https://github.com/DominicLGit/BasicCRUDTool3"
"Ambiguous Interface","https://github.com/DominusOmnium/Traktorina"
"Ambiguous Interface","https://github.com/DonPangPang/Pang.Blog"
"Ambiguous Interface","https://github.com/DonggeonHa/ThanksTay"
"Ambiguous Interface","https://github.com/Doodser/DiplomaWork"
"Ambiguous Interface","https://github.com/Doom306/Userphone"
"Ambiguous Interface","https://github.com/Doozie7/TaskClerkDesktop"
"Ambiguous Interface","https://github.com/Doraku/DefaultDocumentation"
"Ambiguous Interface","https://github.com/Doraku/DefaultEcs"
"Ambiguous Interface","https://github.com/Dormarble/Dinner-Service"
"Ambiguous Interface","https://github.com/DotNetAnalyzers/StyleCopAnalyzers"
"Ambiguous Interface","https://github.com/DotNetters/visualstudiolaunch2019"
"Ambiguous Interface","https://github.com/DotSpatial/NetTopologySuite"
"Ambiguous Interface","https://github.com/DouMaokang/SoftwareGenius"
"Ambiguous Interface","https://github.com/DouShaoxun/cloud-study"
"Ambiguous Interface","https://github.com/DoublePoint/no1"
"Ambiguous Interface","https://github.com/Dougddb/ebook_jee"
"Ambiguous Interface","https://github.com/Douglas-Dorug/MyBank-Treinamento_Indra"
"Ambiguous Interface","https://github.com/DouglasMarq/Fast-Do"
"Ambiguous Interface","https://github.com/DouglasRamirez1/JDBC_P2"
"Ambiguous Interface","https://github.com/Dpineda89/Proyecto-Delivery2021"
"Ambiguous Interface","https://github.com/Dpineda89/Proyecto-L3-2021"
"Ambiguous Interface","https://github.com/DrDocx/DrDocx-Master"
"Ambiguous Interface","https://github.com/DrJohnMelville/Melville"
"Ambiguous Interface","https://github.com/DrMboga/WotBlitzStatician"
"Ambiguous Interface","https://github.com/DragonHeart000/BackFire"
"Ambiguous Interface","https://github.com/DragonKnightOfBreeze/Integrated-Study"
"Ambiguous Interface","https://github.com/DragonKoc/codespace"
"Ambiguous Interface","https://github.com/DragonerYan/greenPigHumHumHum"
"Ambiguous Interface","https://github.com/Dragonflares/GDD_T_REX"
"Ambiguous Interface","https://github.com/Dragontalker/SSM-study-notes"
"Ambiguous Interface","https://github.com/Draxawox/QAA_Exercises"
"Ambiguous Interface","https://github.com/DreamCity-Develop-Group/dream-city"
"Ambiguous Interface","https://github.com/DreamInfoZP/java-base"
"Ambiguous Interface","https://github.com/DreamersIncStudios/ECS-IAUS-sytstem"
"Ambiguous Interface","https://github.com/Dreamescaper/GenerateAspNetCoreClient"
"Ambiguous Interface","https://github.com/Drexel2k/VidUp"
"Ambiguous Interface","https://github.com/DriftyOppossum90/TaskAppWeb"
"Ambiguous Interface","https://github.com/Driv3RGo/PizzaHP"
"Ambiguous Interface","https://github.com/Dromara/hmily"
"Ambiguous Interface","https://github.com/Dromara/soul"
"Ambiguous Interface","https://github.com/Drona-Org/SOTERonROS"
"Ambiguous Interface","https://github.com/Dropsleutelaars/IGN-InsertGroupName"
"Ambiguous Interface","https://github.com/Drovoseek/GPSHelper"
"Ambiguous Interface","https://github.com/Drutol/AoTracker"
"Ambiguous Interface","https://github.com/Druzil01/PoEHelper"
"Ambiguous Interface","https://github.com/DuCheAnh/QLTV"
"Ambiguous Interface","https://github.com/DuanTranHuy/Asp.net-core-architecture"
"Ambiguous Interface","https://github.com/DuarteFelicio/DataAnnotation"
"Ambiguous Interface","https://github.com/DucLongDTH/GameBook_ctdlgt"
"Ambiguous Interface","https://github.com/DuckMinKim/BulletGame-master"
"Ambiguous Interface","https://github.com/DudnikDev/Cerberus"
"Ambiguous Interface","https://github.com/DulceIslas/apiservices1811"
"Ambiguous Interface","https://github.com/Dumpling545/Module-2-Rest-API-Basics-Task"
"Ambiguous Interface","https://github.com/DurgasriThamada/DurgasriThamadaTraining2021"
"Ambiguous Interface","https://github.com/DurianSUN/Music-Player-for-Android"
"Ambiguous Interface","https://github.com/DustLanguage/Dust"
"Ambiguous Interface","https://github.com/Dustray/VicoldUtility"
"Ambiguous Interface","https://github.com/DuvalValentin/AlgorithmiqueDesGraphes"
"Ambiguous Interface","https://github.com/Duy-Phuong/trainning"
"Ambiguous Interface","https://github.com/DuyJohannes0870/dryShop"
"Ambiguous Interface","https://github.com/DuyTran1998/Xamarin_BTVN-1"
"Ambiguous Interface","https://github.com/DvcLAB/dockerhub"
"Ambiguous Interface","https://github.com/DwangDistracted/ElevatorSimulator_SYSC3303"
"Ambiguous Interface","https://github.com/Dwiecko/Technologie.NET"
"Ambiguous Interface","https://github.com/DwinR6/AyTOne"
"Ambiguous Interface","https://github.com/DwinR6/ContactosCRUD"
"Ambiguous Interface","https://github.com/DwinR6/CosasXHacer"
"Ambiguous Interface","https://github.com/DwinR6/ObjetosOne"
"Ambiguous Interface","https://github.com/Dylan666666/MyShopSystem_2020"
"Ambiguous Interface","https://github.com/DylanKoh/Kazan_Session1_Mobile_14_9"
"Ambiguous Interface","https://github.com/DylanKoh/Kazan_Session1_Mobile_22_9"
"Ambiguous Interface","https://github.com/DylanKoh/Kazan_Session5_Mobile_21_9"
"Ambiguous Interface","https://github.com/Dylanjor/GsfCoffee"
"Ambiguous Interface","https://github.com/Dynatrace/OneAgent-SDK-for-dotnet"
"Ambiguous Interface","https://github.com/DzmitryKravchuk/bikesharing"
"Ambiguous Interface","https://github.com/DzmitrySH/MarriageAgency"
"Ambiguous Interface","https://github.com/DzmitrySH/TransportWorkshopCore"
"Ambiguous Interface","https://github.com/E-System/common-spring"
"Ambiguous Interface","https://github.com/EAMehdi/ProjetThymio"
"Ambiguous Interface","https://github.com/EAron1/FeritJava"
"Ambiguous Interface","https://github.com/EDGW/OMCLC"
"Ambiguous Interface","https://github.com/EFUB-SeeMe/SeeMe_Server"
"Ambiguous Interface","https://github.com/EMAM1999/Java_Committee_2021"
"Ambiguous Interface","https://github.com/EMREXEU/fi-ncp"
"Ambiguous Interface","https://github.com/EMY1046/V_Marketplace"
"Ambiguous Interface","https://github.com/EMraan619/SharafDG"
"Ambiguous Interface","https://github.com/EN-IH-WDPT-JUN21/CSharks-MicroserviceRestructure"
"Ambiguous Interface","https://github.com/EN-IH-WDPT-JUN21/Stolen-Name-LBL-Trucking_Company_Homework-3"
"Ambiguous Interface","https://github.com/EN-IH-WDPT-JUN21/kat-wasik-Midterm-Project-Banking-System"
"Ambiguous Interface","https://github.com/EN-IH-WDPT-JUN21/miniProject_group1_monolith"
"Ambiguous Interface","https://github.com/ETDA/e-TaxInvoice-PDFgen"
"Ambiguous Interface","https://github.com/EVitelli/WS_Prova_Nacional2016"
"Ambiguous Interface","https://github.com/EZGames/functional-java"
"Ambiguous Interface","https://github.com/Eachzx/security-vuecli"
"Ambiguous Interface","https://github.com/Eaindrae/QuesandAns"
"Ambiguous Interface","https://github.com/Eaindrae/authauthbotbot"
"Ambiguous Interface","https://github.com/Eastwood97/hotspot-admin-api"
"Ambiguous Interface","https://github.com/EasyFarm/EasyFarm"
"Ambiguous Interface","https://github.com/EasyL0ver/CoreWars"
"Ambiguous Interface","https://github.com/EasyNetQ/EasyNetQ"
"Ambiguous Interface","https://github.com/EatWorlds/KouTWeb"
"Ambiguous Interface","https://github.com/Eaydenser/RuoyiCloud-mybatisPlus-Tenant"
"Ambiguous Interface","https://github.com/Eb0nheart/SSSoftware.DesignatedDriver"
"Ambiguous Interface","https://github.com/EbiEga/ega-permissions"
"Ambiguous Interface","https://github.com/Ecat3rina/OnlineConcertTicketShop"
"Ambiguous Interface","https://github.com/Eclair-F/cloud-blog"
"Ambiguous Interface","https://github.com/EdanurAnlayan/ServiceXamarin"
"Ambiguous Interface","https://github.com/EdenRidgway/gfcdock"
"Ambiguous Interface","https://github.com/EdgardOliveira/Quiz"
"Ambiguous Interface","https://github.com/EdiWang/Moonglade"
"Ambiguous Interface","https://github.com/EdigaHe/modelec"
"Ambiguous Interface","https://github.com/EdilCommerceDesign/ProgettoEclipse"
"Ambiguous Interface","https://github.com/EdilvaCarvalho/sis-acs-app"
"Ambiguous Interface","https://github.com/EdinZecevic/FilmFestival"
"Ambiguous Interface","https://github.com/EdisonESTL/Yintu"
"Ambiguous Interface","https://github.com/EdrowsLuo/EdlGameFramework"
"Ambiguous Interface","https://github.com/EduCCor/proyecto-bank-servicios"
"Ambiguous Interface","https://github.com/EduardDumitru/MediApp_CleanArchitecture"
"Ambiguous Interface","https://github.com/Eduardo-Quirino/AppClientes"
"Ambiguous Interface","https://github.com/EduardoColon/Seguridad"
"Ambiguous Interface","https://github.com/EduardoThums/help-desk-mobile"
"Ambiguous Interface","https://github.com/EdwinOlivera/Ejemplos-de-codigo"
"Ambiguous Interface","https://github.com/Edwinsean/Xyhdrate"
"Ambiguous Interface","https://github.com/EffortIkkyu/Blog_mszl"
"Ambiguous Interface","https://github.com/Efka2/4-the-game"
"Ambiguous Interface","https://github.com/Egor454/-Lamborgini-.ASP-NET-MVC"
"Ambiguous Interface","https://github.com/Egordoesprogramming/AudioTactileGlobe"
"Ambiguous Interface","https://github.com/EgudaPeter/Ajoor"
"Ambiguous Interface","https://github.com/EgyFalseX/Netsync-Datacenter"
"Ambiguous Interface","https://github.com/EhigieO/dietelExercises"
"Ambiguous Interface","https://github.com/Eilon/Hubbup"
"Ambiguous Interface","https://github.com/Ejdeguzman72/DeGuzmanStuffAnywhere1.0-Backend"
"Ambiguous Interface","https://github.com/Ejdeguzman72/DeGuzmanStuffAnywhere2.0-API"
"Ambiguous Interface","https://github.com/Ekaterinastr/Lopushok"
"Ambiguous Interface","https://github.com/ElFoehammer/WuhuArtOnline"
"Ambiguous Interface","https://github.com/Elawill/DIPLOM"
"Ambiguous Interface","https://github.com/EldHasp/StudentDormitories"
"Ambiguous Interface","https://github.com/Eldar56048/service-backend"
"Ambiguous Interface","https://github.com/EldarMamishev/Cinemarx"
"Ambiguous Interface","https://github.com/Elders/be-a-better-dev"
"Ambiguous Interface","https://github.com/ElectroHaRe/HomeWorks"
"Ambiguous Interface","https://github.com/ElenaRzn/db_course_work"
"Ambiguous Interface","https://github.com/ElenaSat/MovilFinalCrea"
"Ambiguous Interface","https://github.com/EleonorManolova/SoftwareEngineering-SoftUni"
"Ambiguous Interface","https://github.com/Elienaldo/AppProCiencia"
"Ambiguous Interface","https://github.com/Eline777/AngularProject_BackEnd"
"Ambiguous Interface","https://github.com/Elizabeth8353/Intelij-Batch-10"
"Ambiguous Interface","https://github.com/Elizabeth8353/Java-Batch-10"
"Ambiguous Interface","https://github.com/ElizavetaBond/ProjectLab"
"Ambiguous Interface","https://github.com/Ellery-Lee/SSM_Project"
"Ambiguous Interface","https://github.com/ElliotSchemmel/SSEssentials"
"Ambiguous Interface","https://github.com/Elmer1992/back-end-privado"
"Ambiguous Interface","https://github.com/Elmimouni98/products-categories"
"Ambiguous Interface","https://github.com/ElnurMustafayev/Desing-Patterns"
"Ambiguous Interface","https://github.com/ElsieOtube/StrathDriver"
"Ambiguous Interface","https://github.com/Elskom/newsmake"
"Ambiguous Interface","https://github.com/Elstac/BillApp"
"Ambiguous Interface","https://github.com/Elsying/lsying-admin"
"Ambiguous Interface","https://github.com/Eltrien/field-of-wonders"
"Ambiguous Interface","https://github.com/EmanuelGabriel/processos-api"
"Ambiguous Interface","https://github.com/Embodimentgeniuslm3/improved-memory"
"Ambiguous Interface","https://github.com/EmilFrick/SoloProject1"
"Ambiguous Interface","https://github.com/EmilianoAndrada86/proyectoJuego"
"Ambiguous Interface","https://github.com/EmilianoAndrada86/vacunas"
"Ambiguous Interface","https://github.com/EmilieMacary/ProjetGit"
"Ambiguous Interface","https://github.com/EmilisM/record-keep-api"
"Ambiguous Interface","https://github.com/Emin404/MobileShop"
"Ambiguous Interface","https://github.com/Eminaa97/fit-body"
"Ambiguous Interface","https://github.com/EmirBalci/EntityFrameworkCore"
"Ambiguous Interface","https://github.com/EmirSab/PaymentModule"
"Ambiguous Interface","https://github.com/EmirhanAksoy/Post-It"
"Ambiguous Interface","https://github.com/Emirhans/Meridia"
"Ambiguous Interface","https://github.com/EmmanuelAsmFun/asmfun"
"Ambiguous Interface","https://github.com/EmmanuelDav/Hostel-Management"
"Ambiguous Interface","https://github.com/EmptyKeys/UI_Generator"
"Ambiguous Interface","https://github.com/EmreB99/StaySafeApp"
"Ambiguous Interface","https://github.com/Encamina/Blogs"
"Ambiguous Interface","https://github.com/Energizers/Energize"
"Ambiguous Interface","https://github.com/EngageSoftware/Engage-Survey"
"Ambiguous Interface","https://github.com/Engine194/RAILWAY06"
"Ambiguous Interface","https://github.com/EngineeringAcousticsInc/EngineeringAcoustics.CurveEditor"
"Ambiguous Interface","https://github.com/EngineersBox/YAJGE"
"Ambiguous Interface","https://github.com/EnopoSid/EnopoSAAS"
"Ambiguous Interface","https://github.com/Enric-Gilabert/BlazorHero2.2"
"Ambiguous Interface","https://github.com/EnriquePaulino/MyLeasing"
"Ambiguous Interface","https://github.com/EnsarBalik/ColorSwitchCopy"
"Ambiguous Interface","https://github.com/EnterpriseBusWorkshop/MagicBus"
"Ambiguous Interface","https://github.com/EntryDSM/Husky"
"Ambiguous Interface","https://github.com/EomTaeWook/AppPlayerMacro"
"Ambiguous Interface","https://github.com/EpicPlum/Prog3_beleg"
"Ambiguous Interface","https://github.com/Epicom-App/epicom-middleware"
"Ambiguous Interface","https://github.com/Epimetheus12/Itlize"
"Ambiguous Interface","https://github.com/Eplus-developer/TIA-online-platform-server"
"Ambiguous Interface","https://github.com/Epsilonche/RegistrationAndLogin"
"Ambiguous Interface","https://github.com/Equinox-/MedievalEngineersMiscMods"
"Ambiguous Interface","https://github.com/Ercenk/AzureMarketplaceSaaSApiClient"
"Ambiguous Interface","https://github.com/EricLeeSanders/last-defenders"
"Ambiguous Interface","https://github.com/EricMonsta/CoAd"
"Ambiguous Interface","https://github.com/EricSmith3542/GameJam2"
"Ambiguous Interface","https://github.com/EricZimmerman/AmcacheParser"
"Ambiguous Interface","https://github.com/ErickIR/refFactory-App"
"Ambiguous Interface","https://github.com/Ericmas001/eric-media-center"
"Ambiguous Interface","https://github.com/Ericmas001/lou-mapinfo"
"Ambiguous Interface","https://github.com/Erikyy/Erik-Ylavere-mobiilirakenduste-arendus-TA-18E"
"Ambiguous Interface","https://github.com/Erlan01/CommunicationCompany"
"Ambiguous Interface","https://github.com/Erlan01/app-clickup"
"Ambiguous Interface","https://github.com/Erlo99/WmsWebApi"
"Ambiguous Interface","https://github.com/Ernest96/DAA-LABS"
"Ambiguous Interface","https://github.com/Eroding/sbYjm"
"Ambiguous Interface","https://github.com/Erwerner/gen"
"Ambiguous Interface","https://github.com/ErwinSuwito/PayrollApp"
"Ambiguous Interface","https://github.com/Eschechola/ChurrasCalculator"
"Ambiguous Interface","https://github.com/Eschechola/FundamentosArquitetura"
"Ambiguous Interface","https://github.com/Esjihn/SpotifySearch_SWENG861"
"Ambiguous Interface","https://github.com/Esk-Borba/S.A-Pro-Chefe"
"Ambiguous Interface","https://github.com/Eskat0n/linqtowindows"
"Ambiguous Interface","https://github.com/EsraaMegdadi/Farmer.E-Market"
"Ambiguous Interface","https://github.com/Esri/arcgis-runtime-samples-dotnet"
"Ambiguous Interface","https://github.com/Esri/arcgis-toolkit-dotnet"
"Ambiguous Interface","https://github.com/Esri/data-collection-dotnet"
"Ambiguous Interface","https://github.com/Essviv/workspace"
"Ambiguous Interface","https://github.com/Eth0Ath0/eormBackend"
"Ambiguous Interface","https://github.com/Ethan-Meleah/AnxietyNZ"
"Ambiguous Interface","https://github.com/Etienereum/JavaPatterns"
"Ambiguous Interface","https://github.com/Eunjnnn/Youtube-Downloader"
"Ambiguous Interface","https://github.com/EunwooSong/2019_TPS_Game"
"Ambiguous Interface","https://github.com/EusebiuTimofte/SaveASoul"
"Ambiguous Interface","https://github.com/EvadS/design_pattern_samples"
"Ambiguous Interface","https://github.com/EvanLiu2968/spring-boot-crud"
"Ambiguous Interface","https://github.com/EvelynFernanda/Curso-de-Java"
"Ambiguous Interface","https://github.com/EventManagerAnthill/EventManagerAPI"
"Ambiguous Interface","https://github.com/EventStore/EventStore"
"Ambiguous Interface","https://github.com/Evervolv/android_packages_apps_PhoneCommon"
"Ambiguous Interface","https://github.com/Evervolv/android_packages_inputmethods_LatinIME"
"Ambiguous Interface","https://github.com/EverywhereWeGo/G-xingcheng-api-master"
"Ambiguous Interface","https://github.com/EvgeniyBudaev/javarush"
"Ambiguous Interface","https://github.com/EvgenyMuryshkin/QuokkaEvaluation"
"Ambiguous Interface","https://github.com/Evie-Skinner18/ResolutionTracker"
"Ambiguous Interface","https://github.com/EvilCorp-ksp/Kerbanomics"
"Ambiguous Interface","https://github.com/EvilE1337/BoxBoost"
"Ambiguous Interface","https://github.com/EvilKitte/Roller-Madness"
"Ambiguous Interface","https://github.com/Evitagen/Cryfolio"
"Ambiguous Interface","https://github.com/EwenTsai/BS-api"
"Ambiguous Interface","https://github.com/ExLeonem/ALGO-WS1920"
"Ambiguous Interface","https://github.com/Exaltrse/JD2_Ushkov_FinalProject"
"Ambiguous Interface","https://github.com/ExcelDataReader/ExcelDataReader"
"Ambiguous Interface","https://github.com/ExiledRedSoul/SapperSoul"
"Ambiguous Interface","https://github.com/Exmortem/MagitekRoutine"
"Ambiguous Interface","https://github.com/Exokem/OpenPriority"
"Ambiguous Interface","https://github.com/Expeth/GtaOnlineKeyboardHook"
"Ambiguous Interface","https://github.com/Exrick/xboot"
"Ambiguous Interface","https://github.com/EzeDlr/DAW2021-1r"
"Ambiguous Interface","https://github.com/EzeGmnz/AdminTurnos"
"Ambiguous Interface","https://github.com/F1k1pho3n1x/FireAndWater"
"Ambiguous Interface","https://github.com/FAFOrco/Webinear"
"Ambiguous Interface","https://github.com/FER723/microservice-cqrs-ddd"
"Ambiguous Interface","https://github.com/FIFARenderZ/EPYC-Rome-Overclock"
"Ambiguous Interface","https://github.com/FJvanEeden/WebAPI-Template-Project"
"Ambiguous Interface","https://github.com/FL111/SpringBoot-"
"Ambiguous Interface","https://github.com/FMSC-Measurements/NatCruise"
"Ambiguous Interface","https://github.com/FRSummit/Reporting-Module"
"Ambiguous Interface","https://github.com/FTSRG/trainbenchmark-ttc"
"Ambiguous Interface","https://github.com/Fabio-Morais/Learning-Java"
"Ambiguous Interface","https://github.com/FabioMuriloGabriel/Desenvolvedor.IO-Modelagem-de-Dominios-Ricos"
"Ambiguous Interface","https://github.com/Fabricio757/TanteadorV4"
"Ambiguous Interface","https://github.com/FacundoDecena/SOAP"
"Ambiguous Interface","https://github.com/FacundoMinicucci/Aceleracion-Alkemy"
"Ambiguous Interface","https://github.com/Fadut/FWApp-1semester"
"Ambiguous Interface","https://github.com/FaierAndreea/Bijuteria-Eve"
"Ambiguous Interface","https://github.com/Fairlay/FairlayDotNetClient"
"Ambiguous Interface","https://github.com/FajarFaturrahman/SppPay"
"Ambiguous Interface","https://github.com/FakeDomi/Up"
"Ambiguous Interface","https://github.com/Famaqq/NewRongSys"
"Ambiguous Interface","https://github.com/FamingHou/CassiaMallServer"
"Ambiguous Interface","https://github.com/FanZejie/coffee"
"Ambiguous Interface","https://github.com/FanapSoft/pod-data-labeling"
"Ambiguous Interface","https://github.com/Fanlu91/geekbang-java"
"Ambiguous Interface","https://github.com/FantaStudio/Esoft"
"Ambiguous Interface","https://github.com/FantasyIsWindow/CatAlog"
"Ambiguous Interface","https://github.com/FantasyIsWindow/DbComparator"
"Ambiguous Interface","https://github.com/Farbfetzen/Java-Course-Projects"
"Ambiguous Interface","https://github.com/FarhanQ7/MAli_site"
"Ambiguous Interface","https://github.com/Farnam88/Loyalty-Prime-Assignment"
"Ambiguous Interface","https://github.com/FarouqAnNajaby/riset_itcc"
"Ambiguous Interface","https://github.com/Farschidus/Tournamentus-MVC"
"Ambiguous Interface","https://github.com/FasterXML/Woodstox4"
"Ambiguous Interface","https://github.com/Fateblade/Alexandria"
"Ambiguous Interface","https://github.com/FatturaElettronica/FatturaElettronica.NET"
"Ambiguous Interface","https://github.com/FatturaElettronicaPA/FatturaElettronicaPA"
"Ambiguous Interface","https://github.com/FaxBoy/mouse"
"Ambiguous Interface","https://github.com/Fazzani/Synker"
"Ambiguous Interface","https://github.com/Feaxxae/Vortex80sGame"
"Ambiguous Interface","https://github.com/FedeAram95/Tienda-apirest"
"Ambiguous Interface","https://github.com/Fedoop1/GenericRepositoryPractice"
"Ambiguous Interface","https://github.com/Felandil/tangle-.net"
"Ambiguous Interface","https://github.com/FelipeDAlencar/Sistema_Provedor_FBD2018_1"
"Ambiguous Interface","https://github.com/FelipeGorostiaga/PAW-TravelApp"
"Ambiguous Interface","https://github.com/FelixAcv2/DiplomadoUnapecDevMovil"
"Ambiguous Interface","https://github.com/FelixMarin/searchitemsapp-spring-boot-api"
"Ambiguous Interface","https://github.com/FelixSchoen/ParlorPlace"
"Ambiguous Interface","https://github.com/Feltman-Development/FDev.Rules"
"Ambiguous Interface","https://github.com/Fenghao-cwn/MyPlay"
"Ambiguous Interface","https://github.com/Fengjiya/JavaBaseRelearning"
"Ambiguous Interface","https://github.com/FenikkusuKoneko/RiasBot"
"Ambiguous Interface","https://github.com/FernandoChahua/Proyecto-TDP-Backend"
"Ambiguous Interface","https://github.com/FernandoDanielQuispe/PrimerParcial"
"Ambiguous Interface","https://github.com/Feue/online_retailers"
"Ambiguous Interface","https://github.com/FeyverkSoft/game-coffers"
"Ambiguous Interface","https://github.com/Fgfj/FanweLive"
"Ambiguous Interface","https://github.com/Fidele-COULON/snippets-java"
"Ambiguous Interface","https://github.com/FightingBabybear/basic_java"
"Ambiguous Interface","https://github.com/FightingBabybear/basicjava"
"Ambiguous Interface","https://github.com/Fike-Rehman/Juno"
"Ambiguous Interface","https://github.com/FikretCansel/Hrms-SpringBoot"
"Ambiguous Interface","https://github.com/Filastian/Songer-Old"
"Ambiguous Interface","https://github.com/FilipFalinski/Games_Project"
"Ambiguous Interface","https://github.com/Filipp-System/Filipp-System"
"Ambiguous Interface","https://github.com/FinalCore/OOPLearning"
"Ambiguous Interface","https://github.com/FionnBrowne/FitBuddy"
"Ambiguous Interface","https://github.com/Fiqrimfnf/Tugas_kuliah"
"Ambiguous Interface","https://github.com/FirebrandTech/fcs-sdk-net"
"Ambiguous Interface","https://github.com/FisSher/FPUAI"
"Ambiguous Interface","https://github.com/FizzyAgent/Playbook"
"Ambiguous Interface","https://github.com/FlaUI/FlaUI"
"Ambiguous Interface","https://github.com/Flashrow/HotelManagmentSystemBackend"
"Ambiguous Interface","https://github.com/FlauschigDings/Structogreiner"
"Ambiguous Interface","https://github.com/Flave1/Libraryhub"
"Ambiguous Interface","https://github.com/FlavioRoberto/SGH_TCC"
"Ambiguous Interface","https://github.com/FlightNode/FlightNode.Api"
"Ambiguous Interface","https://github.com/FloRide1/Robocup2022"
"Ambiguous Interface","https://github.com/FlorenciaPenaranda/utn_prog_y_lab_II"
"Ambiguous Interface","https://github.com/Floydan/discord-pickup-bot"
"Ambiguous Interface","https://github.com/FlyingCowTMS/Flying_Cow_TMS"
"Ambiguous Interface","https://github.com/Flytre/Mechanix"
"Ambiguous Interface","https://github.com/FokhrulAlam/programming-with-Java"
"Ambiguous Interface","https://github.com/ForNeVeR/CyclopsChat"
"Ambiguous Interface","https://github.com/Fordclifford/mifos-1.2"
"Ambiguous Interface","https://github.com/ForestryMC/Binnie"
"Ambiguous Interface","https://github.com/Foretold-Software/csdotnet"
"Ambiguous Interface","https://github.com/Formerscholar/my-ruoyi-api-default"
"Ambiguous Interface","https://github.com/ForteScarlet/simple-plusutils"
"Ambiguous Interface","https://github.com/Forward233/boot-test"
"Ambiguous Interface","https://github.com/Fox15145/MobileXamarin"
"Ambiguous Interface","https://github.com/FoxShadew/JustEnoughDebugTools"
"Ambiguous Interface","https://github.com/Fr113NM/Karudo"
"Ambiguous Interface","https://github.com/FranSpinelli/DesApp-Grupo-K-012021-backend"
"Ambiguous Interface","https://github.com/Francis-Young/tongjiyun"
"Ambiguous Interface","https://github.com/FrancoisBotes27139433/TicketingSystem"
"Ambiguous Interface","https://github.com/FraneYang/HJGL"
"Ambiguous Interface","https://github.com/Franiac/TwitchLeecher"
"Ambiguous Interface","https://github.com/FrankIsCool/frank"
"Ambiguous Interface","https://github.com/FrankMi101/EPA"
"Ambiguous Interface","https://github.com/Frankofoedu/SentiSyt"
"Ambiguous Interface","https://github.com/FransPrincen/Grandnode1"
"Ambiguous Interface","https://github.com/FrederickEskens/VolleyRank"
"Ambiguous Interface","https://github.com/Fredrikriise/IndividuellAngular"
"Ambiguous Interface","https://github.com/FreelanceDev217/OrderPack"
"Ambiguous Interface","https://github.com/FreemanLX/IntegrateOS"
"Ambiguous Interface","https://github.com/FreneticLLC/FreneticGameEngine"
"Ambiguous Interface","https://github.com/Friiqi/Android-virtuaaliesittely_uusi"
"Ambiguous Interface","https://github.com/FritzDavid/group_B_Ballgame"
"Ambiguous Interface","https://github.com/FrutosGaston/home-poker-planning"
"Ambiguous Interface","https://github.com/FuHuiYang/swagger2"
"Ambiguous Interface","https://github.com/FuSoftware/FHXTools"
"Ambiguous Interface","https://github.com/FumingcAI666/Tmall_ssm"
"Ambiguous Interface","https://github.com/Furkan7788/firsatWebProjesi"
"Ambiguous Interface","https://github.com/FurkanGozukara/Advanced-Programming-2020"
"Ambiguous Interface","https://github.com/Furmaniuk-Iryna/Java-2021-summer"
"Ambiguous Interface","https://github.com/Furthen64/kkbot"
"Ambiguous Interface","https://github.com/FutureAIGuru/BrainSimII"
"Ambiguous Interface","https://github.com/FutureProcessing/document-juggler"
"Ambiguous Interface","https://github.com/Fuza322/Online-Auction"
"Ambiguous Interface","https://github.com/Fydar/Expresser"
"Ambiguous Interface","https://github.com/FyodorZh/match3"
"Ambiguous Interface","https://github.com/FyrStarter/LearningCSharp"
"Ambiguous Interface","https://github.com/Fyrklod/javapro-blog-backend"
"Ambiguous Interface","https://github.com/G-16-17/MadhanMohan_922338_016"
"Ambiguous Interface","https://github.com/G-16-17/Rajkumar_938302_017"
"Ambiguous Interface","https://github.com/G-16-17/Taranpreet_922394_016"
"Ambiguous Interface","https://github.com/GAM-4-5/SpaceRTS"
"Ambiguous Interface","https://github.com/GAPSYSTEMEC/CM3000"
"Ambiguous Interface","https://github.com/GCSoft/Agenda"
"Ambiguous Interface","https://github.com/GCSoft/BHM"
"Ambiguous Interface","https://github.com/GDGSXY/gdbtu-admin-back"
"Ambiguous Interface","https://github.com/GDLinford/Oct2ndTutorial"
"Ambiguous Interface","https://github.com/GDeath019/XongFormMain"
"Ambiguous Interface","https://github.com/GGEYE/COMP30019-UI"
"Ambiguous Interface","https://github.com/GGranadosEAN/Desarrollo-Guia1"
"Ambiguous Interface","https://github.com/GHorozov/06.-CSharp-Web"
"Ambiguous Interface","https://github.com/GIM13/C-Sharp-OOP"
"Ambiguous Interface","https://github.com/GISCODE/arcgis-pro-sdk-community-samples"
"Ambiguous Interface","https://github.com/GJXAIOU/SourceCode"
"Ambiguous Interface","https://github.com/GLovett19/NeonHighway"
"Ambiguous Interface","https://github.com/GMF018/GMFComponent"
"Ambiguous Interface","https://github.com/GPAS-GP/WinRep_ML"
"Ambiguous Interface","https://github.com/GRaj-gitHub/B-Clean"
"Ambiguous Interface","https://github.com/GSA/CIW"
"Ambiguous Interface","https://github.com/GSOsborne/Oversaturated"
"Ambiguous Interface","https://github.com/GTAVM/ClearScript-5.6.0"
"Ambiguous Interface","https://github.com/GTAVM/MapEditor2"
"Ambiguous Interface","https://github.com/GUSAR1T0/VXDS-DEV-TOOLS"
"Ambiguous Interface","https://github.com/Ga1ahad/BackendPJA"
"Ambiguous Interface","https://github.com/Gab314/Tibbi"
"Ambiguous Interface","https://github.com/Gabi1M/DrivingAssistant"
"Ambiguous Interface","https://github.com/Gabriel-brogni-bento/TavernaAmbulante"
"Ambiguous Interface","https://github.com/GabrielDMachado92/SapatosADS"
"Ambiguous Interface","https://github.com/GabrielFierro237/ProyectoPVII"
"Ambiguous Interface","https://github.com/GagaKor/teamProject-TripDay-API"
"Ambiguous Interface","https://github.com/Gailletpp/Sgbd_Resto4You"
"Ambiguous Interface","https://github.com/Galacticus3/Tasks"
"Ambiguous Interface","https://github.com/GaleevIA/3DShooter"
"Ambiguous Interface","https://github.com/Galileo88/Galileos-Planet-Pack"
"Ambiguous Interface","https://github.com/GalymTlektesov/VR_Unity"
"Ambiguous Interface","https://github.com/Galymsatt/.NET_Project"
"Ambiguous Interface","https://github.com/GameMakerDiscord/YoYoProject"
"Ambiguous Interface","https://github.com/GamerArjun/SDD_SnakesAndLadders_AT2"
"Ambiguous Interface","https://github.com/Gamikuya/aiot"
"Ambiguous Interface","https://github.com/GaoQing00/test_ssm"
"Ambiguous Interface","https://github.com/Gaojinchao/credit_report"
"Ambiguous Interface","https://github.com/Garnett05/App1"
"Ambiguous Interface","https://github.com/Garua/ssm_crud"
"Ambiguous Interface","https://github.com/Gasimzade09/lets-speak"
"Ambiguous Interface","https://github.com/Gaspor/business"
"Ambiguous Interface","https://github.com/Gathouria/Adopt-Skin"
"Ambiguous Interface","https://github.com/Gathouria/Adopt-Skin-MP"
"Ambiguous Interface","https://github.com/GaussYuan191/birtu-oj-knowledge-graph-master"
"Ambiguous Interface","https://github.com/Gav06/Moonlight"
"Ambiguous Interface","https://github.com/GavinHome/Al.vNext"
"Ambiguous Interface","https://github.com/Gayatri33-lang/GitDemo3sep"
"Ambiguous Interface","https://github.com/GeRDI-Project/JsonLibraries_Harvester-Libraries"
"Ambiguous Interface","https://github.com/GedasFX/Alderto"
"Ambiguous Interface","https://github.com/GeeBeisH/mudMaster"
"Ambiguous Interface","https://github.com/Geek05/ExampleJava"
"Ambiguous Interface","https://github.com/GeekyEggo/SharpDeck"
"Ambiguous Interface","https://github.com/GeertBellekens/vienna-add-in-BE"
"Ambiguous Interface","https://github.com/Gehazzz/dynamic-data-managment"
"Ambiguous Interface","https://github.com/Geir-Gaustad/automatedtestsgat"
"Ambiguous Interface","https://github.com/Genbox/WolframAlpha"
"Ambiguous Interface","https://github.com/Geneva33/CS61B-sp18"
"Ambiguous Interface","https://github.com/GennadyPortenko/leo-food"
"Ambiguous Interface","https://github.com/GenoGenov/KnowledgeSpreadSystem"
"Ambiguous Interface","https://github.com/Geo-Cubed/Squid-League-4"
"Ambiguous Interface","https://github.com/GeonwooVincentKim/NewJavaAlgorithm"
"Ambiguous Interface","https://github.com/GeorgDV/Mobiilirakenduste_Alused"
"Ambiguous Interface","https://github.com/GeorgeAlexandria/CoCo"
"Ambiguous Interface","https://github.com/GeorgeCrownZ/study-shiro-master"
"Ambiguous Interface","https://github.com/GeorgeET15/G-Share"
"Ambiguous Interface","https://github.com/GeorgeLeithead/LiLo.Lite"
"Ambiguous Interface","https://github.com/Georgefiotakis/gamifiedRecommenderSystem"
"Ambiguous Interface","https://github.com/GeorgiPangev/Java_Fundamentals"
"Ambiguous Interface","https://github.com/Gerappa92/EShopOnWeb"
"Ambiguous Interface","https://github.com/Gerardo-Sullivan/dev-knowledge-book"
"Ambiguous Interface","https://github.com/GerardoUPM/get_diseases_list_rest"
"Ambiguous Interface","https://github.com/GerhardSchreurs/TMCWorkbench"
"Ambiguous Interface","https://github.com/Gericom/Derailer"
"Ambiguous Interface","https://github.com/Gericom/QPang2OBJ"
"Ambiguous Interface","https://github.com/Gerjunior/MinimundoV2"
"Ambiguous Interface","https://github.com/Gerosomma/Bios"
"Ambiguous Interface","https://github.com/GershyZ/WCAG_PocketGuide"
"Ambiguous Interface","https://github.com/GersonCaballero/BoilerPlateProject"
"Ambiguous Interface","https://github.com/GersonCaballero/ServiceRepository"
"Ambiguous Interface","https://github.com/Gert-rookie/Gert-education"
"Ambiguous Interface","https://github.com/GetFunctional/DillyDally"
"Ambiguous Interface","https://github.com/GetVideostream/NetworkRepairTool"
"Ambiguous Interface","https://github.com/GetcuReone/FactFactory"
"Ambiguous Interface","https://github.com/Ghanashyam1/https-github.com-yrojha4ever-JavaStud"
"Ambiguous Interface","https://github.com/GhayaStory/LearnProject"
"Ambiguous Interface","https://github.com/GhlijyanVahagn/MarketProject"
"Ambiguous Interface","https://github.com/Ghost835545/test_Android"
"Ambiguous Interface","https://github.com/GhostCoderz/AngelDoc"
"Ambiguous Interface","https://github.com/Ghurfa/JavaVirtualMachine"
"Ambiguous Interface","https://github.com/GiGong/Memories"
"Ambiguous Interface","https://github.com/GianmarcoCorsetti/OfficialCodeAcademy"
"Ambiguous Interface","https://github.com/GibraltarSoftware/SourceGrid"
"Ambiguous Interface","https://github.com/GiltinJr42/Final-Destination"
"Ambiguous Interface","https://github.com/GingerNinjaa/Simple-CRUD"
"Ambiguous Interface","https://github.com/Gingerbread-Fetus/6_Zombie_Runner"
"Ambiguous Interface","https://github.com/Gingmin/semi-project"
"Ambiguous Interface","https://github.com/GinoCubeddu/NanoEngine"
"Ambiguous Interface","https://github.com/GioBC/GrowthTrigalRespos"
"Ambiguous Interface","https://github.com/Girish027/assist-selfserve-be"
"Ambiguous Interface","https://github.com/Girumget/GirumBlazor"
"Ambiguous Interface","https://github.com/GitHubForCJJ/CJJ_BlogWcf"
"Ambiguous Interface","https://github.com/GitInVisualStudio/FragenGerangel"
"Ambiguous Interface","https://github.com/GitPicaPica/SistemaInventario"
"Ambiguous Interface","https://github.com/GitScoponi/ApiRobusta"
"Ambiguous Interface","https://github.com/GithubRobot01/xcEdu"
"Ambiguous Interface","https://github.com/Glacier759/EarthquakeMonitor"
"Ambiguous Interface","https://github.com/GlimmerForest/summer_boss"
"Ambiguous Interface","https://github.com/Gluks54/sanitizer-tool"
"Ambiguous Interface","https://github.com/Gmdeng/gzz-ddd"
"Ambiguous Interface","https://github.com/GoSecure/frida-xamarin-unpin"
"Ambiguous Interface","https://github.com/GoXuni/C1-Studio-for-Xamarin"
"Ambiguous Interface","https://github.com/GoffyW/JavaBase"
"Ambiguous Interface","https://github.com/GokulJaeger/SRMB1CoreJava"
"Ambiguous Interface","https://github.com/Golde-nchow/binlog-analyser"
"Ambiguous Interface","https://github.com/Golden007Credentials/https-github.com-graphql-dotnet-graphql-dotnet"
"Ambiguous Interface","https://github.com/GoldfishFive/XinyiBlog"
"Ambiguous Interface","https://github.com/GongziMuchang/my-version-conestogaCarpool"
"Ambiguous Interface","https://github.com/GooDwiNehaa/AIS-Storage-of-text-documents-ASP-Dot-Net-Core-WEB-API-and-Windows-Forms"
"Ambiguous Interface","https://github.com/GoooNight/java_some_tools"
"Ambiguous Interface","https://github.com/Gorgonx7/DissertationGit"
"Ambiguous Interface","https://github.com/Gothama/ProjectBaiscopeCinemaManagementSystem"
"Ambiguous Interface","https://github.com/Gouqiqiqi/LeetCodeGQ"
"Ambiguous Interface","https://github.com/Gouzhong1223/cquptCat"
"Ambiguous Interface","https://github.com/GppCalcagno/SoftEng-Project"
"Ambiguous Interface","https://github.com/Graaf69/Uplift"
"Ambiguous Interface","https://github.com/Grabacr07/KanColleViewer"
"Ambiguous Interface","https://github.com/Grabiobot/SimplifiedTaskScheduler"
"Ambiguous Interface","https://github.com/GraduateThesis-HANU/gradproj-dohaibinh-hanufit1801040022"
"Ambiguous Interface","https://github.com/Grafari/Grafari"
"Ambiguous Interface","https://github.com/GrahamSolution/GsStartupProject"
"Ambiguous Interface","https://github.com/Grant-Ewing/First-Java-Game"
"Ambiguous Interface","https://github.com/Grauenwolf/DotNet-ORM-Cookbook"
"Ambiguous Interface","https://github.com/Gravetar/PersonalPatientAccount"
"Ambiguous Interface","https://github.com/Gravicode/TinyCLR.Drivers"
"Ambiguous Interface","https://github.com/Grawter/SimpleStore"
"Ambiguous Interface","https://github.com/Grax32/fFastInjector"
"Ambiguous Interface","https://github.com/Greatwits/GreatDeals"
"Ambiguous Interface","https://github.com/GreenFireJack/Githubproject"
"Ambiguous Interface","https://github.com/GregCSharp/VTS"
"Ambiguous Interface","https://github.com/GregTechCE/GregTechFE"
"Ambiguous Interface","https://github.com/GregorioCunha007/MyLoLAnalytics"
"Ambiguous Interface","https://github.com/GregoryDr/HelloWorldJava"
"Ambiguous Interface","https://github.com/GreyArmor/SomeRogueMonogame"
"Ambiguous Interface","https://github.com/GreyWolfCxh/cxh-microservices"
"Ambiguous Interface","https://github.com/GriefSyndromeModderTools/GS_PatEditor"
"Ambiguous Interface","https://github.com/Griler/zombie"
"Ambiguous Interface","https://github.com/Grimoric/RunUO.T2A"
"Ambiguous Interface","https://github.com/Grintsys/Grintsys.DomainDrivenArchtectureSample"
"Ambiguous Interface","https://github.com/GrizzlyEnglish/project-poena"
"Ambiguous Interface","https://github.com/GroProGramer/Invoicing-management-system"
"Ambiguous Interface","https://github.com/Groszczu/TcpChat"
"Ambiguous Interface","https://github.com/GrowthcraftCE/Growthcraft-1.12"
"Ambiguous Interface","https://github.com/Grupo1-ADS/murillo"
"Ambiguous Interface","https://github.com/GrzegorzKawalec/pgk"
"Ambiguous Interface","https://github.com/Guciax/Karta-Pracy-SMT-v2"
"Ambiguous Interface","https://github.com/GuiZhouAndroid/springboot-manager-master"
"Ambiguous Interface","https://github.com/GuidanceAutomation/GACore"
"Ambiguous Interface","https://github.com/Guilbertoliveira/CursoJava"
"Ambiguous Interface","https://github.com/GuilhermeBorges14/Multimark-Asp.NET.Core.MVC"
"Ambiguous Interface","https://github.com/GuilhermeGorges/curso-java-loiane"
"Cyclic Dependency","NA"
"Cyclic Dependency","dsafa"
"Cyclic Dependency","fdslafakl"
"Cyclic Dependency","https://git.cs.dal.ca/courses/2022-winter/csci-5308/group12"
"Cyclic Dependency","https://git.cs.dal.ca/courses/2022-winter/csci-5308/group15"
"Cyclic Dependency","https://git.cs.dal.ca/courses/2022-winter/csci-5308/group18"
"Cyclic Dependency","https://git.cs.dal.ca/courses/2022-winter/csci-5308/group20.git"
"Cyclic Dependency","https://git.cs.dal.ca/courses/2022-winter/csci-5308/group22.git"
"Cyclic Dependency","https://git.cs.dal.ca/courses/2022-winter/csci-5308/group24"
"Cyclic Dependency","https://git.cs.dal.ca/courses/2022-winter/csci-5308/group6+"
"Cyclic Dependency","https://git.cs.dal.ca/courses/2022-winter/csci-5308/group8"
"Cyclic Dependency","https://git.cs.dal.ca/qsyed/csci-5408-w2022-dpg7"
"Cyclic Dependency","https://github.com/"
"Cyclic Dependency","https://github.com/00-Evan/shattered-pixel-dungeon-gdx"
"Cyclic Dependency","https://github.com/00-matt/moneropool"
"Cyclic Dependency","https://github.com/0000chris11/java-timestamp-sb"
"Cyclic Dependency","https://github.com/007-Fullstack/POS-system"
"Cyclic Dependency","https://github.com/00p513-dev/SetupWizard-Bliss"
"Cyclic Dependency","https://github.com/00pf00/rpc"
"Cyclic Dependency","https://github.com/00pf00/rpc-deviceaccess"
"Cyclic Dependency","https://github.com/00sanoj00/SL_Zip_Signer_V3"
"Cyclic Dependency","https://github.com/00vk/volleybot"
"Cyclic Dependency","https://github.com/01010100b/AoE2Lang"
"Cyclic Dependency","https://github.com/016image/autotestlearnmav"
"Cyclic Dependency","https://github.com/01brazz/5EI_Group2_PCP"
"Cyclic Dependency","https://github.com/0212kr/JavaWork"
"Cyclic Dependency","https://github.com/021Mgk/liferay-portlet-mgk"
"Cyclic Dependency","https://github.com/021Mgk/portal-7-3-7-ga8"
"Cyclic Dependency","https://github.com/0326rj/Advanced-BIM-Editor"
"Cyclic Dependency","https://github.com/0352972441/ASSServer"
"Cyclic Dependency","https://github.com/042020-dotnet-uta/Team1-repo2"
"Cyclic Dependency","https://github.com/042020-dotnet-uta/johnHeckenliable-repo0"
"Cyclic Dependency","https://github.com/042020-dotnet-uta/johnHeckenliable-repo1"
"Cyclic Dependency","https://github.com/042020-dotnet-uta/kenEndo-repo0"
"Cyclic Dependency","https://github.com/042020-dotnet-uta/kingsleyOnonachi-repo0"
"Cyclic Dependency","https://github.com/042020-dotnet-uta/michaelHall-repo0"
"Cyclic Dependency","https://github.com/042020-dotnet-uta/michaelWong-repo0"
"Cyclic Dependency","https://github.com/042020-dotnet-uta/ryanOxford-repo0"
"Cyclic Dependency","https://github.com/042020-dotnet-uta/ryanShereda-repo0"
"Cyclic Dependency","https://github.com/042020-dotnet-uta/sulavAryal-repo0"
"Cyclic Dependency","https://github.com/042020-dotnet-uta/sulavAryalPipeLineDemo"
"Cyclic Dependency","https://github.com/042020-dotnet-uta/team4-repo2"
"Cyclic Dependency","https://github.com/042020-dotnet-uta/willRuiz-reo1"
"Cyclic Dependency","https://github.com/042020-dotnet-uta/xavierDiaz-repo1"
"Cyclic Dependency","https://github.com/04551lh/dvr"
"Cyclic Dependency","https://github.com/0508994/NRMap"
"Cyclic Dependency","https://github.com/0532/JXLS"
"Cyclic Dependency","https://github.com/06-SEEK/android-hrm"
"Cyclic Dependency","https://github.com/06110902002/RecyclerView_Nav_Menu"
"Cyclic Dependency","https://github.com/071921-LTI/Christian-Osada"
"Cyclic Dependency","https://github.com/071921-LTI/Michael-Wilder"
"Cyclic Dependency","https://github.com/071921-LTI/Nick_Urban"
"Cyclic Dependency","https://github.com/071921-LTI/Tim-StDennis"
"Cyclic Dependency","https://github.com/07ductoan12/btl-ltm"
"Cyclic Dependency","https://github.com/08162021-dotnet-uta/AkilTomlinsonRepo1"
"Cyclic Dependency","https://github.com/08162021-dotnet-uta/CoryTinsleyRepo1"
"Cyclic Dependency","https://github.com/08162021-dotnet-uta/JonathanBukowskyRepo1"
"Cyclic Dependency","https://github.com/08162021-dotnet-uta/P2_Group3"
"Cyclic Dependency","https://github.com/0868307/Project78"
"Cyclic Dependency","https://github.com/08aleksandar24/votChallengePrivate"
"Cyclic Dependency","https://github.com/09-Nine/QuanLyThuVien--javaProject"
"Cyclic Dependency","https://github.com/09123363503/spa-webapi-angularjs-master"
"Cyclic Dependency","https://github.com/0975829800/Server_GraduationProject"
"Cyclic Dependency","https://github.com/0977587/Project-C-"
"Cyclic Dependency","https://github.com/0999312/Tea-Sorcerer"
"Cyclic Dependency","https://github.com/0999312/TinkerSlashBlade"
"Cyclic Dependency","https://github.com/0HongTao0/Live"
"Cyclic Dependency","https://github.com/0HongTao0/LiveServer"
"Cyclic Dependency","https://github.com/0JAFC0/LeilaoSite"
"Cyclic Dependency","https://github.com/0RootLoL0/YaM"
"Cyclic Dependency","https://github.com/0V/Face-Exchanger"
"Cyclic Dependency","https://github.com/0Xero7/Argon"
"Cyclic Dependency","https://github.com/0cw/Bolt"
"Cyclic Dependency","https://github.com/0ft3n/AureliumMobs"
"Cyclic Dependency","https://github.com/0ft3n/EcoEnchantsGUI"
"Cyclic Dependency","https://github.com/0jpancho/Striker2020"
"Cyclic Dependency","https://github.com/0kzh/glitch"
"Cyclic Dependency","https://github.com/0lyaMelnyk/organize-app"
"Cyclic Dependency","https://github.com/0obriano0/Minecraft_MobDrop"
"Cyclic Dependency","https://github.com/0rtis/jsafebox"
"Cyclic Dependency","https://github.com/0sektor0/Sekougi.MessagePack"
"Cyclic Dependency","https://github.com/0surface/arxiveprior"
"Cyclic Dependency","https://github.com/0verdoes/WPF_Snake"
"Cyclic Dependency","https://github.com/0wanglei0/yunwang"
"Cyclic Dependency","https://github.com/0x-CHUN/toy-spring"
"Cyclic Dependency","https://github.com/0x0ade/CelesteNet"
"Cyclic Dependency","https://github.com/0x384c0/Experiments-Android"
"Cyclic Dependency","https://github.com/0x666c/VkBot"
"Cyclic Dependency","https://github.com/0xJonas/Phi"
"Cyclic Dependency","https://github.com/0xKalKYS/Tropical"
"Cyclic Dependency","https://github.com/0xLogic/Hyper_Reclass"
"Cyclic Dependency","https://github.com/0xLuca/astro-discord-bot"
"Cyclic Dependency","https://github.com/0xMartin/LogicSimulator"
"Cyclic Dependency","https://github.com/0xVector/pathfinding"
"Cyclic Dependency","https://github.com/0xcydg/pharmacy-manager"
"Cyclic Dependency","https://github.com/0xd4d/de4dot"
"Cyclic Dependency","https://github.com/0xd4d/dnSpy"
"Cyclic Dependency","https://github.com/0xd4d/dnlib"
"Cyclic Dependency","https://github.com/0xdeafcafe/SnapDotNet"
"Cyclic Dependency","https://github.com/0xera/rAndroidDev"
"Cyclic Dependency","https://github.com/0xf10yd/printomania"
"Cyclic Dependency","https://github.com/0xkaede/JuicySwapperv1"
"Cyclic Dependency","https://github.com/0zul/ClaraJDA"
"Cyclic Dependency","https://github.com/1-2-ka-4-4-2-ka-1/MFLIX"
"Cyclic Dependency","https://github.com/1-bits/irpgeditor"
"Cyclic Dependency","https://github.com/1000realities/edgerealities-sdk-android"
"Cyclic Dependency","https://github.com/100Gyeon/pla_bear"
"Cyclic Dependency","https://github.com/100prznt/EzoGateway"
"Cyclic Dependency","https://github.com/100race/cafeoma"
"Cyclic Dependency","https://github.com/10101818/atoi2"
"Cyclic Dependency","https://github.com/101121-VA-Java/Andre-Levan"
"Cyclic Dependency","https://github.com/101121-VA-Java/Andrew-Cook"
"Cyclic Dependency","https://github.com/101121-VA-Java/Bruno-Braga"
"Cyclic Dependency","https://github.com/101121-VA-Java/kim-kohelhayes"
"Cyclic Dependency","https://github.com/1013300192/INC"
"Cyclic Dependency","https://github.com/1015770492/JDK14SourceCodeInterpretation"
"Cyclic Dependency","https://github.com/1017027994zjj/Exam-for-C-S-master"
"Cyclic Dependency","https://github.com/1018848974/spring-framework-imitate"
"Cyclic Dependency","https://github.com/102101219/mySwin"
"Cyclic Dependency","https://github.com/102244653/CrawlerArticle"
"Cyclic Dependency","https://github.com/102345/ImpulsoTeste.Marcilio"
"Cyclic Dependency","https://github.com/1024-lab/smartdb"
"Cyclic Dependency","https://github.com/1027540JohnsonAniketh/Java-Development"
"Cyclic Dependency","https://github.com/1030907690/spring-boot-2.0.4.RELEASE"
"Cyclic Dependency","https://github.com/1031nice/College-CP2-TeamProject"
"Cyclic Dependency","https://github.com/1037438704/PictureSelectorDemo1"
"Cyclic Dependency","https://github.com/1037438704/tongchengcai"
"Cyclic Dependency","https://github.com/103style/calendarLibrary"
"Cyclic Dependency","https://github.com/103style/paho.mqtt.java"
"Cyclic Dependency","https://github.com/105032013072/installer"
"Cyclic Dependency","https://github.com/1054268224/Xproject"
"Cyclic Dependency","https://github.com/10546039/PlanEng"
"Cyclic Dependency","https://github.com/1061959578/1061959578.github.io"
"Cyclic Dependency","https://github.com/1066893961/TvCountDown222"
"Cyclic Dependency","https://github.com/1066893961/XZing"
"Cyclic Dependency","https://github.com/1067649786/advertisement"
"Cyclic Dependency","https://github.com/1070591579/Location"
"Cyclic Dependency","https://github.com/1084597302/Game-Development-Task-2"
"Cyclic Dependency","https://github.com/1084790527/YiChat-master"
"Cyclic Dependency","https://github.com/1084790527/wechat_desktop-master"
"Cyclic Dependency","https://github.com/1091128818/DataStruct"
"Cyclic Dependency","https://github.com/1095897429/KotlinPratice"
"Cyclic Dependency","https://github.com/1095897429/NiaoGeBiJi2.0"
"Cyclic Dependency","https://github.com/1095897429/SecondApplication-Normal"
"Cyclic Dependency","https://github.com/10sa/ZeisenServerChecker"
"Cyclic Dependency","https://github.com/10soos17/lecture_choongang"
"Cyclic Dependency","https://github.com/1104219446/QuickAcessDemo"
"Cyclic Dependency","https://github.com/1106898736/yunguo_jeecg_serve"
"Cyclic Dependency","https://github.com/1109815292/video_share"
"Cyclic Dependency","https://github.com/110V/Electromagnetic-Induction-simulator"
"Cyclic Dependency","https://github.com/1112222d/asset_management_mobile_app"
"Cyclic Dependency","https://github.com/111Online/nhs111-domain-dos-api"
"Cyclic Dependency","https://github.com/112002minhhuy/C2009I1-Supermaket"
"Cyclic Dependency","https://github.com/1126608981/tmall"
"Cyclic Dependency","https://github.com/113-GittiGidiyor-Java-Spring-Bootcamp/fifth-homework-Quixotic95"
"Cyclic Dependency","https://github.com/113-GittiGidiyor-Java-Spring-Bootcamp/fifth-homework-TasdemirTolunay"
"Cyclic Dependency","https://github.com/113-GittiGidiyor-Java-Spring-Bootcamp/fifth-homework-avemphract"
"Cyclic Dependency","https://github.com/113-GittiGidiyor-Java-Spring-Bootcamp/fifth-homework-bulutharunmurat"
"Cyclic Dependency","https://github.com/113-GittiGidiyor-Java-Spring-Bootcamp/fifth-homework-emredalci"
"Cyclic Dependency","https://github.com/113-GittiGidiyor-Java-Spring-Bootcamp/fifth-homework-kaganarmagan"
"Cyclic Dependency","https://github.com/113-GittiGidiyor-Java-Spring-Bootcamp/fifth-homework-muhittinpalamutcu"
"Cyclic Dependency","https://github.com/113-GittiGidiyor-Java-Spring-Bootcamp/fourth-homework-TasdemirTolunay"
"Cyclic Dependency","https://github.com/113-GittiGidiyor-Java-Spring-Bootcamp/fourth-homework-avemphract"
"Cyclic Dependency","https://github.com/1136346879/wonderful"
"Cyclic Dependency","https://github.com/1138programming/2019-FRC-Robot"
"Cyclic Dependency","https://github.com/1138programming/2020-FRC-Robot"
"Cyclic Dependency","https://github.com/1138programming/ChangeUpSimulation"
"Cyclic Dependency","https://github.com/1140018111/javaeEdt"
"Cyclic Dependency","https://github.com/1147722654/wvp-pro"
"Cyclic Dependency","https://github.com/1154140116/dongkang"
"Cyclic Dependency","https://github.com/1160300427/alipay"
"Cyclic Dependency","https://github.com/1172118044/AvailableSeat"
"Cyclic Dependency","https://github.com/1183675887/design-demo"
"Cyclic Dependency","https://github.com/1191830/SuperFoot"
"Cyclic Dependency","https://github.com/1198159/spellshocked"
"Cyclic Dependency","https://github.com/11abuyaman/itstuff"
"Cyclic Dependency","https://github.com/11dot001001/TelegramBot"
"Cyclic Dependency","https://github.com/11nonali23/Fortune_Wheel_Recreation"
"Cyclic Dependency","https://github.com/1203064111/java_huixiang2"
"Cyclic Dependency","https://github.com/1205108909/AlgoTradingReporter"
"Cyclic Dependency","https://github.com/121104115wyb/MVPMode"
"Cyclic Dependency","https://github.com/1217268470/m3u8"
"Cyclic Dependency","https://github.com/121880399/LargeImageMonitor"
"Cyclic Dependency","https://github.com/121rajesh/School_Data_Mgmt"
"Cyclic Dependency","https://github.com/122006/mLog"
"Cyclic Dependency","https://github.com/122885980/rj"
"Cyclic Dependency","https://github.com/1229245270/musicapp_demo"
"Cyclic Dependency","https://github.com/123099/Bounce"
"Cyclic Dependency","https://github.com/12313kaihuang/Traveling-New"
"Cyclic Dependency","https://github.com/1231joe1231/Listen-Together"
"Cyclic Dependency","https://github.com/12380647/ThetaDO"
"Cyclic Dependency","https://github.com/123DMWM/ProCraft"
"Cyclic Dependency","https://github.com/123okk2/IFind_Application"
"Cyclic Dependency","https://github.com/123xuan456/HP200Printer"
"Cyclic Dependency","https://github.com/1249557990/paofen"
"Cyclic Dependency","https://github.com/1249730427/daihuaiyu.github.io"
"Cyclic Dependency","https://github.com/1249993110/LSTY.Sdtd-5.X"
"Cyclic Dependency","https://github.com/1255542159/12306Demo"
"Cyclic Dependency","https://github.com/12580lzt/bluetoothSearchConnect"
"Cyclic Dependency","https://github.com/125929280/Dormitory"
"Cyclic Dependency","https://github.com/125m125/ktapi-java"
"Cyclic Dependency","https://github.com/1271381588/NBlog"
"Cyclic Dependency","https://github.com/1273505585/Almighty"
"Cyclic Dependency","https://github.com/12security/bizconf-android-app"
"Cyclic Dependency","https://github.com/12security/zhumu-android-app"
"Cyclic Dependency","https://github.com/13030830345/springboot-vue"
"Cyclic Dependency","https://github.com/1303110335/java-all"
"Cyclic Dependency","https://github.com/1303110335/myRocketmq"
"Cyclic Dependency","https://github.com/1308024507pkh/Distributed-MiniSQL"
"Cyclic Dependency","https://github.com/13107FF/ARpet"
"Cyclic Dependency","https://github.com/13120241790/Push_v3"
"Cyclic Dependency","https://github.com/1313ou/TreebolicLib"
"Cyclic Dependency","https://github.com/1313ou/sqlunet-browser"
"Cyclic Dependency","https://github.com/1319470638/PushDemo"
"Cyclic Dependency","https://github.com/1319470638/wechatdemo"
"Cyclic Dependency","https://github.com/13241308289/sping"
"Cyclic Dependency","https://github.com/13266764646/Phantom"
"Cyclic Dependency","https://github.com/1329368516/Dinner"
"Cyclic Dependency","https://github.com/13302864582/baifen_parent_app"
"Cyclic Dependency","https://github.com/13348670849/mybatislearnparent"
"Cyclic Dependency","https://github.com/13350910252/ProApp"
"Cyclic Dependency","https://github.com/13416494311/tduck"
"Cyclic Dependency","https://github.com/13439300301/KunlunLPSWorker_3_19"
"Cyclic Dependency","https://github.com/1350291587/worknotes_dep"
"Cyclic Dependency","https://github.com/13616632061/Queue"
"Cyclic Dependency","https://github.com/13640139410/GraduateAssignment"
"Cyclic Dependency","https://github.com/1366001909/express"
"Cyclic Dependency","https://github.com/1372501851/pnt"
"Cyclic Dependency","https://github.com/1377093782/liuanLib"
"Cyclic Dependency","https://github.com/13797891312/WhereCollect"
"Cyclic Dependency","https://github.com/13960699696/netcore-template"
"Cyclic Dependency","https://github.com/1399948273/rent"
"Cyclic Dependency","https://github.com/13xforever/ps3-disc-dumper"
"Cyclic Dependency","https://github.com/1429280405/imoocnewsdev"
"Cyclic Dependency","https://github.com/143prudhvi/SimplifyServer"
"Cyclic Dependency","https://github.com/143prudhvi/flashadeal1"
"Cyclic Dependency","https://github.com/143prudhvi/placementServer"
"Cyclic Dependency","https://github.com/1445103710/spring-esb-test"
"Cyclic Dependency","https://github.com/1471817541/-sdk"
"Cyclic Dependency","https://github.com/1476572009/library1"
"Cyclic Dependency","https://github.com/14edavis/BehindTheStars_AndroidApp"
"Cyclic Dependency","https://github.com/14karra/quiz-microservice"
"Cyclic Dependency","https://github.com/15045120/mail4j"
"Cyclic Dependency","https://github.com/1508/SitecoreEventManager"
"Cyclic Dependency","https://github.com/15131009532qq/market_cal"
"Cyclic Dependency","https://github.com/15144042132/puffer"
"Cyclic Dependency","https://github.com/15207135348/Java12306"
"Cyclic Dependency","https://github.com/15217711253/JSound.Core-0825"
"Cyclic Dependency","https://github.com/1521zxc/Bus"
"Cyclic Dependency","https://github.com/15279676722/smallWhite"
"Cyclic Dependency","https://github.com/1527thomas/photo-gallery"
"Cyclic Dependency","https://github.com/15281046619/classroomlib"
"Cyclic Dependency","https://github.com/15307388990/SmartPay"
"Cyclic Dependency","https://github.com/15335179243/ChuMuYa"
"Cyclic Dependency","https://github.com/153437803/module_recycleradapter"
"Cyclic Dependency","https://github.com/1535892832/blogs-server"
"Cyclic Dependency","https://github.com/154380/Laptrinhmang"
"Cyclic Dependency","https://github.com/1559727195/GreenLandVLand"
"Cyclic Dependency","https://github.com/1559727195/RxCache-master"
"Cyclic Dependency","https://github.com/15608447849/erp"
"Cyclic Dependency","https://github.com/15608447849/pay-middle"
"Cyclic Dependency","https://github.com/15608447849/wvapp"
"Cyclic Dependency","https://github.com/15618384280/tjcloud-match"
"Cyclic Dependency","https://github.com/1571057583/Tremolo"
"Cyclic Dependency","https://github.com/15768508299/intimateSpace"
"Cyclic Dependency","https://github.com/15814903830/IntegrityFactoryProject"
"Cyclic Dependency","https://github.com/15831944/RabCab"
"Cyclic Dependency","https://github.com/15838028035/common-code-generate"
"Cyclic Dependency","https://github.com/1586951660/bs"
"Cyclic Dependency","https://github.com/15874134131/xutils"
"Cyclic Dependency","https://github.com/15935962724/Ruoyi-Vue"
"Cyclic Dependency","https://github.com/1623083499/qdaio"
"Cyclic Dependency","https://github.com/1628103949/enjoySDK"
"Cyclic Dependency","https://github.com/1634865486/AndroidTimeableView"
"Cyclic Dependency","https://github.com/1638253187/cctv_play"
"Cyclic Dependency","https://github.com/1660615472/huan-gou"
"Cyclic Dependency","https://github.com/16637142795/javafxCss"
"Cyclic Dependency","https://github.com/16fengzhiyong/GraduationInputMethod"
"Cyclic Dependency","https://github.com/16jalayt/SapphireExtract-Legacy"
"Cyclic Dependency","https://github.com/16min99/prgrms_spring"
"Cyclic Dependency","https://github.com/1700301020/TodayNews"
"Cyclic Dependency","https://github.com/1720360649/WNTCL"
"Cyclic Dependency","https://github.com/17521236/NUNIT_QLTV"
"Cyclic Dependency","https://github.com/1753036/c4w-17clc-1753036-project2"
"Cyclic Dependency","https://github.com/1760005/Quan_Ly_Thi"
"Cyclic Dependency","https://github.com/17674600647/practiceCode"
"Cyclic Dependency","https://github.com/1768803156/DToast"
"Cyclic Dependency","https://github.com/17734576784/sdweb_sts_f"
"Cyclic Dependency","https://github.com/17734812911/bridge_zhoudai"
"Cyclic Dependency","https://github.com/17785408624/mass-control"
"Cyclic Dependency","https://github.com/1798643961/McOnTongueTip"
"Cyclic Dependency","https://github.com/17JZ0101-LEEHOJAE/TripWiz"
"Cyclic Dependency","https://github.com/17mustafaErdogan/Adroid-mobil"
"Cyclic Dependency","https://github.com/180254/Battleship44"
"Cyclic Dependency","https://github.com/1802802/SpringInAction5h_TacoCloud"
"Cyclic Dependency","https://github.com/18075394254/DZ-1"
"Cyclic Dependency","https://github.com/18204614232/java-Kcp"
"Cyclic Dependency","https://github.com/18238831810/india"
"Cyclic Dependency","https://github.com/18270862829/x-workspace"
"Cyclic Dependency","https://github.com/18271261642/AntRouter"
"Cyclic Dependency","https://github.com/18271261642/JZVideo-develop"
"Cyclic Dependency","https://github.com/1830879724/yeb"
"Cyclic Dependency","https://github.com/18351001571/bssp-cloud"
"Cyclic Dependency","https://github.com/18376108492/book_system"
"Cyclic Dependency","https://github.com/18419NakamuraTemma/android-yolov3-linealarm"
"Cyclic Dependency","https://github.com/1847427213/MyAPP_EasyHttp"
"Cyclic Dependency","https://github.com/18581961702/red-tea"
"Cyclic Dependency","https://github.com/18631323023/ZNA"
"Cyclic Dependency","https://github.com/18634779972/glassesAdmin"
"Cyclic Dependency","https://github.com/18709293275/WitmedProject"
"Cyclic Dependency","https://github.com/18826243776/media"
"Cyclic Dependency","https://github.com/18839779221/OnlinePartern"
"Cyclic Dependency","https://github.com/18848/git_repo"
"Cyclic Dependency","https://github.com/18875274988/bbibm-kjds-test"
"Cyclic Dependency","https://github.com/188867052/EFCore.CodeGenerator"
"Cyclic Dependency","https://github.com/188867052/OSharp"
"Cyclic Dependency","https://github.com/188867052/QuartzApi"
"Cyclic Dependency","https://github.com/188867052/osharp-master_TEMP"
"Cyclic Dependency","https://github.com/18895636682/hello-spring-cloud-alibaba-xxl-job"
"Cyclic Dependency","https://github.com/189569400/apollo-DuerOS"
"Cyclic Dependency","https://github.com/18Again/18Again-Android"
"Cyclic Dependency","https://github.com/18SW62/MAD-Semester-Project"
"Cyclic Dependency","https://github.com/18swenskiq/SquidBot-Sharp"
"Cyclic Dependency","https://github.com/19-20-1-PMi32/Sport-Betting-Trainer"
"Cyclic Dependency","https://github.com/19-20-1-PMi33/MyAirport"
"Cyclic Dependency","https://github.com/1900Star/MusicPlayer-Smartisan"
"Cyclic Dependency","https://github.com/1907ns/MiniBall"
"Cyclic Dependency","https://github.com/1909-blake-william/project-0-HaoSususudio"
"Cyclic Dependency","https://github.com/1909-blake-william/project-0-curecoma"
"Cyclic Dependency","https://github.com/1909-sep30-net/colton-project1"
"Cyclic Dependency","https://github.com/1909-sep30-net/trainer-code"
"Cyclic Dependency","https://github.com/1909sept03java/Fahim-Rashid"
"Cyclic Dependency","https://github.com/1909sept03java/Ilya-Shmyhol"
"Cyclic Dependency","https://github.com/1909sept03java/demo-reference"
"Cyclic Dependency","https://github.com/1910-oct21-dotnet/p0-Jharv94"
"Cyclic Dependency","https://github.com/1914526816lhw/loansystem"
"Cyclic Dependency","https://github.com/19231136/buaaoo-2021"
"Cyclic Dependency","https://github.com/19231219lsm/java_runday"
"Cyclic Dependency","https://github.com/19424054/cnpm-19hc-group09"
"Cyclic Dependency","https://github.com/1943277891/eightsm"
"Cyclic Dependency","https://github.com/195286381/vue-spring-admin-manage-system"
"Cyclic Dependency","https://github.com/1962247851/hello-mircoservice"
"Cyclic Dependency","https://github.com/1962247851/jnuetc"
"Cyclic Dependency","https://github.com/1975929757ls/ls"
"Cyclic Dependency","https://github.com/1989Dias/ExemploNavegacaoPorNomePagina"
"Cyclic Dependency","https://github.com/1996dylanriley/StrictlyStats"
"Cyclic Dependency","https://github.com/1997zyx/khgl2"
"Cyclic Dependency","https://github.com/1998Gang/uclass"
"Cyclic Dependency","https://github.com/1999GersonMayamba/ProjectoAndroidSmartInfo"
"Cyclic Dependency","https://github.com/19FTT2063/Appointments"
"Cyclic Dependency","https://github.com/19MisterX98/Atomic"
"Cyclic Dependency","https://github.com/19ahmad/FYPrepo"
"Cyclic Dependency","https://github.com/19bibo85/GuessBeerCountry"
"Cyclic Dependency","https://github.com/19bibo85/GuessLicensePlate"
"Cyclic Dependency","https://github.com/19username95/RemoteNotes.UI"
"Cyclic Dependency","https://github.com/1Hei/ChattingRoom"
"Cyclic Dependency","https://github.com/1Maximuse/canalis"
"Cyclic Dependency","https://github.com/1MikhailStepanov1/Lab7Server"
"Cyclic Dependency","https://github.com/1SoulJo/chartrader"
"Cyclic Dependency","https://github.com/1and1/cosmo"
"Cyclic Dependency","https://github.com/1ansam/EnglishStudyApplication"
"Cyclic Dependency","https://github.com/1beric/ActionRpg"
"Cyclic Dependency","https://github.com/1boker1/TFG_RTS"
"Cyclic Dependency","https://github.com/1fan/zendesk-data-searcher"
"Cyclic Dependency","https://github.com/1fish2/BBQTimer"
"Cyclic Dependency","https://github.com/1hakr/AnExplorer"
"Cyclic Dependency","https://github.com/1iveowl/MQTTClient.rx"
"Cyclic Dependency","https://github.com/1iveowl/Plugin.SegmentedControl"
"Cyclic Dependency","https://github.com/1iveowl/SSDP.UPnP.PCL"
"Cyclic Dependency","https://github.com/1iveowl/XF.CollectionView.repro1"
"Cyclic Dependency","https://github.com/1ivgo/MissileAtackImitator"
"Cyclic Dependency","https://github.com/1mgames/GameOff_2019"
"Cyclic Dependency","https://github.com/1natasa/DiplomskiRad"
"Cyclic Dependency","https://github.com/1natasa/ProgramiranjeProizvodnje"
"Cyclic Dependency","https://github.com/1ndong/Capitalism"
"Cyclic Dependency","https://github.com/1ndong/Tapas"
"Cyclic Dependency","https://github.com/1ou/blitzar"
"Cyclic Dependency","https://github.com/1sPerry/jt_permission"
"Cyclic Dependency","https://github.com/1saeedsalehi/Sample-Blog"
"Cyclic Dependency","https://github.com/1swaraj/NethTest"
"Cyclic Dependency","https://github.com/1t0XX/StarGame_LibGDX"
"Cyclic Dependency","https://github.com/1vaPetkova/java.oop_module"
"Cyclic Dependency","https://github.com/2000rosser/TeamRPK"
"Cyclic Dependency","https://github.com/200106-UTA-PRS-NET/P0-Jameson-Dy"
"Cyclic Dependency","https://github.com/200106-UTA-PRS-NET/P0-Jeremy-Ortega"
"Cyclic Dependency","https://github.com/200106-UTA-PRS-NET/P1-Jacob-Fisher"
"Cyclic Dependency","https://github.com/200106-UTA-PRS-NET/P1-Jeremy-Ortega"
"Cyclic Dependency","https://github.com/2001adarsh/Java-For-Android"
"Cyclic Dependency","https://github.com/2002-feb24-net/CALM-API"
"Cyclic Dependency","https://github.com/2002-feb24-net/paule-project0"
"Cyclic Dependency","https://github.com/2002-feb24-net/pauls-code"
"Cyclic Dependency","https://github.com/20020389/AppTranslator"
"Cyclic Dependency","https://github.com/2006-jun15-net/daniel-code"
"Cyclic Dependency","https://github.com/2006-jun15-net/dusten-code"
"Cyclic Dependency","https://github.com/200694133/horizontal"
"Cyclic Dependency","https://github.com/200713-dotnet/project-challenge-p1-Acearl"
"Cyclic Dependency","https://github.com/200713-dotnet/project-challenge-p1-jpchionglo"
"Cyclic Dependency","https://github.com/200713-dotnet/project-challenge-p1-jpittman23"
"Cyclic Dependency","https://github.com/2008Choco/Artifice"
"Cyclic Dependency","https://github.com/2008PegaUSF/curley-repo"
"Cyclic Dependency","https://github.com/2012692013/demoProject"
"Cyclic Dependency","https://github.com/2012monk/copang-backend"
"Cyclic Dependency","https://github.com/201624133116/uni"
"Cyclic Dependency","https://github.com/2017011419/android-studio"
"Cyclic Dependency","https://github.com/2017398956/libraryoflibrary"
"Cyclic Dependency","https://github.com/2017398956/packet-capture"
"Cyclic Dependency","https://github.com/2018shiji/cmdclient"
"Cyclic Dependency","https://github.com/2019-11-22/LearningUPM"
"Cyclic Dependency","https://github.com/2019Ganjil-RealitasVirtualDanAugmentasi/tugas-1-driving-simulation-ginkokuryuu"
"Cyclic Dependency","https://github.com/2019Ganjil-RealitasVirtualDanAugmentasi/tugas-1-driving-simulation-shakellzero"
"Cyclic Dependency","https://github.com/2021-Collathon-team-5/Mealacle_app"
"Cyclic Dependency","https://github.com/2021-Fall-Cohort/m3-reviews-site-code-blooded"
"Cyclic Dependency","https://github.com/2021-SMHRD-KDT-New-Bigdata-1/BEFAST"
"Cyclic Dependency","https://github.com/2021-SW-6/opensource_zxing_repository"
"Cyclic Dependency","https://github.com/2021-contest-exhibit/modak-server"
"Cyclic Dependency","https://github.com/2021-d05-groupe3/amazingTransportApp"
"Cyclic Dependency","https://github.com/2021-ict-hanium/ezfarm-back"
"Cyclic Dependency","https://github.com/2021-innovation-hackathon/KimSsiPyoRyuKi"
"Cyclic Dependency","https://github.com/2021-innovation-hackathon/stocker"
"Cyclic Dependency","https://github.com/2021-oasis-hackathon/Doctors"
"Cyclic Dependency","https://github.com/2021TenGroup/LogisticsJava"
"Cyclic Dependency","https://github.com/20436-TomasJorge/20436_TomasJorge_20347_LuizFelhberg_TP02_PO2_2020-2021"
"Cyclic Dependency","https://github.com/20kdc/gabien-common"
"Cyclic Dependency","https://github.com/20seok/CarSummary"
"Cyclic Dependency","https://github.com/210342/Sound-Processing"
"Cyclic Dependency","https://github.com/210517-Enterprise/glance_p2"
"Cyclic Dependency","https://github.com/210614-JavaFS/project0-JphanACC"
"Cyclic Dependency","https://github.com/210614-JavaFS/project1-tjwoods03"
"Cyclic Dependency","https://github.com/2106Pega/Curriculum-Resources"
"Cyclic Dependency","https://github.com/210712-Richard/luke.claggett.p1"
"Cyclic Dependency","https://github.com/210712-Richard/michael.mcinerney.p1"
"Cyclic Dependency","https://github.com/210712-Richard/team3.p2"
"Cyclic Dependency","https://github.com/210726-java-react-serverless/Sean-Alfonso-api-p1"
"Cyclic Dependency","https://github.com/210726-java-react-serverless/SignMeUp-Api"
"Cyclic Dependency","https://github.com/210726-java-react-serverless/charles_mettee_p0"
"Cyclic Dependency","https://github.com/210726-java-react-serverless/cody_mcdonald_p0"
"Cyclic Dependency","https://github.com/210726-java-react-serverless/hiroshi_nobuoka_p0"
"Cyclic Dependency","https://github.com/210726-java-react-serverless/john-kim_api_p1"
"Cyclic Dependency","https://github.com/210726-java-react-serverless/john_callahan_p0"
"Cyclic Dependency","https://github.com/210726-java-react-serverless/luna_charles_api_p1"
"Cyclic Dependency","https://github.com/210726-java-react-serverless/luna_haines_p0"
"Cyclic Dependency","https://github.com/210726-java-react-serverless/marwan_bataineh_p0"
"Cyclic Dependency","https://github.com/210726-java-react-serverless/robert_ni_p0"
"Cyclic Dependency","https://github.com/210726-java-react-serverless/sean_dunn_p0"
"Cyclic Dependency","https://github.com/210823-Enterprise/Cataclysm"
"Cyclic Dependency","https://github.com/210823-Enterprise/NotBad-P1"
"Cyclic Dependency","https://github.com/2108Java/project-0-tanickl"
"Cyclic Dependency","https://github.com/210913-java-full-stack/Erika-Kollier"
"Cyclic Dependency","https://github.com/210913-java-full-stack/kollier-martin"
"Cyclic Dependency","https://github.com/210927-JavaFS/project0-Doberman1"
"Cyclic Dependency","https://github.com/210927-JavaFS/project0-Karl-Model"
"Cyclic Dependency","https://github.com/210927-JavaFS/project0-albertlixw"
"Cyclic Dependency","https://github.com/210927-JavaFS/project0-bucknermi"
"Cyclic Dependency","https://github.com/210927-JavaFS/project1-chutieu312"
"Cyclic Dependency","https://github.com/211101-java-react-enterprise/andrew_aslakson_p0"
"Cyclic Dependency","https://github.com/211101-java-react-enterprise/cole_paris_p0"
"Cyclic Dependency","https://github.com/211101-java-react-enterprise/frederick_hingst_p0"
"Cyclic Dependency","https://github.com/211101-java-react-enterprise/frederick_hingst_p0_delete"
"Cyclic Dependency","https://github.com/211101-java-react-enterprise/heather_z_p0"
"Cyclic Dependency","https://github.com/211101-java-react-enterprise/jonah_landry_p0"
"Cyclic Dependency","https://github.com/211101-java-react-enterprise/jongsoo_chong_p0"
"Cyclic Dependency","https://github.com/211101-java-react-enterprise/michael_chau_p0"
"Cyclic Dependency","https://github.com/211101-java-react-enterprise/qi_zhang_p0"
"Cyclic Dependency","https://github.com/211101-java-react-enterprise/william_nelson_p0"
"Cyclic Dependency","https://github.com/21141MENDO/EventosTec1"
"Cyclic Dependency","https://github.com/2130-Programmers/AlphaRed"
"Cyclic Dependency","https://github.com/21503882/javaswingtingche"
"Cyclic Dependency","https://github.com/218492/pempera"
"Cyclic Dependency","https://github.com/21F0rc3/Calorie"
"Cyclic Dependency","https://github.com/21Joakim/Jockie-Utils"
"Cyclic Dependency","https://github.com/2214525284/majiang"
"Cyclic Dependency","https://github.com/2227324689/gpmall"
"Cyclic Dependency","https://github.com/2227324689/lottery-redis"
"Cyclic Dependency","https://github.com/229932Kucharski/MovieCollection"
"Cyclic Dependency","https://github.com/22hours/typress"
"Cyclic Dependency","https://github.com/22louis2/SampleDB"
"Cyclic Dependency","https://github.com/22pheobi22/NettyServerCenter2"
"Cyclic Dependency","https://github.com/23/23-api-dotnet"
"Cyclic Dependency","https://github.com/231021083dap/DoofenshmirtzWebShop"
"Cyclic Dependency","https://github.com/2318279444/xiaoshixun1_1"
"Cyclic Dependency","https://github.com/232179773/t9"
"Cyclic Dependency","https://github.com/2322974451/XProjects"
"Cyclic Dependency","https://github.com/2333174/MailBox_FYCC"
"Cyclic Dependency","https://github.com/23456-Tony-Larrea/afectacionweb"
"Cyclic Dependency","https://github.com/235/gwt-pf"
"Cyclic Dependency","https://github.com/2374/Season2020"
"Cyclic Dependency","https://github.com/2387744807/WeMusic"
"Cyclic Dependency","https://github.com/2390438889/IO"
"Cyclic Dependency","https://github.com/2396BAR/appdeva"
"Cyclic Dependency","https://github.com/23jonathan23/design-patterns-in-java"
"Cyclic Dependency","https://github.com/23quan/colortumodule"
"Cyclic Dependency","https://github.com/2403102119/ShengQian_android"
"Cyclic Dependency","https://github.com/241262211/apptool"
"Cyclic Dependency","https://github.com/2413Team/BookShop"
"Cyclic Dependency","https://github.com/2445221583/my_spring"
"Cyclic Dependency","https://github.com/2445221583/myredpacket"
"Cyclic Dependency","https://github.com/2452862704/ppjoke"
"Cyclic Dependency","https://github.com/24628/nosql-project"
"Cyclic Dependency","https://github.com/2474942479/fake_foreigner"
"Cyclic Dependency","https://github.com/2499603447/ICCECarkey"
"Cyclic Dependency","https://github.com/24Kshign/OKHttpDemo"
"Cyclic Dependency","https://github.com/24akhil/DotNetCoreMVC3.1"
"Cyclic Dependency","https://github.com/252217616/Messy"
"Cyclic Dependency","https://github.com/255-1/Spider51job"
"Cyclic Dependency","https://github.com/25samyu/bms-kafka"
"Cyclic Dependency","https://github.com/2605759123/DriverAPP"
"Cyclic Dependency","https://github.com/2605759123/DriverCarAPP"
"Cyclic Dependency","https://github.com/2605759123/SmartHome"
"Cyclic Dependency","https://github.com/2605759123/SmartRubbish"
"Cyclic Dependency","https://github.com/2610MO/TP2020-2"
"Cyclic Dependency","https://github.com/2635064692/SourceCode-learning"
"Cyclic Dependency","https://github.com/270686992/fumeng-staging"
"Cyclic Dependency","https://github.com/2729StormRobotics/StormAppMaster2020"
"Cyclic Dependency","https://github.com/2729StormRobotics/StormAppUser2020"
"Cyclic Dependency","https://github.com/275282657/chenfan-finance"
"Cyclic Dependency","https://github.com/276255322/FTPManage"
"Cyclic Dependency","https://github.com/278770902/evm-wasu"
"Cyclic Dependency","https://github.com/279328316/JcCore"
"Cyclic Dependency","https://github.com/27chandler/SpaceProject"
"Cyclic Dependency","https://github.com/2803404074/Rxjava2Retrofit2NetFrame-master"
"Cyclic Dependency","https://github.com/2803404074/RxjavaRetrofit2-master"
"Cyclic Dependency","https://github.com/280780363/guc"
"Cyclic Dependency","https://github.com/2823761854/SystemCharting"
"Cyclic Dependency","https://github.com/2834895397-lu/erpapp"
"Cyclic Dependency","https://github.com/287396159/A"
"Cyclic Dependency","https://github.com/2881099/FreeSql.Tools"
"Cyclic Dependency","https://github.com/2881099/csredis"
"Cyclic Dependency","https://github.com/2892931976/Algorithms-in-Go"
"Cyclic Dependency","https://github.com/2893348004/BankingApplication"
"Cyclic Dependency","https://github.com/289562326/bigdata_mhm"
"Cyclic Dependency","https://github.com/28Pollux28/ImageWorldGenerator"
"Cyclic Dependency","https://github.com/29DCH/LovingHome-Real-Estate-Platform"
"Cyclic Dependency","https://github.com/29yang/DhySet"
"Cyclic Dependency","https://github.com/2Checkout/2checkout-java"
"Cyclic Dependency","https://github.com/2JeongYun/NTPver1"
"Cyclic Dependency","https://github.com/2apoorva5/COVID-19_Tracker---Application-for-Android"
"Cyclic Dependency","https://github.com/2b2ttanxiu/Functions"
"Cyclic Dependency","https://github.com/2b2ttanxiu/Functions-old"
"Cyclic Dependency","https://github.com/2dohee/homepaintings"
"Cyclic Dependency","https://github.com/2dukes/PROJ1_SDIS_2021"
"Cyclic Dependency","https://github.com/2dukes/PROJ2_SDIS_2021"
"Cyclic Dependency","https://github.com/2dukes/PROJ_COMP_2021"
"Cyclic Dependency","https://github.com/2dust/v2rayN"
"Cyclic Dependency","https://github.com/2fat2furious/monitoring"
"Cyclic Dependency","https://github.com/2gis/Winium.Cruciatus"
"Cyclic Dependency","https://github.com/2gis/Winium.StoreApps"
"Cyclic Dependency","https://github.com/2gis/windows-universal-app-driver"
"Cyclic Dependency","https://github.com/2jigoo/daangnmungcat"
"Cyclic Dependency","https://github.com/2k1p/grproject"
"Cyclic Dependency","https://github.com/2kchan/JSP_Board"
"Cyclic Dependency","https://github.com/2lstudios-mc/AntiBot"
"Cyclic Dependency","https://github.com/2m/cats"
"Cyclic Dependency","https://github.com/2quokka/demo-payment-rest-api"
"Cyclic Dependency","https://github.com/2redlight/cakeyum_android"
"Cyclic Dependency","https://github.com/2rohyun/patron-renewal"
"Cyclic Dependency","https://github.com/2ruslan/Anki_Games"
"Cyclic Dependency","https://github.com/2sic/2sxc"
"Cyclic Dependency","https://github.com/2winsen/lu"
"Cyclic Dependency","https://github.com/2xsaiko/crogamp"
"Cyclic Dependency","https://github.com/3-eyed-raven/ddd-framework"
"Cyclic Dependency","https://github.com/30003457/COMP7211A2Repo"
"Cyclic Dependency","https://github.com/30092171/pdef"
"Cyclic Dependency","https://github.com/303084687/sshr-job-admin"
"Cyclic Dependency","https://github.com/3059485516/NeteaseIMSDK"
"Cyclic Dependency","https://github.com/307209239/CamstarApiBuilder"
"Cyclic Dependency","https://github.com/30783-isel/binance"
"Cyclic Dependency","https://github.com/309893147/education_resources_service"
"Cyclic Dependency","https://github.com/30Code/pulltorefresh"
"Cyclic Dependency","https://github.com/30Gabriela/SmurfGame"
"Cyclic Dependency","https://github.com/310695702/webforum"
"Cyclic Dependency","https://github.com/31181025846/Asssignment01"
"Cyclic Dependency","https://github.com/31181025846/demochoHuy"
"Cyclic Dependency","https://github.com/314863336/jeemes-base"
"Cyclic Dependency","https://github.com/3297364807/xiaozhi"
"Cyclic Dependency","https://github.com/32kda/maploader"
"Cyclic Dependency","https://github.com/32v/goggles"
"Cyclic Dependency","https://github.com/335134701/C_Vistual_Demo"
"Cyclic Dependency","https://github.com/335747949/training_system"
"Cyclic Dependency","https://github.com/33Infinity/SwissPairings"
"Cyclic Dependency","https://github.com/342535324/VueAdminAutoCreate"
"Cyclic Dependency","https://github.com/343702729/ElectronicSeal"
"Cyclic Dependency","https://github.com/343702729/HuiZhi"
"Cyclic Dependency","https://github.com/343757500/UnesShop"
"Cyclic Dependency","https://github.com/345531063/elecService"
"Cyclic Dependency","https://github.com/345ZhangRy/ZiceRichTextSample"
"Cyclic Dependency","https://github.com/346058210/huate"
"Cyclic Dependency","https://github.com/348683013/mgtcom"
"Cyclic Dependency","https://github.com/357712148/bodygit"
"Cyclic Dependency","https://github.com/360Ceeee/WeChatMoments"
"Cyclic Dependency","https://github.com/360GroupProject/vantageProCodeRepo"
"Cyclic Dependency","https://github.com/360matt-archives/Sokeese"
"Cyclic Dependency","https://github.com/360matt/FastMongo-v2"
"Cyclic Dependency","https://github.com/360matt/Sokeese-v2"
"Cyclic Dependency","https://github.com/361387670/sunyanwen"
"Cyclic Dependency","https://github.com/361way/safe"
"Cyclic Dependency","https://github.com/3623/InfiniteRecharge2021"
"Cyclic Dependency","https://github.com/3658BOSONS/UG3"
"Cyclic Dependency","https://github.com/36952362/MiniXimalaya"
"Cyclic Dependency","https://github.com/36px/passport"
"Cyclic Dependency","https://github.com/376453716/zookeeper-x"
"Cyclic Dependency","https://github.com/379753498/bridge"
"Cyclic Dependency","https://github.com/386959653/javaWebDemo"
"Cyclic Dependency","https://github.com/389273716/RxJavaMonitor"
"Cyclic Dependency","https://github.com/389431880/icloud"
"Cyclic Dependency","https://github.com/391129243/guankong"
"Cyclic Dependency","https://github.com/3A43Mka/oop"
"Cyclic Dependency","https://github.com/3Alouch1/datingssss"
"Cyclic Dependency","https://github.com/3DRing/YamblzWeather"
"Cyclic Dependency","https://github.com/3Dawyat/Laptop-Store"
"Cyclic Dependency","https://github.com/3F/DllExport"
"Cyclic Dependency","https://github.com/3F/vsCommandEvent"
"Cyclic Dependency","https://github.com/3F/vsSolutionBuildEvent"
"Cyclic Dependency","https://github.com/3GF/era_dev"
"Cyclic Dependency","https://github.com/3HJack/SmartWidget"
"Cyclic Dependency","https://github.com/3M-Company/azure-iot-platform-dotnet"
"Cyclic Dependency","https://github.com/3RD-Dimension/3RDD-GCode-Sender-Issues"
"Cyclic Dependency","https://github.com/3RSH/MyFirstSpringApp"
"Cyclic Dependency","https://github.com/3Seventy/vector370-dotnet"
"Cyclic Dependency","https://github.com/3TUSK/FrogCraft-Rebirth"
"Cyclic Dependency","https://github.com/3Tn0/android-courses-stepanenko"
"Cyclic Dependency","https://github.com/3aitana/BingoScanner"
"Cyclic Dependency","https://github.com/3bdelrahmann/cafeteria-ordering-system"
"Cyclic Dependency","https://github.com/3cky/usb-i2c-android"
"Cyclic Dependency","https://github.com/3da/JsonSettingsManager"
"Cyclic Dependency","https://github.com/3dcitydb/extension-test-ade"
"Cyclic Dependency","https://github.com/3dcitydb/swingx-ws"
"Cyclic Dependency","https://github.com/3dcitydb/texture-atlas-creator"
"Cyclic Dependency","https://github.com/3dr15/employeeMIS"
"Cyclic Dependency","https://github.com/3e2j/StatuesNRunes"
"Cyclic Dependency","https://github.com/3mcloud/GFC-Grouper-Foundation-Classes"
"Cyclic Dependency","https://github.com/3mrdev/gamechanic"
"Cyclic Dependency","https://github.com/3ono3/jianzhiOffer"
"Cyclic Dependency","https://github.com/3qilabs/salesforce-testng-framework"
"Cyclic Dependency","https://github.com/3sanjeet/EPIServerDemo"
"Cyclic Dependency","https://github.com/3sidedcube/Android-LightningUi"
"Cyclic Dependency","https://github.com/3sss123/forge-1.16.5-mod"
"Cyclic Dependency","https://github.com/3sss123/forge-mod"
"Cyclic Dependency","https://github.com/3ufear/DRA"
"Cyclic Dependency","https://github.com/3venjd/ShipOps"
"Cyclic Dependency","https://github.com/3xtasio/AlphaBox"
"Cyclic Dependency","https://github.com/3xtasio/lifecraft-soup"
"Cyclic Dependency","https://github.com/3yakuya/Quantum-Shell"
"Cyclic Dependency","https://github.com/4036tlh/Badminton-Court-Booking-System"
"Cyclic Dependency","https://github.com/404Kartik/Black-Jack-Card-Game"
"Cyclic Dependency","https://github.com/404NotFound2020/MiniSQLDefinitive"
"Cyclic Dependency","https://github.com/404nofound/MBTA_Boston_Transit"
"Cyclic Dependency","https://github.com/405990230/boot-boss"
"Cyclic Dependency","https://github.com/409a206/sopung"
"Cyclic Dependency","https://github.com/410919244/wmeimob"
"Cyclic Dependency","https://github.com/411212376/shiyanlou-002"
"Cyclic Dependency","https://github.com/4115019/thor"
"Cyclic Dependency","https://github.com/4132tester/java_pft"
"Cyclic Dependency","https://github.com/413767955/HongQiaoTiYu"
"Cyclic Dependency","https://github.com/413831/ejercicios_laboratorio_5"
"Cyclic Dependency","https://github.com/414507259/face"
"Cyclic Dependency","https://github.com/415192022/LMWRouter"
"Cyclic Dependency","https://github.com/4201VitruvianBots/Jango2.0"
"Cyclic Dependency","https://github.com/4201VitruvianBots/Swervy2020"
"Cyclic Dependency","https://github.com/4201VitruvianBots/TRex2021"
"Cyclic Dependency","https://github.com/42BV/beanmapper"
"Cyclic Dependency","https://github.com/42Crunch/cicd-core-java"
"Cyclic Dependency","https://github.com/42Lines/wicket-css-scope"
"Cyclic Dependency","https://github.com/43863198/aizhixin_student_dynamics"
"Cyclic Dependency","https://github.com/438972218/bladx-boot"
"Cyclic Dependency","https://github.com/43907800/zfile"
"Cyclic Dependency","https://github.com/43TH3R/rp-robogame"
"Cyclic Dependency","https://github.com/448808614/ToolQ-1"
"Cyclic Dependency","https://github.com/4563599/fw"
"Cyclic Dependency","https://github.com/457049726/openjad"
"Cyclic Dependency","https://github.com/4639RoboSpartans/2020-Test"
"Cyclic Dependency","https://github.com/4639RoboSpartans/2021-Beskar-LimeLight"
"Cyclic Dependency","https://github.com/476308241/MVVMFramework"
"Cyclic Dependency","https://github.com/483759/Square4Us"
"Cyclic Dependency","https://github.com/491134648/UnionIOV"
"Cyclic Dependency","https://github.com/4A69616E67/DHat"
"Cyclic Dependency","https://github.com/4A69616E67/TransLocationDetection"
"Cyclic Dependency","https://github.com/4AL2-B-Lego-R-Baris-M-ISHII/code-fit-api"
"Cyclic Dependency","https://github.com/4Kaze/PASWebApp"
"Cyclic Dependency","https://github.com/4Kaze/tpr-zad1"
"Cyclic Dependency","https://github.com/4SohyunChoi4/dentist-in-my-hand"
"Cyclic Dependency","https://github.com/4TwentySolutions/FourTwenty.IoT.Grow"
"Cyclic Dependency","https://github.com/4a7g0018/pixel_game"
"Cyclic Dependency","https://github.com/4egod/Bots"
"Cyclic Dependency","https://github.com/4iot-dev/ID-SDK"
"Cyclic Dependency","https://github.com/4lexDel/Open_world"
"Cyclic Dependency","https://github.com/4nub1s/infoGym"
"Cyclic Dependency","https://github.com/4o66/KSP-Mod-Admin"
"Cyclic Dependency","https://github.com/4sskick/dicoding_bfaa"
"Cyclic Dependency","https://github.com/4uf04eG/android_view_test"
"Cyclic Dependency","https://github.com/4uva/SyndicationFeed"
"Cyclic Dependency","https://github.com/4wl/XG42"
"Cyclic Dependency","https://github.com/4yafes6/C-Sharp-Restaurant-Automation"
"Cyclic Dependency","https://github.com/4zaran/ChimpModerator"
"Cyclic Dependency","https://github.com/500a5/Belgorod_travel_guide"
"Cyclic Dependency","https://github.com/502051565/dragonGame"
"Cyclic Dependency","https://github.com/502627670/needle-store"
"Cyclic Dependency","https://github.com/503602501/cloudservice"
"Cyclic Dependency","https://github.com/503612012/springboot_chowder"
"Cyclic Dependency","https://github.com/504479518/Thread-Learning"
"Cyclic Dependency","https://github.com/506340601/2020year"
"Cyclic Dependency","https://github.com/50centsl/cloud-biz-application"
"Cyclic Dependency","https://github.com/50centsl/cloud-gateway-application"
"Cyclic Dependency","https://github.com/50centsl/cloud-iot-application"
"Cyclic Dependency","https://github.com/512439130/Flutter_Plugin_KLine"
"Cyclic Dependency","https://github.com/514840279/danyuan-application"
"Cyclic Dependency","https://github.com/514840279/danyuan-healthy-report"
"Cyclic Dependency","https://github.com/515779838/Yiliao"
"Cyclic Dependency","https://github.com/516457377/XFOSD"
"Cyclic Dependency","https://github.com/51721198/JavaRoad"
"Cyclic Dependency","https://github.com/517435708/TIP"
"Cyclic Dependency","https://github.com/519421214/hhczy"
"Cyclic Dependency","https://github.com/51Star/jhipster6-demo"
"Cyclic Dependency","https://github.com/522803365/HangfireJob"
"Cyclic Dependency","https://github.com/52733011/loan_background"
"Cyclic Dependency","https://github.com/527515025/springBoot"
"Cyclic Dependency","https://github.com/529106896/HeavyTeam"
"Cyclic Dependency","https://github.com/52Jolynn/MyTv"
"Cyclic Dependency","https://github.com/52North/SWE-Ingestion-Service"
"Cyclic Dependency","https://github.com/52North/arcgis-pro-wps-client"
"Cyclic Dependency","https://github.com/52North/triturus"
"Cyclic Dependency","https://github.com/531524318/Control_experiment"
"Cyclic Dependency","https://github.com/5420-Velocity/5420-JAVA-DRIVE-2020"
"Cyclic Dependency","https://github.com/544037232/roletask-cloud-platform"
"Cyclic Dependency","https://github.com/5490darkbyte/2021Season"
"Cyclic Dependency","https://github.com/553474628/Oldwounds"
"Cyclic Dependency","https://github.com/578034/Dat110-project3"
"Cyclic Dependency","https://github.com/578038/dat110prosjekt3"
"Cyclic Dependency","https://github.com/57xiaoyu/Hiot"
"Cyclic Dependency","https://github.com/5800LDW/Project_Robot_NanNing"
"Cyclic Dependency","https://github.com/5801mvv/gearscreator"
"Cyclic Dependency","https://github.com/5801pia/shockabsorb"
"Cyclic Dependency","https://github.com/5802cvi/monitor"
"Cyclic Dependency","https://github.com/580861/Dat110Oblig3"
"Cyclic Dependency","https://github.com/584178942/ztmdm"
"Cyclic Dependency","https://github.com/591336/vriottergit"
"Cyclic Dependency","https://github.com/594752/Prosjekt-dat100"
"Cyclic Dependency","https://github.com/5GCity/5GCity-SDK"
"Cyclic Dependency","https://github.com/5GEVE/5geve-wp3-rc-handler"
"Cyclic Dependency","https://github.com/5l1v3r1/LazenLang"
"Cyclic Dependency","https://github.com/5ran6/mSkola"
"Cyclic Dependency","https://github.com/5up3rN00b/QuizYou"
"Cyclic Dependency","https://github.com/5x1fF1xgx1xti0n/Wi-Fi-Sharing"
"Cyclic Dependency","https://github.com/5ycrow/jeecg-boot-wyc"
"Cyclic Dependency","https://github.com/5zig-reborn/server-api"
"Cyclic Dependency","https://github.com/600847/Kortspill"
"Cyclic Dependency","https://github.com/600847/KortspillKoding"
"Cyclic Dependency","https://github.com/600896/Programmeringsprosjekt"
"Cyclic Dependency","https://github.com/6009000134/MyPlatform"
"Cyclic Dependency","https://github.com/602122993/zhai-mall"
"Cyclic Dependency","https://github.com/602723113/UvisOS"
"Cyclic Dependency","https://github.com/605775776/imooc_mall"
"Cyclic Dependency","https://github.com/614AC/INTQ"
"Cyclic Dependency","https://github.com/616272776/MyApplicationdfsd"
"Cyclic Dependency","https://github.com/616slayer616/closure-stylesheets"
"Cyclic Dependency","https://github.com/619Code/Robot2019"
"Cyclic Dependency","https://github.com/619Code/Robot2020CommandBased"
"Cyclic Dependency","https://github.com/61crossroad/vuejs-springboot-h2"
"Cyclic Dependency","https://github.com/623nana/clean-code-with-java"
"Cyclic Dependency","https://github.com/63/instagram4j"
"Cyclic Dependency","https://github.com/6304062630202/Halloween-Game"
"Cyclic Dependency","https://github.com/631700492/springboot_vue"
"Cyclic Dependency","https://github.com/6324/xxl-job-admin-postgre"
"Cyclic Dependency","https://github.com/642010742/androidcontact"
"Cyclic Dependency","https://github.com/645187919/Stock-APP"
"Cyclic Dependency","https://github.com/648256336/hasaget"
"Cyclic Dependency","https://github.com/65350611/Fallstudie"
"Cyclic Dependency","https://github.com/65487123/Dracc"
"Cyclic Dependency","https://github.com/654984799/study1"
"Cyclic Dependency","https://github.com/657704095/ruoyi_frame"
"Cyclic Dependency","https://github.com/662781/Java_Fundamentals_Opdrachten"
"Cyclic Dependency","https://github.com/668mt/mt-spring-web"
"Cyclic Dependency","https://github.com/670848654/Dilidili"
"Cyclic Dependency","https://github.com/670848654/Silisili"
"Cyclic Dependency","https://github.com/678601/wm"
"Cyclic Dependency","https://github.com/68652667/yapx3"
"Cyclic Dependency","https://github.com/6D1996/zz_ijkplayer-master"
"Cyclic Dependency","https://github.com/6aRi/FundamentosdeProgamacion-Java"
"Cyclic Dependency","https://github.com/6bee/Remote.Linq"
"Cyclic Dependency","https://github.com/6bee/aqua-core"
"Cyclic Dependency","https://github.com/6d6a/hms-personmgr"
"Cyclic Dependency","https://github.com/6d6a/hms-rc-staff"
"Cyclic Dependency","https://github.com/6d6a/hms-rc-user"
"Cyclic Dependency","https://github.com/6point6/carpo"
"Cyclic Dependency","https://github.com/6rui/xxl-job2"
"Cyclic Dependency","https://github.com/6westboy9/distributed-file-system"
"Cyclic Dependency","https://github.com/6wunderkinder/SolidNavigation"
"Cyclic Dependency","https://github.com/7-L/md_blockchain_client"
"Cyclic Dependency","https://github.com/700t/TruckManage"
"Cyclic Dependency","https://github.com/70Song/Submarine-Song"
"Cyclic Dependency","https://github.com/70kg/weibo"
"Cyclic Dependency","https://github.com/721806280/healthy-security"
"Cyclic Dependency","https://github.com/727021/MCSong"
"Cyclic Dependency","https://github.com/72services/jooq-hr"
"Cyclic Dependency","https://github.com/72services/vaadin-jooq-demo"
"Cyclic Dependency","https://github.com/730JustGod/ARMuseum"
"Cyclic Dependency","https://github.com/742672654/kaiza31"
"Cyclic Dependency","https://github.com/742672654/parking2"
"Cyclic Dependency","https://github.com/746345/Sistemas-y-tecnologias-web"
"Cyclic Dependency","https://github.com/75481-Alvaro-Reartes/ISW2021-Grupo9"
"Cyclic Dependency","https://github.com/756915370/LuaRuntimeHotfix"
"Cyclic Dependency","https://github.com/760691212/frame-system-java"
"Cyclic Dependency","https://github.com/776225930/PlayDemo"
"Cyclic Dependency","https://github.com/777Egor777/emailBase"
"Cyclic Dependency","https://github.com/778627421/PanoCamera"
"Cyclic Dependency","https://github.com/77ilogin/training"
"Cyclic Dependency","https://github.com/780nm/DrawSynth"
"Cyclic Dependency","https://github.com/782271752/Ble"
"Cyclic Dependency","https://github.com/783144350/fung-basecode"
"Cyclic Dependency","https://github.com/785160953/spring-jba"
"Cyclic Dependency","https://github.com/791180116/Crazy_MVP"
"Cyclic Dependency","https://github.com/79121262/apache-tomcat-9.0.16-src"
"Cyclic Dependency","https://github.com/793706/together_char"
"Cyclic Dependency","https://github.com/7Harish7/Inventory-Management-System-Java-Project-Source-Code"
"Cyclic Dependency","https://github.com/7IsEnough/workspace4SpringMVC"
"Cyclic Dependency","https://github.com/7OH/test"
"Cyclic Dependency","https://github.com/7Septimus7/Fast-Detect"
"Cyclic Dependency","https://github.com/7ZAI/wuage"
"Cyclic Dependency","https://github.com/7ares/Sofra"
"Cyclic Dependency","https://github.com/7aske/rzp-backend"
"Cyclic Dependency","https://github.com/7askhatir/Bassma-V3"
"Cyclic Dependency","https://github.com/7ddn/Optomechanical-Design"
"Cyclic Dependency","https://github.com/7eoAldamas/Proyecto2-Lenguajes-Formales"
"Cyclic Dependency","https://github.com/7h3Rabbit/StaticWebEpiserverPlugin"
"Cyclic Dependency","https://github.com/7imaZz/Footy"
"Cyclic Dependency","https://github.com/7isenko/ScenarioMixPlugin"
"Cyclic Dependency","https://github.com/7jxlian7/Projet-CPOA"
"Cyclic Dependency","https://github.com/7lc/LongchangCuis_Tetris"
"Cyclic Dependency","https://github.com/7thspartan07/LaZed"
"Cyclic Dependency","https://github.com/7yrionLannister/mines-weeper"
"Cyclic Dependency","https://github.com/7zism3/booking-homestay-backend-clone"
"Cyclic Dependency","https://github.com/810230010/techstack-examples"
"Cyclic Dependency","https://github.com/810797860/starter"
"Cyclic Dependency","https://github.com/812406210/maxwell-ha"
"Cyclic Dependency","https://github.com/815-IOT-Platform/iot-cloud-backend"
"Cyclic Dependency","https://github.com/815129099/energyServer"
"Cyclic Dependency","https://github.com/823984418/Ray3D"
"Cyclic Dependency","https://github.com/824494376/test01"
"Cyclic Dependency","https://github.com/834250018/lucene-demo"
"Cyclic Dependency","https://github.com/842549829/Easy.Tall.UserCenter"
"Cyclic Dependency","https://github.com/852015496/hotting_server"
"Cyclic Dependency","https://github.com/869324/4th-year-project"
"Cyclic Dependency","https://github.com/875279177/java_-Shadowsocks"
"Cyclic Dependency","https://github.com/8793COMPANY/HellOworld_rev"
"Cyclic Dependency","https://github.com/8802/8802_ftc_app"
"Cyclic Dependency","https://github.com/886Vmedical/vmed"
"Cyclic Dependency","https://github.com/8872/RoverRuckus"
"Cyclic Dependency","https://github.com/892681347/EduAdminSystem"
"Cyclic Dependency","https://github.com/894236285/BGTZ"
"Cyclic Dependency","https://github.com/894683184/CloudMusic-Matcher-For-Android"
"Cyclic Dependency","https://github.com/89682907/ModularityProject"
"Cyclic Dependency","https://github.com/89751355/xxx-job"
"Cyclic Dependency","https://github.com/898444038/ppsgmanage"
"Cyclic Dependency","https://github.com/89netraM/DigiFlisp"
"Cyclic Dependency","https://github.com/89trillion-hehuan/fourth_test"
"Cyclic Dependency","https://github.com/89trillion-hehuan/third_test"
"Cyclic Dependency","https://github.com/89trillion-songzhiheng/Ranks"
"Cyclic Dependency","https://github.com/8Liu/alibaba-cloud-learn"
"Cyclic Dependency","https://github.com/8Liu/ldh_springboot_learning"
"Cyclic Dependency","https://github.com/8Roxyrox8/DBCase3.0"
"Cyclic Dependency","https://github.com/8ar10der/DifferentialPrivacy"
"Cyclic Dependency","https://github.com/8fatemeT8/Hpc-Khu-Project"
"Cyclic Dependency","https://github.com/8lackbody/talent"
"Cyclic Dependency","https://github.com/8nkit/KirayeKa_app"
"Cyclic Dependency","https://github.com/90018Team/project-frontend"
"Cyclic Dependency","https://github.com/906522290/tetHttps"
"Cyclic Dependency","https://github.com/90heum/wincar"
"Cyclic Dependency","https://github.com/90rimane/westcost-cars"
"Cyclic Dependency","https://github.com/912-BUZAN-DAN-ALEXANDRU/KIS2.0"
"Cyclic Dependency","https://github.com/91labs/aritic-android"
"Cyclic Dependency","https://github.com/92019494/FijiDiscover"
"Cyclic Dependency","https://github.com/920651004/Wanandroid"
"Cyclic Dependency","https://github.com/923339832/mvb"
"Cyclic Dependency","https://github.com/928649522/deayee-open-chat"
"Cyclic Dependency","https://github.com/92liangliang/uucomic"
"Cyclic Dependency","https://github.com/932707629/TinMvc"
"Cyclic Dependency","https://github.com/936187425/OCR_Andorid_server"
"Cyclic Dependency","https://github.com/936187425/compliler"
"Cyclic Dependency","https://github.com/93acy/ADProjTeam4Android"
"Cyclic Dependency","https://github.com/941911337/fa-management"
"Cyclic Dependency","https://github.com/94fzb/simplewebserver"
"Cyclic Dependency","https://github.com/94shinshinhy/First_Project"
"Cyclic Dependency","https://github.com/954214548/media-Extract"
"Cyclic Dependency","https://github.com/965310001/HuaRunQiHuo"
"Cyclic Dependency","https://github.com/965917582/java-learn-projects"
"Cyclic Dependency","https://github.com/971215/Sistema_Java_Desktop"
"Cyclic Dependency","https://github.com/971237556/NewsReader"
"Cyclic Dependency","https://github.com/978025302/Compilation-System"
"Cyclic Dependency","https://github.com/979778901/pet"
"Cyclic Dependency","https://github.com/97joseph/ATAT_Robotics"
"Cyclic Dependency","https://github.com/97joseph/Java_Graphics"
"Cyclic Dependency","https://github.com/985211yyg/hms-ml"
"Cyclic Dependency","https://github.com/994914624/sa-sdk-android-push-um"
"Cyclic Dependency","https://github.com/998czl/SolutionEFCore"
"Cyclic Dependency","https://github.com/999bug/distcp2"
"Cyclic Dependency","https://github.com/9CR4/ChunkyPeripherals"
"Cyclic Dependency","https://github.com/9Ge/otech-top"
"Cyclic Dependency","https://github.com/9Ge/yichun"
"Cyclic Dependency","https://github.com/9Nonami/cmd4"
"Cyclic Dependency","https://github.com/9annas/Java-Swing-Battleship"
"Cyclic Dependency","https://github.com/9ihyun/src_project"
"Cyclic Dependency","https://github.com/9ins/TCPProxy"
"Cyclic Dependency","https://github.com/9ins/chaos-dashboard"
"Cyclic Dependency","https://github.com/9ins/porta"
"Cyclic Dependency","https://github.com/9sanha/Spring99"
"Cyclic Dependency","https://github.com/A-Albaez/proyecto-final"
"Cyclic Dependency","https://github.com/A-Cubic/zhuae-server"
"Cyclic Dependency","https://github.com/A-Djihadi/BE_Graphe"
"Cyclic Dependency","https://github.com/A-E-Enterprises/RackDrawingApp"
"Cyclic Dependency","https://github.com/A-Fitz/Atari-8bit-Pac-Man-Port"
"Cyclic Dependency","https://github.com/A-Fitz/CollegeOrganizer"
"Cyclic Dependency","https://github.com/A-Ih/ITMO-Java-homeworks"
"Cyclic Dependency","https://github.com/A-Julien/SquareGame"
"Cyclic Dependency","https://github.com/A-Kle/GameMS"
"Cyclic Dependency","https://github.com/A-Nosenko/trainee"
"Cyclic Dependency","https://github.com/A-Ortner/Wendy-s_Stable"
"Cyclic Dependency","https://github.com/A-Salty-Fish/CSharpHomeWork1-1"
"Cyclic Dependency","https://github.com/A-Steeves/SEG2105-TermProject"
"Cyclic Dependency","https://github.com/A-Team-Robotics/2020_Robot"
"Cyclic Dependency","https://github.com/A-Torrres/Proj-PO-21-22"
"Cyclic Dependency","https://github.com/A-ZHANG1/co-multiple-data-source"
"Cyclic Dependency","https://github.com/A-portfolio/HuashiApp"
"Cyclic Dependency","https://github.com/A-tanaka11/WebSystem2"
"Cyclic Dependency","https://github.com/A0hdhyz9Z/Aircraft-war"
"Cyclic Dependency","https://github.com/A18767101271/ImitateView"
"Cyclic Dependency","https://github.com/A1ex2/Terminal_v2"
"Cyclic Dependency","https://github.com/A1exG/AccountingPC"
"Cyclic Dependency","https://github.com/A1r33s-thewarman/sewa_buddy"
"Cyclic Dependency","https://github.com/A24Group/ssGWT-lib"
"Cyclic Dependency","https://github.com/A28chauhan/TwilioChatApp"
"Cyclic Dependency","https://github.com/A2itya/Farmer_Customer"
"Cyclic Dependency","https://github.com/A4ABATTERY/year-2-uni"
"Cyclic Dependency","https://github.com/A4Vision/estimate-distance"
"Cyclic Dependency","https://github.com/A7250AG/Karvis"
"Cyclic Dependency","https://github.com/AAAlex-123/Requirements"
"Cyclic Dependency","https://github.com/AAAlex-123/SML-compiler-runtime"
"Cyclic Dependency","https://github.com/AABGnmd/awsomebook_test"
"Cyclic Dependency","https://github.com/AAEA132/ClashRoyal"
"Cyclic Dependency","https://github.com/AAFC-BICoE/seqdb-api"
"Cyclic Dependency","https://github.com/AAISSJ/SKKUHakyeon"
"Cyclic Dependency","https://github.com/AAJAAJ/eclipse-workspace"
"Cyclic Dependency","https://github.com/AAMokhtar/Database-engine"
"Cyclic Dependency","https://github.com/AAU-projects/P3-drive-school-logger"
"Cyclic Dependency","https://github.com/AAU-projects/P8-API"
"Cyclic Dependency","https://github.com/AAUITSPlatform/AAUWebMgmt"
"Cyclic Dependency","https://github.com/AAgalakov/2021-03-otus-java-agalakov"
"Cyclic Dependency","https://github.com/AAleksanderr/EPAM-Developing-ASP.NET-MVC-Web-Applications"
"Cyclic Dependency","https://github.com/AAli77/ATMSimulator"
"Cyclic Dependency","https://github.com/AArlauskas/Moodis"
"Cyclic Dependency","https://github.com/AAstroPhysiCS/JMinecraft-Multiplayer"
"Cyclic Dependency","https://github.com/AAstroPhysiCS/OxyEngine"
"Cyclic Dependency","https://github.com/AAstrup/InstantMultiplayer"
"Cyclic Dependency","https://github.com/ABC-COVID19/API-registry"
"Cyclic Dependency","https://github.com/ABDO-AR/Auto-RDM-V2"
"Cyclic Dependency","https://github.com/ABHIRAMSHIBU/jarvisReborn"
"Cyclic Dependency","https://github.com/ABHISHARMAV/signal-sarver"
"Cyclic Dependency","https://github.com/ABHISHEK-360/InstruoX"
"Cyclic Dependency","https://github.com/ABHMughal/ProjectGame"
"Cyclic Dependency","https://github.com/ABTSoftware/SciChart.Wpf.Examples"
"Cyclic Dependency","https://github.com/ABasral/YoShow"
"Cyclic Dependency","https://github.com/ABrunoRaise/centro-backend"
"Cyclic Dependency","https://github.com/ABtank/AbStarGame"
"Cyclic Dependency","https://github.com/ACBrNet/ACBr.Net.Core"
"Cyclic Dependency","https://github.com/ACBrNet/ACBr.Net.DFe.Core"
"Cyclic Dependency","https://github.com/ACE-Caedmon/NG-Socket"
"Cyclic Dependency","https://github.com/ACKREIK/CheesiBEENDeenSOURCE"
"Cyclic Dependency","https://github.com/ACMREN/smartBox-video"
"Cyclic Dependency","https://github.com/ACRA/acra"
"Cyclic Dependency","https://github.com/ACS106129/uml-editor"
"Cyclic Dependency","https://github.com/ACSmyth/chess-engine"
"Cyclic Dependency","https://github.com/ACTIONB34/JavaG1"
"Cyclic Dependency","https://github.com/ACVivant/AvecToi"
"Cyclic Dependency","https://github.com/ACVivant/RealEstateManager"
"Cyclic Dependency","https://github.com/ACXap/InfoCenter"
"Cyclic Dependency","https://github.com/ACarroC/BPT.Test"
"Cyclic Dependency","https://github.com/ACrispyCookie/colonybungeecore"
"Cyclic Dependency","https://github.com/ACrispyCookie/colonyspigotapi"
"Cyclic Dependency","https://github.com/AD-Wu/Pikachu"
"Cyclic Dependency","https://github.com/ADG-VIT/Paper-VIT-Android-App"
"Cyclic Dependency","https://github.com/ADebeddes/WYSIWYM_LDS_Service"
"Cyclic Dependency","https://github.com/ADebeddes/WYSIWYM_Measures_Service"
"Cyclic Dependency","https://github.com/ADebeddes/WYSIWYM_api"
"Cyclic Dependency","https://github.com/ADeltaX/AudioFlyout"
"Cyclic Dependency","https://github.com/ADeltaX/ProtoBuildBot"
"Cyclic Dependency","https://github.com/ADimeo/gameprog-detective-app"
"Cyclic Dependency","https://github.com/ADoyenA/UTS_AKB_IF3_10117089"
"Cyclic Dependency","https://github.com/ADuckWithAPassion/SavageBosses"
"Cyclic Dependency","https://github.com/AEDUARDOF/Jueguito"
"Cyclic Dependency","https://github.com/AEFaour/AdoNetLinqSqlServer"
"Cyclic Dependency","https://github.com/AEFaour/MVVMVideotheque"
"Cyclic Dependency","https://github.com/AELFSTAKING/eth.watchonly"
"Cyclic Dependency","https://github.com/AElfProject/aelf-blockchain"
"Cyclic Dependency","https://github.com/AEliu/CS61B-Spring-2020"
"Cyclic Dependency","https://github.com/AEvedove/pok"
"Cyclic Dependency","https://github.com/AExiaoliou/whogo-backend"
"Cyclic Dependency","https://github.com/AFDia/umlet"
"Cyclic Dependency","https://github.com/AFIRO/CompSci-Java-Year-1"
"Cyclic Dependency","https://github.com/AFMS-Rowan-Software-Projects/Estimation-Tool-Fall-2019"
"Cyclic Dependency","https://github.com/AFORP/We-localize"
"Cyclic Dependency","https://github.com/AFelkai/BookSwap"
"Cyclic Dependency","https://github.com/AFoGC/FilmsDBC"
"Cyclic Dependency","https://github.com/AGBN/PSU1-sem"
"Cyclic Dependency","https://github.com/AGC-TRAORE/agc-projet-clinique"
"Cyclic Dependency","https://github.com/AGESIC-UY/cliente-java-plataforma-interoperabilidad"
"Cyclic Dependency","https://github.com/AGHG46087/PineWoodDerby"
"Cyclic Dependency","https://github.com/AGHSEagleRobotics/frc1388-2020"
"Cyclic Dependency","https://github.com/AGorbunovas/SharpnetaiPRIS"
"Cyclic Dependency","https://github.com/AHS-FTC/BFR-Ultimate-Goal"
"Cyclic Dependency","https://github.com/AHTepsilon/proyecto1SERVER"
"Cyclic Dependency","https://github.com/AHartRC/SpecEditor"
"Cyclic Dependency","https://github.com/AHeartMan/simple-java"
"Cyclic Dependency","https://github.com/AHmims/SimplonLine-Briefs-2eme"
"Cyclic Dependency","https://github.com/AIBrain/Librainian"
"Cyclic Dependency","https://github.com/AIBrainAISchool/AI-Body-Trainer-android"
"Cyclic Dependency","https://github.com/AICP/packages_apps_LockClock"
"Cyclic Dependency","https://github.com/AIDEmeProject/JavaMiddleware"
"Cyclic Dependency","https://github.com/AIGLEDa/jeux01"
"Cyclic Dependency","https://github.com/AIMROM/packages_apps_AimWizard"
"Cyclic Dependency","https://github.com/AIR-FOI-HR/AIR2007"
"Cyclic Dependency","https://github.com/AIValkyries/AssetBundleUpdate"
"Cyclic Dependency","https://github.com/AIqbal1/Mockito"
"Cyclic Dependency","https://github.com/AJPerriello/RaspberryPi"
"Cyclic Dependency","https://github.com/AJacobs94/LiftoffRMAV"
"Cyclic Dependency","https://github.com/AK-74M89/CertificateRegistry2"
"Cyclic Dependency","https://github.com/AK-MxT/user-management"
"Cyclic Dependency","https://github.com/AKA-Ecliptic/Cinephile"
"Cyclic Dependency","https://github.com/AKAaayush/BetterBuy-Application"
"Cyclic Dependency","https://github.com/AKSW/Cetus"
"Cyclic Dependency","https://github.com/AKSW/IDOL"
"Cyclic Dependency","https://github.com/AKSW/SmartDataWebKG"
"Cyclic Dependency","https://github.com/AKZ123/FirstAPI"
"Cyclic Dependency","https://github.com/AKermanov/AuthorsAPI"
"Cyclic Dependency","https://github.com/AKincel18/HeterogeneousFleetVRP"
"Cyclic Dependency","https://github.com/AKincel18/NBAStatistics"
"Cyclic Dependency","https://github.com/AKruimink/WinReform"
"Cyclic Dependency","https://github.com/AKruimink/WindowResizer"
"Cyclic Dependency","https://github.com/AKuznetsov/russianmorphology"
"Cyclic Dependency","https://github.com/ALEXGREENCH/jimm-0.4.3-mod"
"Cyclic Dependency","https://github.com/ALIOTH-DEV-SPACE/packages_apps_Matlog"
"Cyclic Dependency","https://github.com/ALLABERX/IQ-TEST"
"Cyclic Dependency","https://github.com/ALLFATHERDEV/NorseCraft"
"Cyclic Dependency","https://github.com/ALLISWELL-REPO/Welcome"
"Cyclic Dependency","https://github.com/ALMikhai/CCompiler"
"Cyclic Dependency","https://github.com/ALMikhai/GeolocationProcessing"
"Cyclic Dependency","https://github.com/ALXScript/CSCI-191T-Mobile-Dev-Project"
"Cyclic Dependency","https://github.com/ALabrada/FakeChmCreator"
"Cyclic Dependency","https://github.com/ALabrada/Neuronic.CollectionModel"
"Cyclic Dependency","https://github.com/ALazyDogXD/netty-analysis-spring-boot-starter"
"Cyclic Dependency","https://github.com/AMCCore/AMC.Core"
"Cyclic Dependency","https://github.com/AMD031/proyectoAndroid"
"Cyclic Dependency","https://github.com/AMPDevelopment/Kaida"
"Cyclic Dependency","https://github.com/AMPnet/trade-serivce"
"Cyclic Dependency","https://github.com/AMR-21/UniversityLibrarySytem"
"Cyclic Dependency","https://github.com/AMReamer/Under-Fire"
"Cyclic Dependency","https://github.com/AN-Jung-Chan/Trip-Diary---detail-page"
"Cyclic Dependency","https://github.com/ANDERSONTECHWERKS/SpaceshipGame"
"Cyclic Dependency","https://github.com/ANILKU401/apigee-x-maven-deploy"
"Cyclic Dependency","https://github.com/ANRCorleone/2D-Detective-Game"
"Cyclic Dependency","https://github.com/ANTAEGYU/Ntok"
"Cyclic Dependency","https://github.com/ANewAnonymous/uniAppModule"
"Cyclic Dependency","https://github.com/ANgajasinghe/EmployeeManagementSystem"
"Cyclic Dependency","https://github.com/AOCAWOL/Caves-and-Critters"
"Cyclic Dependency","https://github.com/AODocs/endpoints-authenticators"
"Cyclic Dependency","https://github.com/AOF96/SENG302"
"Cyclic Dependency","https://github.com/AONE-Y/IM_VIDEO"
"Cyclic Dependency","https://github.com/AOS-Miracle/BuildScreen"
"Cyclic Dependency","https://github.com/AOSP-Realme-X2/platfrom_packages_apps_SettingsIntelligence"
"Cyclic Dependency","https://github.com/AOSPA/android_vendor_codeaurora_commonsys_telephony"
"Cyclic Dependency","https://github.com/AOSPK/kraken-sdk"
"Cyclic Dependency","https://github.com/AOSPK/packages_apps_Car_Settings"
"Cyclic Dependency","https://github.com/AOSPK/packages_apps_KrakenParts"
"Cyclic Dependency","https://github.com/AOSPK/packages_apps_TvSettings"
"Cyclic Dependency","https://github.com/AOSiP/platform_packages_apps_DeskClock"
"Cyclic Dependency","https://github.com/AOT-DEP-BADI/ChromeLauncher"
"Cyclic Dependency","https://github.com/AP-Atul/mangatain"
"Cyclic Dependency","https://github.com/AP-Atul/music_player_lite"
"Cyclic Dependency","https://github.com/AP-IT-GH/game-development-project-2020-2021-vanhorickanthony"
"Cyclic Dependency","https://github.com/AP-IT-GH/rocket-assignment-part-1-TibeauDegraeve"
"Cyclic Dependency","https://github.com/AP027/QuadrA"
"Cyclic Dependency","https://github.com/AP11001111/RollSpelGrupp6"
"Cyclic Dependency","https://github.com/APErebus/ptv-timetable-api"
"Cyclic Dependency","https://github.com/API-FATEC/API_3sem_2021-01"
"Cyclic Dependency","https://github.com/API4KBs/kmdp-artifact-repository"
"Cyclic Dependency","https://github.com/API4KBs/kmdp-standard-models-impl"
"Cyclic Dependency","https://github.com/APNIC-net/rdap-conformance"
"Cyclic Dependency","https://github.com/APNIC-net/rdap-ingressd"
"Cyclic Dependency","https://github.com/APNIC-net/rdapd"
"Cyclic Dependency","https://github.com/APP-Efforts/-APP"
"Cyclic Dependency","https://github.com/APRStudy/FixIngredient"
"Cyclic Dependency","https://github.com/APTSquad/aptracker-server"
"Cyclic Dependency","https://github.com/APUGames/Diversion"
"Cyclic Dependency","https://github.com/APUGames/The-Missing-One-Game"
"Cyclic Dependency","https://github.com/APayerl/HomeAssistantWS"
"Cyclic Dependency","https://github.com/APhan1337/TryClubs"
"Cyclic Dependency","https://github.com/AR2100/CS2340_DungeonCrawler"
"Cyclic Dependency","https://github.com/ARA-Trans/iAM"
"Cyclic Dependency","https://github.com/ARA-Trans/iAM-legacy"
"Cyclic Dependency","https://github.com/ARCJ137442/XuphoriumCraft"
"Cyclic Dependency","https://github.com/ARETI481992/MyWeatherAPI"
"Cyclic Dependency","https://github.com/ARIT0/MealPlanner"
"Cyclic Dependency","https://github.com/ARKAGEDON/ChanFighting"
"Cyclic Dependency","https://github.com/ARMmbed/secure-device-access-proxy"
"Cyclic Dependency","https://github.com/ART4S/WebFeatures"
"Cyclic Dependency","https://github.com/ARace863/EpicItems-Source"
"Cyclic Dependency","https://github.com/ARajamani80/ForgeSampleApp"
"Cyclic Dependency","https://github.com/ARchery-Development/SecondNormalProject"
"Cyclic Dependency","https://github.com/ARicardo97/minitwitter"
"Cyclic Dependency","https://github.com/AS-Java/Payment-Module"
"Cyclic Dependency","https://github.com/AS-Light/takephoto"
"Cyclic Dependency","https://github.com/ASD-GmbH/P-PLUS_DM7_Integration"
"Cyclic Dependency","https://github.com/ASETLOrganization/LabDeliverables"
"Cyclic Dependency","https://github.com/ASF-Framework/ASF"
"Cyclic Dependency","https://github.com/ASKYI/-staff-time"
"Cyclic Dependency","https://github.com/ASL-Robotics/Competition-FRC-2020"
"Cyclic Dependency","https://github.com/ASTeterin/DutyChart"
"Cyclic Dependency","https://github.com/ASUBEDI0722/springprojects"
"Cyclic Dependency","https://github.com/ASVECode/C-Sharp-OOP-October-2018-SoftUni"
"Cyclic Dependency","https://github.com/ASVO962/PROYECTO-FINAL-IIIP"
"Cyclic Dependency","https://github.com/ASak1104/DARI_proto"
"Cyclic Dependency","https://github.com/ASangarin/MonHun"
"Cyclic Dependency","https://github.com/AShunevych/FinObserver"
"Cyclic Dependency","https://github.com/ASnailman/VirtualRobotJava"
"Cyclic Dependency","https://github.com/AStoupin/cassiope-supplier"
"Cyclic Dependency","https://github.com/ATGardner/OfflineMapFileGenerator"
"Cyclic Dependency","https://github.com/ATSJP/kaca-search"
"Cyclic Dependency","https://github.com/ATSP5/SecretsManager"
"Cyclic Dependency","https://github.com/ATai2/ppxbi"
"Cyclic Dependency","https://github.com/AThraen/Ascend19.MarketPlaceLab"
"Cyclic Dependency","https://github.com/ATryder/TEdit"
"Cyclic Dependency","https://github.com/AUTOMATIC1111/Radiology"
"Cyclic Dependency","https://github.com/AUTOMATIC1111/StartupImpact"
"Cyclic Dependency","https://github.com/AUTOMATIC1111/TraderShips"
"Cyclic Dependency","https://github.com/AV2606/TravelingBallGame"
"Cyclic Dependency","https://github.com/AVBLANCO/JavaWebSmart"
"Cyclic Dependency","https://github.com/AWhiteSheep/MenuFact"
"Cyclic Dependency","https://github.com/AWieclawski/raw.hibernate.mysql"
"Cyclic Dependency","https://github.com/AWinterFox/Spades"
"Cyclic Dependency","https://github.com/AWmeister546/knockout"
"Cyclic Dependency","https://github.com/AXOOM/Templates.WebService"
"Cyclic Dependency","https://github.com/AYCHCOM/ShopizerSearch"
"Cyclic Dependency","https://github.com/AYCHGIT/aex.xmr"
"Cyclic Dependency","https://github.com/AZaborov/TelegramWeatherBot"
"Cyclic Dependency","https://github.com/AZasibna/LogScience"
"Cyclic Dependency","https://github.com/Aabah94/SonarQube"
"Cyclic Dependency","https://github.com/Aabah94/poc-micro"
"Cyclic Dependency","https://github.com/AakashBitspilani/Course-Record-v2.0"
"Cyclic Dependency","https://github.com/AakashPradeep/cloudfs"
"Cyclic Dependency","https://github.com/Aalk4308/Words"
"Cyclic Dependency","https://github.com/Aalzate95/Paipayales-Acuicultura-ESPOL-V2.0"
"Cyclic Dependency","https://github.com/Aalzate95/misEstructurasDeDatos"
"Cyclic Dependency","https://github.com/AamerHarata/LaserTag"
"Cyclic Dependency","https://github.com/AanFurqan/ThriftUniverse-MobileApp"
"Cyclic Dependency","https://github.com/Aandreba/Hoi4ModTool"
"Cyclic Dependency","https://github.com/Aandreba/Hoi4Modding"
"Cyclic Dependency","https://github.com/Aandreba/JML"
"Cyclic Dependency","https://github.com/Aandreba/Matxt"
"Cyclic Dependency","https://github.com/Aangbaeck/RocketLaunch"
"Cyclic Dependency","https://github.com/AantCoder/OnlineCity"
"Cyclic Dependency","https://github.com/Aaquib111/Infinite_Recharge_2020"
"Cyclic Dependency","https://github.com/Aariv/ecommerce-microservice"
"Cyclic Dependency","https://github.com/Aaron-Sauter/Mcreator"
"Cyclic Dependency","https://github.com/AaronCore/EL"
"Cyclic Dependency","https://github.com/AaronFang123/FpsDetector"
"Cyclic Dependency","https://github.com/AaronFrans/Vip_Service_Rudy"
"Cyclic Dependency","https://github.com/AaronGitshub/MonkeyFinder"
"Cyclic Dependency","https://github.com/AaronGorlitz/c-code-28"
"Cyclic Dependency","https://github.com/AaronGorlitz/c-code-282"
"Cyclic Dependency","https://github.com/AaronHezq/lock"
"Cyclic Dependency","https://github.com/AaronHuange/gidder-fork"
"Cyclic Dependency","https://github.com/AaronLi/Gourmet-Bats"
"Cyclic Dependency","https://github.com/AaronMadison29/RouteWay"
"Cyclic Dependency","https://github.com/AaronMk44/CopperAE"
"Cyclic Dependency","https://github.com/AaronMk44/CopperDE"
"Cyclic Dependency","https://github.com/AaronMk44/CopperSE"
"Cyclic Dependency","https://github.com/AaronPiUC/xxl-job4oracle"
"Cyclic Dependency","https://github.com/AaronVDang/Recall2020"
"Cyclic Dependency","https://github.com/Aaronmacaron/MultiSweeper"
"Cyclic Dependency","https://github.com/Aaronontheweb/InMemoryCQRSReplication"
"Cyclic Dependency","https://github.com/AarshOza/mobile_computing_nutrizone"
"Cyclic Dependency","https://github.com/AarthiRavi29/Aarthi-R-845011"
"Cyclic Dependency","https://github.com/Aaryatech/BMS_App"
"Cyclic Dependency","https://github.com/Aaryatech/DutyApp"
"Cyclic Dependency","https://github.com/Aaryatech/HREasy"
"Cyclic Dependency","https://github.com/Aaryatech/Monginis_Communication"
"Cyclic Dependency","https://github.com/Aaryatech/SamarthaJuiceApp"
"Cyclic Dependency","https://github.com/Aashish84/JAVA-WEBapp-ecom"
"Cyclic Dependency","https://github.com/Aashishkebab/Sorting-Simulator"
"Cyclic Dependency","https://github.com/AathiKrishna21/FC-App"
"Cyclic Dependency","https://github.com/AathmanT/SL-Cricket"
"Cyclic Dependency","https://github.com/Aatish13/AugmentedBook"
"Cyclic Dependency","https://github.com/AatmikJain/MemberDirectory"
"Cyclic Dependency","https://github.com/AatroxBot/Rich.Demo"
"Cyclic Dependency","https://github.com/AayushMallya/SYSC-3303"
"Cyclic Dependency","https://github.com/Aayushi1202/ScrumStatus"
"Cyclic Dependency","https://github.com/AayushiM/Learnfromblogs"
"Cyclic Dependency","https://github.com/Aazarus/SevnaBitcoinWalletSimple"
"Cyclic Dependency","https://github.com/AbanobYoussef/AForum"
"Cyclic Dependency","https://github.com/AbbTek/framework"
"Cyclic Dependency","https://github.com/AbbasHabib/HR-System-RestAPI"
"Cyclic Dependency","https://github.com/Abbe98/ksamsok"
"Cyclic Dependency","https://github.com/Abbyyuan01/SWEN90007-Online-Blog"
"Cyclic Dependency","https://github.com/Abc-Arbitrage/Zebus"
"Cyclic Dependency","https://github.com/Abc-Arbitrage/Zebus.MessageDsl"
"Cyclic Dependency","https://github.com/AbdMala/Raytracing"
"Cyclic Dependency","https://github.com/AbdalazizAbdallah/Tawseelat"
"Cyclic Dependency","https://github.com/AbdallahAyman/Yugioh"
"Cyclic Dependency","https://github.com/AbdallahRahal/Deal-Eat"
"Cyclic Dependency","https://github.com/AbdellahRsmouki/AudioManagingModule"
"Cyclic Dependency","https://github.com/AbdellahZiad/JHipster_SpringBoot_Angular"
"Cyclic Dependency","https://github.com/AbdelrahmanSalem9/Fruit-Ninja-Game"
"Cyclic Dependency","https://github.com/Abdelrhman-Elgebaly/CardioClinic-Mangment-System"
"Cyclic Dependency","https://github.com/Abdelrhman-Mahmoud96/OtakuUnivers"
"Cyclic Dependency","https://github.com/AbderrahimLach/mLib"
"Cyclic Dependency","https://github.com/Abdesol/YoChat"
"Cyclic Dependency","https://github.com/AbdiN7/LMSWeek2Project"
"Cyclic Dependency","https://github.com/Abdoronic/OMRY"
"Cyclic Dependency","https://github.com/Abdqadr1/TODO_App"
"Cyclic Dependency","https://github.com/AbdulAleemSiddiqui/LogisticApp"
"Cyclic Dependency","https://github.com/AbdulArif/RegLoginApp"
"Cyclic Dependency","https://github.com/AbdulBasit074/helpinghandscoology"
"Cyclic Dependency","https://github.com/AbdulSaqib01/COMP123-S2019-Assignment5B-301004138"
"Cyclic Dependency","https://github.com/Abdulaziz-Hassan/the-conqueror"
"Cyclic Dependency","https://github.com/AbdulazizNafea/Student_Services"
"Cyclic Dependency","https://github.com/Abdullah-563014/All_Newspapers_Jobs_Sports"
"Cyclic Dependency","https://github.com/Abdullah-563014/CashReward"
"Cyclic Dependency","https://github.com/Abdullah-563014/MafaTv"
"Cyclic Dependency","https://github.com/Abdullah21818/CSCB07Project"
"Cyclic Dependency","https://github.com/AbdullahIshtiaq/MyChatApp_ChatMe"
"Cyclic Dependency","https://github.com/AbdullahRasheed/RPG-BackAPI"
"Cyclic Dependency","https://github.com/AbdullahTaher93/lasFormulas"
"Cyclic Dependency","https://github.com/Abdullahos/critter"
"Cyclic Dependency","https://github.com/Abdullayev999/WpfBookShopApp-"
"Cyclic Dependency","https://github.com/AbdulrahmanAli19/ArousElSham"
"Cyclic Dependency","https://github.com/AbdulrahmanAli19/Black"
"Cyclic Dependency","https://github.com/Abdulzy/ProgrammingDesignParadigm"
"Cyclic Dependency","https://github.com/AbdurRahimRatulAliKhan/eShopLegacyNTier"
"Cyclic Dependency","https://github.com/AbdurRahimRatulAliKhan/eShopModernizedNTier"
"Cyclic Dependency","https://github.com/Abealkindy/JsoupWebScrap"
"Cyclic Dependency","https://github.com/AbedinTelaku/KOSALBDISCOVERY"
"Cyclic Dependency","https://github.com/AbeelLab/genometools"
"Cyclic Dependency","https://github.com/Abel3581/reserva-hotel"
"Cyclic Dependency","https://github.com/Abelnich/Cardtastic-Card-Game"
"Cyclic Dependency","https://github.com/Abhai2016/DeadShock"
"Cyclic Dependency","https://github.com/AbhangRushi/PagreObjectModel"
"Cyclic Dependency","https://github.com/AbhaySingh5349/SocialNetworkingApp"
"Cyclic Dependency","https://github.com/Abhaykulshrestha13/MRF_CHN"
"Cyclic Dependency","https://github.com/AbhiArora1998/AssignmentsBoyz"
"Cyclic Dependency","https://github.com/AbhiJay-K/LocADoc_App"
"Cyclic Dependency","https://github.com/AbhiShake1/FireBirdMailClient"
"Cyclic Dependency","https://github.com/AbhiZatch/SpringLearningMain"
"Cyclic Dependency","https://github.com/Abhibudavi/LibraryBooks"
"Cyclic Dependency","https://github.com/Abhijit400/onlinegroceryshop"
"Cyclic Dependency","https://github.com/AbhilashPaul/TravelExperts-AndroidApp"
"Cyclic Dependency","https://github.com/AbhinandanPadhi/MDP_Image_Recognition"
"Cyclic Dependency","https://github.com/AbhinavOmprakash/simulatedlibrary"
"Cyclic Dependency","https://github.com/Abhisek2090/TMDB-Embibe"
"Cyclic Dependency","https://github.com/Abhishek-Chathumal/DemoInterface1"
"Cyclic Dependency","https://github.com/Abhishek-cdac/android_PlayDate"
"Cyclic Dependency","https://github.com/Abhishek2081/Coursera-Projects"
"Cyclic Dependency","https://github.com/Abhishek352/ITAC"
"Cyclic Dependency","https://github.com/Abhishek45876/Taskecommerce"
"Cyclic Dependency","https://github.com/Abhishek765/Rental_app"
"Cyclic Dependency","https://github.com/AbhishekSinhaPracticalProgramming/CA_LMS"
"Cyclic Dependency","https://github.com/AbhishekYadav03/AttenTrack"
"Cyclic Dependency","https://github.com/Abhishekds94/Bakers-Bowl"
"Cyclic Dependency","https://github.com/Abhishekhm777/Note_app2"
"Cyclic Dependency","https://github.com/Abilash-IT20132682/OurGroceries"
"Cyclic Dependency","https://github.com/Abingcbc/MLab-Csharp"
"Cyclic Dependency","https://github.com/Abir-IA/Clustering-GA"
"Cyclic Dependency","https://github.com/AbitGo/Page"
"Cyclic Dependency","https://github.com/AbitGo/mybatis_csdn"
"Cyclic Dependency","https://github.com/AbleLynn/AIalgorithm"
"Cyclic Dependency","https://github.com/Abledenthusiast/heracross"
"Cyclic Dependency","https://github.com/AbnHL-24/IPC1-B_2021_Proyecto-Final_201730191"
"Cyclic Dependency","https://github.com/AboPlus/SpringProfessional"
"Cyclic Dependency","https://github.com/AbolfazlSafari06/FuSoft_InterShip_Weblog"
"Cyclic Dependency","https://github.com/Abooow/PixelEngine"
"Cyclic Dependency","https://github.com/Abosammir/Abosamir"
"Cyclic Dependency","https://github.com/Abosammir/Abosssamir"
"Cyclic Dependency","https://github.com/Abosammir/Nora_s2a"
"Cyclic Dependency","https://github.com/Abosammir/mohamed"
"Cyclic Dependency","https://github.com/AboubacarTH/Assurance"
"Cyclic Dependency","https://github.com/Abouelyatim/ShopsServicesProximity_Backend"
"Cyclic Dependency","https://github.com/AboutFace1/spring-boot-social-network"
"Cyclic Dependency","https://github.com/Abraham2908/LojaVirtual"
"Cyclic Dependency","https://github.com/Abraham776/Ventas-BaseDatos-ReproductorMusica"
"Cyclic Dependency","https://github.com/AbrahamCaiJin/CommonUtilLibrary"
"Cyclic Dependency","https://github.com/AbrahamEzMn/Ejemplo-ProtocolBuffers"
"Cyclic Dependency","https://github.com/Abrh1m/shopping_app"
"Cyclic Dependency","https://github.com/AbstractMenus/configurate"
"Cyclic Dependency","https://github.com/AbuDawood/National-Address-APIs"
"Cyclic Dependency","https://github.com/AbuDeCoder/jhipster-schoolPlatform-application"
"Cyclic Dependency","https://github.com/AbuMandour/MvvmWhite"
"Cyclic Dependency","https://github.com/Abudo-S/TraduttoreSN_wncalculus"
"Cyclic Dependency","https://github.com/Abuu001/messaging-system"
"Cyclic Dependency","https://github.com/AbyssOfMisery/GAME3030"
"Cyclic Dependency","https://github.com/AbyssalSire/gerencia-de-configuracoes"
"Cyclic Dependency","https://github.com/AbyxBelgium/Loyalty"
"Cyclic Dependency","https://github.com/AcaciaMan/acacia-log"
"Cyclic Dependency","https://github.com/AcadiaSoft/simm-lib"
"Cyclic Dependency","https://github.com/Acc3ssViolation/VehicleEffects"
"Cyclic Dependency","https://github.com/AcceNoi/accenbot"
"Cyclic Dependency","https://github.com/AcceNoi/dmzjbot"
"Cyclic Dependency","https://github.com/Accelerider/BaiduPanDownloadWinform"
"Cyclic Dependency","https://github.com/Accept008/lab-spring-security-sso-auth-server"
"Cyclic Dependency","https://github.com/Acci192/AoC2019"
"Cyclic Dependency","https://github.com/AccordLMS/DNNGamification"
"Cyclic Dependency","https://github.com/Ace-Lin/KTV"
"Cyclic Dependency","https://github.com/Ace8Underscore/CousinWare"
"Cyclic Dependency","https://github.com/Ace8Underscore/CousinWare1.12.2Updated"
"Cyclic Dependency","https://github.com/AceVanCleef/tictactoeFX"
"Cyclic Dependency","https://github.com/AceVinicius/car-repair-shop"
"Cyclic Dependency","https://github.com/AceWallenstein/MoLi"
"Cyclic Dependency","https://github.com/Aceba1/TTQMM-Nuterra-Block-Injector-Library"
"Cyclic Dependency","https://github.com/Acelyy/BusinessCard"
"Cyclic Dependency","https://github.com/Acemad/alphaNEAT"
"Cyclic Dependency","https://github.com/Achaaab/Bragi"
"Cyclic Dependency","https://github.com/Achaaab/editeur-graphe"
"Cyclic Dependency","https://github.com/AchalaM/ExpenseManager"
"Cyclic Dependency","https://github.com/AchekSlime/TaskTracker-desktop"
"Cyclic Dependency","https://github.com/Achess01/proyectoFinalLenguajes"
"Cyclic Dependency","https://github.com/AchillesMacarini/Sinop.Anime"
"Cyclic Dependency","https://github.com/Achka/eduPortal"
"Cyclic Dependency","https://github.com/AchmadZayadi/theBrams"
"Cyclic Dependency","https://github.com/AchrefTrabelsi/MouseMan"
"Cyclic Dependency","https://github.com/Achrefothmeni/debi-pi-desktop"
"Cyclic Dependency","https://github.com/Achreko/Ambulance-Services"
"Cyclic Dependency","https://github.com/Acidburn0zzz/atlassian-amps"
"Cyclic Dependency","https://github.com/Acidmanic/PactDoc"
"Cyclic Dependency","https://github.com/Acidmanic/pactbroker-server"
"Cyclic Dependency","https://github.com/Acivev/osu-Droid-1"
"Cyclic Dependency","https://github.com/Ackara/Diffa"
"Cyclic Dependency","https://github.com/Ackara/Scafman"
"Cyclic Dependency","https://github.com/AcmeProject/WildernessTp"
"Cyclic Dependency","https://github.com/AcolyteVerd/vCampus"
"Cyclic Dependency","https://github.com/AconCavy/Cybatica"
"Cyclic Dependency","https://github.com/AcquaWh/leapmotion-audio-visualizer"
"Cyclic Dependency","https://github.com/AcroniTeam/AcroniGame"
"Cyclic Dependency","https://github.com/ActiveForums/ActiveForums"
"Cyclic Dependency","https://github.com/Activiti/Activiti"
"Cyclic Dependency","https://github.com/Ada-develop/AI-Bot-Form"
"Cyclic Dependency","https://github.com/Adam-Schildkraut/MineQuest"
"Cyclic Dependency","https://github.com/AdamBarada/HouseOfMoviesAPI-SpringBoot"
"Cyclic Dependency","https://github.com/AdamCaviness/AssemblyNinja"
"Cyclic Dependency","https://github.com/AdamCaviness/ODataAddRelatedObject"
"Cyclic Dependency","https://github.com/AdamDTak2112/cs3200"
"Cyclic Dependency","https://github.com/AdamDoyle97/ehealthrecordsgmit"
"Cyclic Dependency","https://github.com/AdamEcoTest/EcoCollect"
"Cyclic Dependency","https://github.com/AdamGraser/MedicalCenter"
"Cyclic Dependency","https://github.com/AdamKlekowski/data-frame"
"Cyclic Dependency","https://github.com/AdamMGardner/cellPAINT2D"
"Cyclic Dependency","https://github.com/AdamMachado/controle-de-vendas-github"
"Cyclic Dependency","https://github.com/AdamRight/TeaTool"
"Cyclic Dependency","https://github.com/AdamSkrodzkii/Baza_danych"
"Cyclic Dependency","https://github.com/AdamSobieski/Logic"
"Cyclic Dependency","https://github.com/AdamWhiteside/TieBreaker"
"Cyclic Dependency","https://github.com/AdamZWinter/Anticoin"
"Cyclic Dependency","https://github.com/Adamant-im/adamant-android"
"Cyclic Dependency","https://github.com/Adamaq01/ozao-net"
"Cyclic Dependency","https://github.com/AdamariMosqueda/P01.-Mosqueda-Espinoza-Adamari-Antonia-EventosTec"
"Cyclic Dependency","https://github.com/Adambots-245/Adambots2020"
"Cyclic Dependency","https://github.com/AdamerGitHub/Multiplayer-Project3"
"Cyclic Dependency","https://github.com/AdamsLair/duality"
"Cyclic Dependency","https://github.com/AdamsLair/farseerduality"
"Cyclic Dependency","https://github.com/AdamsLair/nvorbis"
"Cyclic Dependency","https://github.com/AdamsLair/treeviewadv"
"Cyclic Dependency","https://github.com/AdamsLair/winforms"
"Cyclic Dependency","https://github.com/Adamuswro/BOM-comparator-fakeData"
"Cyclic Dependency","https://github.com/Adanlink/Funat_Server"
"Cyclic Dependency","https://github.com/AdaptiveConsulting/ReactiveTrader"
"Cyclic Dependency","https://github.com/AdaptiveTechnologies/AircraftForSale"
"Cyclic Dependency","https://github.com/AdarHevdeli/Fit-Hit-Project"
"Cyclic Dependency","https://github.com/Adarsh-K/Plants-v-s-Zombies"
"Cyclic Dependency","https://github.com/AdarshRevankar/Exposure-Fusion"
"Cyclic Dependency","https://github.com/AdarshShetty50/AutomatedLogin"
"Cyclic Dependency","https://github.com/Adastr4/profiglass"
"Cyclic Dependency","https://github.com/AddictedCS/soundfingerprinting.duplicatesdetector"
"Cyclic Dependency","https://github.com/AddinX/AddinX.Ribbon"
"Cyclic Dependency","https://github.com/AddioElectronics/LotteryNumbersExtractor"
"Cyclic Dependency","https://github.com/AddstarMC/BungeeChat"
"Cyclic Dependency","https://github.com/AddstarMC/WhatIs"
"Cyclic Dependency","https://github.com/AdeelTariq/TheMoviesApp"
"Cyclic Dependency","https://github.com/AdelinFilimon/Chess-Rating-System"
"Cyclic Dependency","https://github.com/Ademolacode/AndroidRemoteControlPC"
"Cyclic Dependency","https://github.com/Ademolacode/AndroidRemoteControlPC-Client"
"Cyclic Dependency","https://github.com/Adenholm/koworkers"
"Cyclic Dependency","https://github.com/Adero210/PAII"
"Cyclic Dependency","https://github.com/Adexandria/EmployeeApi"
"Cyclic Dependency","https://github.com/Adexandria/EmployeePayrollApi"
"Cyclic Dependency","https://github.com/Adexandria/MusicPlatform"
"Cyclic Dependency","https://github.com/Adexandria/SportsDemo"
"Cyclic Dependency","https://github.com/Adexandria/TriviaApi"
"Cyclic Dependency","https://github.com/Adham1272/loooooooooool"
"Cyclic Dependency","https://github.com/AdhimBagas/CoronaTrackerApps"
"Cyclic Dependency","https://github.com/Adhunikr13/Csharp-Projects"
"Cyclic Dependency","https://github.com/AdiHershko/ICM-Project"
"Cyclic Dependency","https://github.com/AdiRobertus/Module2"
"Cyclic Dependency","https://github.com/Adiiigo/TradeRecommedationOrcale"
"Cyclic Dependency","https://github.com/AdikNKL17/TranslateAW"
"Cyclic Dependency","https://github.com/AdinGRT/umg-parksys"
"Cyclic Dependency","https://github.com/Adipem-Duo/trocas"
"Cyclic Dependency","https://github.com/Adithya-K-Shetty/Quadra-Flight-Booking-Simulator-Project"
"Cyclic Dependency","https://github.com/AdityaRaj2025/iPodDemo_Xamarin"
"Cyclic Dependency","https://github.com/AdityaRajputRana/Sangharsh-Android"
"Cyclic Dependency","https://github.com/AdityaRawat96/MSCC-Sharjah-Android"
"Cyclic Dependency","https://github.com/AdityaSChandra/java4android"
"Cyclic Dependency","https://github.com/AdlerLima/Comandas"
"Cyclic Dependency","https://github.com/AdminAnticaptcha/anticaptcha-java"
"Cyclic Dependency","https://github.com/AdmiralMurtho/Lernkartenapp"
"Cyclic Dependency","https://github.com/AdmondGuo/Flume-Custom"
"Cyclic Dependency","https://github.com/Adn1217/Ciclo2"
"Cyclic Dependency","https://github.com/AdnanIT/eTeatar"
"Cyclic Dependency","https://github.com/AdnaneEz-zaim/Application-Client-android"
"Cyclic Dependency","https://github.com/AdnaneEz-zaim/Application-Vendeur-android"
"Cyclic Dependency","https://github.com/AdobeProject/backV2"
"Cyclic Dependency","https://github.com/AdolfoNava/CRMProject"
"Cyclic Dependency","https://github.com/Adona12/cinev"
"Cyclic Dependency","https://github.com/AdoniasAlcantara/esamu-app"
"Cyclic Dependency","https://github.com/Adonis0923/transmission-propagation-delay-simulator"
"Cyclic Dependency","https://github.com/AdoptOpenJDK/jitwatch"
"Cyclic Dependency","https://github.com/AdoptOpenJDK/mjprof"
"Cyclic Dependency","https://github.com/AdoreJE/egovStudy"
"Cyclic Dependency","https://github.com/AdorianM/Patrulatere"
"Cyclic Dependency","https://github.com/AdorkableDog/yulu001-JD-master"
"Cyclic Dependency","https://github.com/AdrTowers/GraduationDay"
"Cyclic Dependency","https://github.com/Adri-gpu/Paulinote"
"Cyclic Dependency","https://github.com/AdriaanPeetermans/Machiavelli"
"Cyclic Dependency","https://github.com/Adrian-Piwin/VimJam"
"Cyclic Dependency","https://github.com/Adrian10988/SimpleMapper"
"Cyclic Dependency","https://github.com/Adrian1608/Para-Sonar"
"Cyclic Dependency","https://github.com/Adrian72112/rosco_infinity"
"Cyclic Dependency","https://github.com/AdrianDonato/RecordNest"
"Cyclic Dependency","https://github.com/AdrianHettler/mass_groundstation_v2"
"Cyclic Dependency","https://github.com/AdrianLZD/SuperMarioBrosInJava"
"Cyclic Dependency","https://github.com/AdrianNachev91/hierarchy"
"Cyclic Dependency","https://github.com/AdrianPaulCarrieres/pictrade"
"Cyclic Dependency","https://github.com/AdrianRomanski/recipes-reactive-api"
"Cyclic Dependency","https://github.com/AdrianSaizdePedro/Disseny-de-Software-2020-2021"
"Cyclic Dependency","https://github.com/AdrianSaueressig/DiscordBot"
"Cyclic Dependency","https://github.com/AdrianStrugala/AvroConvert"
"Cyclic Dependency","https://github.com/AdrianVarelaG/Cfdi-model"
"Cyclic Dependency","https://github.com/AdrianaMota/BlueApron"
"Cyclic Dependency","https://github.com/AdrianaTorres/Epilepsy_Doctor"
"Cyclic Dependency","https://github.com/AdrianaTorres/Epilepsy_Patient"
"Cyclic Dependency","https://github.com/Adrianht/RobinYoHood"
"Cyclic Dependency","https://github.com/Adriano-Severino/CatalogoDeProduto.App.Mobile"
"Cyclic Dependency","https://github.com/AdrienVaret/BenzenoidApplicationReleases"
"Cyclic Dependency","https://github.com/AdrienVigne/TPCOO_SystemeHybrid"
"Cyclic Dependency","https://github.com/AdriendeDecker/projet_ae"
"Cyclic Dependency","https://github.com/Adrish-ASProg/Multi-LauncherV2"
"Cyclic Dependency","https://github.com/Adroan/SimuladorTrafego"
"Cyclic Dependency","https://github.com/AdstonOliveira/ModuloAuditoria"
"Cyclic Dependency","https://github.com/Advanced-Programming-2021/project-team-01"
"Cyclic Dependency","https://github.com/Advanced-Programming-2021/project-team-02"
"Cyclic Dependency","https://github.com/Advanced-Programming-2021/project-team-04"
"Cyclic Dependency","https://github.com/Advanced-Programming-2021/project-team-05"
"Cyclic Dependency","https://github.com/Advanced-Programming-2021/project-team-06"
"Cyclic Dependency","https://github.com/Advanced-Programming-2021/project-team-08"
"Cyclic Dependency","https://github.com/Advanced-Programming-2021/project-team-09"
"Cyclic Dependency","https://github.com/Advanced-Programming-2021/project-team-10"
"Cyclic Dependency","https://github.com/Advanced-Programming-2021/project-team-11"
"Cyclic Dependency","https://github.com/Advanced-Programming-2021/project-team-13"
"Cyclic Dependency","https://github.com/Advanced-Programming-2021/project-team-14"
"Cyclic Dependency","https://github.com/Advanced-Programming-2021/project-team-15"
"Cyclic Dependency","https://github.com/Advanced-Programming-2021/project-team-16"
"Cyclic Dependency","https://github.com/Advanced-Programming-2021/project-team-18"
"Cyclic Dependency","https://github.com/Advanced-Programming-2021/project-team-20"
"Cyclic Dependency","https://github.com/Advanced-Programming-2021/project-team-21"
"Cyclic Dependency","https://github.com/Advanced-Programming-2021/project-team-22"
"Cyclic Dependency","https://github.com/Advanced-Programming-2021/project-team-23"
"Cyclic Dependency","https://github.com/Advanced-Programming-2021/project-team-24"
"Cyclic Dependency","https://github.com/Advanced-Programming-2021/project-team-25"
"Cyclic Dependency","https://github.com/Advanced-Programming-2021/project-team-26"
"Cyclic Dependency","https://github.com/Advanced-Programming-2021/project-team-28"
"Cyclic Dependency","https://github.com/Advanced-Programming-2021/project-team-29"
"Cyclic Dependency","https://github.com/Advanced-Programming-2021/project-team-30"
"Cyclic Dependency","https://github.com/Advanced-Programming-2021/project-team-31"
"Cyclic Dependency","https://github.com/Advanced-Programming-2021/project-team-32"
"Cyclic Dependency","https://github.com/Advanced-Programming-2021/project-team-33"
"Cyclic Dependency","https://github.com/Advanced-Programming-2021/project-team-34"
"Cyclic Dependency","https://github.com/Advanced-Programming-2021/project-team-35"
"Cyclic Dependency","https://github.com/Advanced-Programming-2021/project-team-36"
"Cyclic Dependency","https://github.com/Advanced-Programming-2021/project-team-37"
"Cyclic Dependency","https://github.com/Advanced-Programming-2021/project-team-38"
"Cyclic Dependency","https://github.com/Advanced-Programming-2021/project-team-40"
"Cyclic Dependency","https://github.com/Advanced-Programming-2021/project-team-42"
"Cyclic Dependency","https://github.com/Advanced-Programming-2021/project-team-43"
"Cyclic Dependency","https://github.com/Advanced-Programming-2021/project-team-44"
"Cyclic Dependency","https://github.com/Advanced-Programming-2021/project-team-45"
"Cyclic Dependency","https://github.com/Advanced-Programming-2021/project-team-47"
"Cyclic Dependency","https://github.com/Advanced-Programming-2021/project-team-48"
"Cyclic Dependency","https://github.com/Advanced-Programming-2021/project-team-51"
"Cyclic Dependency","https://github.com/Advanced-Programming-2021/project-team-52"
"Cyclic Dependency","https://github.com/Advanced-Programming-2021/project-team-55"
"Cyclic Dependency","https://github.com/Advanced-Programming-2021/project-team-58"
"Cyclic Dependency","https://github.com/Advanced-Programming-2021/project-team-59"
"Cyclic Dependency","https://github.com/Advanced-Programming-2021/project-team-6"
"Cyclic Dependency","https://github.com/Advanced-Programming-2021/project-team-60"
"Cyclic Dependency","https://github.com/Advanced-Programming-2021/project-team-61"
"Cyclic Dependency","https://github.com/Advanced-Programming-2021/project-team-7"
"Cyclic Dependency","https://github.com/Advanced-Programming-2021/project_Team_19"
"Cyclic Dependency","https://github.com/Advanced-Programming-2021/project_team_17"
"Cyclic Dependency","https://github.com/AdvancedAntiSkid/MyFirstAntiCheat"
"Cyclic Dependency","https://github.com/AdvancerMan/todd"
"Cyclic Dependency","https://github.com/Adventure-Hdc/myTomcat"
"Cyclic Dependency","https://github.com/Advoni/MCreator1"
"Cyclic Dependency","https://github.com/Adyen/adyen-mirakl"
"Cyclic Dependency","https://github.com/AecioDev/Doce-Control"
"Cyclic Dependency","https://github.com/AedentrisaYasmanda/ooad-coffe-vibes"
"Cyclic Dependency","https://github.com/Aedificantes/Calculateur-de-sol"
"Cyclic Dependency","https://github.com/Aedificatores8581/ultimate-goal"
"Cyclic Dependency","https://github.com/AerYue/GizWifiSDK"
"Cyclic Dependency","https://github.com/AerisG222/SizePhotos"
"Cyclic Dependency","https://github.com/AeroLink/AeroLink-source"
"Cyclic Dependency","https://github.com/AeroOneq/AeroViewer"
"Cyclic Dependency","https://github.com/AeroOneq/SDWP"
"Cyclic Dependency","https://github.com/Aerodlyn/Orionis"
"Cyclic Dependency","https://github.com/Aeroluna/NoodleExtensions"
"Cyclic Dependency","https://github.com/Aeroman2021/Maktab59_Hw"
"Cyclic Dependency","https://github.com/AeroplaneMouse/P4-Code"
"Cyclic Dependency","https://github.com/AerreRomania/Sinotico"
"Cyclic Dependency","https://github.com/AerreRomania/Tablets"
"Cyclic Dependency","https://github.com/Aery9527/misty"
"Cyclic Dependency","https://github.com/AeternusSamurai/frequencymusicplayer"
"Cyclic Dependency","https://github.com/Aetf/PSXDownloaderHelper"
"Cyclic Dependency","https://github.com/AetheriaMC/Aetheria-Core-ARCHIVE"
"Cyclic Dependency","https://github.com/Aevestus/7zNetLib"
"Cyclic Dependency","https://github.com/Afaiik/eCommerceApi"
"Cyclic Dependency","https://github.com/AfaqAnwar/HS-Java-Projects"
"Cyclic Dependency","https://github.com/Affiliazione/VAS"
"Cyclic Dependency","https://github.com/Afigue-cba/SanEmeterioC"
"Cyclic Dependency","https://github.com/AfkBranta/Cosmos-1.0.0-Src"
"Cyclic Dependency","https://github.com/AfnanMousa/Circus-Of-Plates-Project"
"Cyclic Dependency","https://github.com/AfonsoSeguro/Gerador_Fractal"
"Cyclic Dependency","https://github.com/Afsarud/StockManagement"
"Cyclic Dependency","https://github.com/Aftnet/MangaScrapeLib"
"Cyclic Dependency","https://github.com/Aftnet/OTPManager"
"Cyclic Dependency","https://github.com/Aftonlife/ZMessager"
"Cyclic Dependency","https://github.com/Afukaiduko/bridgeapp"
"Cyclic Dependency","https://github.com/AfuroZamurai/InformatiCup_Leibniz-7"
"Cyclic Dependency","https://github.com/AfvanMoopen/Survival-Shooter-Game"
"Cyclic Dependency","https://github.com/Aga-Gava/AgavaCOVID"
"Cyclic Dependency","https://github.com/AgaMac11/jhipsterapp"
"Cyclic Dependency","https://github.com/AgafonovTimur/Zombi-Killer-demo"
"Cyclic Dependency","https://github.com/Agatha886/HotelFazendaApp"
"Cyclic Dependency","https://github.com/AgenciaVehiculo/CarSoft"
"Cyclic Dependency","https://github.com/Agent215/Balance-Game"
"Cyclic Dependency","https://github.com/AgentBlackout/DisCore"
"Cyclic Dependency","https://github.com/AgentFabulous/android_flutter_updater"
"Cyclic Dependency","https://github.com/AgentMC/power8"
"Cyclic Dependency","https://github.com/AgentSanchez/SeriousVote"
"Cyclic Dependency","https://github.com/Aggelowe/minebit-server-manager"
"Cyclic Dependency","https://github.com/Aggrathon/EyewitnessApp"
"Cyclic Dependency","https://github.com/AggyDep/WatchList_.NetWebSolutions"
"Cyclic Dependency","https://github.com/Aghajari/AXAnimation"
"Cyclic Dependency","https://github.com/Aghajari/AXMemojiView"
"Cyclic Dependency","https://github.com/Aghajari/InspectElement"
"Cyclic Dependency","https://github.com/Aghajari/PseudoCode"
"Cyclic Dependency","https://github.com/AghiadOdeh/SocialWebsite"
"Cyclic Dependency","https://github.com/Agil13/ide-2019"
"Cyclic Dependency","https://github.com/AgileBitFlipper/triominos"
"Cyclic Dependency","https://github.com/AgileKip/myAppAgilekipCommunity"
"Cyclic Dependency","https://github.com/AgilistITOpenHack/202006-Vodafone-DevOps-2.0-DryRun"
"Cyclic Dependency","https://github.com/Agnael/Sero"
"Cyclic Dependency","https://github.com/Agnes-Nyahoro/Hub-Scanner"
"Cyclic Dependency","https://github.com/Agnesxxw/CS61b_sp18"
"Cyclic Dependency","https://github.com/AgoRapide/AgoRapide"
"Cyclic Dependency","https://github.com/Agonizedcupid/Cake-VPN"
"Cyclic Dependency","https://github.com/Agonizedcupid/LOAN_USER"
"Cyclic Dependency","https://github.com/Agonizedcupid/LoanUser"
"Cyclic Dependency","https://github.com/AgoraAcademy/Agora_E-go"
"Cyclic Dependency","https://github.com/AgoraIO-Usecase/AgoraLive"
"Cyclic Dependency","https://github.com/AgoraIO-Usecase/AgoraVoice"
"Cyclic Dependency","https://github.com/AgoraIO-Usecase/High-Quality-Audio"
"Cyclic Dependency","https://github.com/AgostonAttila/Prjct-Portfolio-RazorPages-Black"
"Cyclic Dependency","https://github.com/AgostonAttila/udemy-building-app-asp-angular-scratch"
"Cyclic Dependency","https://github.com/AgrimonApp/AgrimonApp"
"Cyclic Dependency","https://github.com/AgtLucas/f1mane"
"Cyclic Dependency","https://github.com/Agueliethun/bogoai"
"Cyclic Dependency","https://github.com/Aguilarjaf/Pep8-LC3"
"Cyclic Dependency","https://github.com/AgungP88/mbkm-exam-crud"
"Cyclic Dependency","https://github.com/AgungPramono/swing-covid19"
"Cyclic Dependency","https://github.com/AgungSahrulBahri/unity-zombie-FPS-Multiplayer"
"Cyclic Dependency","https://github.com/AgungSahrulBahri/unity-zombie-FPS-single-player"
"Cyclic Dependency","https://github.com/Agupnik/bondarenko-client-side-automation"
"Cyclic Dependency","https://github.com/Aguppesce/JAVA.Egg"
"Cyclic Dependency","https://github.com/Agus-git/Naves-Finales"
"Cyclic Dependency","https://github.com/AgusSubaktiar/Pemograman-Game"
"Cyclic Dependency","https://github.com/AgustQZ/ProyectoEquipo2Grupo44"
"Cyclic Dependency","https://github.com/AgustQZ/tiendaEquipo2Grupo44"
"Cyclic Dependency","https://github.com/AgustinBaezRep/PetShopBackEnd"
"Cyclic Dependency","https://github.com/AgustinNormand/SDyPP_TPI"
"Cyclic Dependency","https://github.com/AgustinPereira25/EntregaBaseDeDatos3"
"Cyclic Dependency","https://github.com/AgustinPereira25/FishingConflictsGame"
"Cyclic Dependency","https://github.com/Agzam4/Lights-Balls"
"Cyclic Dependency","https://github.com/Ahallal91/WDT-A2"
"Cyclic Dependency","https://github.com/Ahassnat/PublishingProjects"
"Cyclic Dependency","https://github.com/AherRahul/Advance-Dating-App"
"Cyclic Dependency","https://github.com/Ahmad-Abdou/semester_app"
"Cyclic Dependency","https://github.com/Ahmad-Alaziz/AdvertAPI"
"Cyclic Dependency","https://github.com/Ahmad-Noor/MPP"
"Cyclic Dependency","https://github.com/Ahmad-Salem/Ma7latCom"
"Cyclic Dependency","https://github.com/Ahmad45123/game_project"
"Cyclic Dependency","https://github.com/AhmadAyaad/carParts"
"Cyclic Dependency","https://github.com/AhmadIrfanAmin/detectpose"
"Cyclic Dependency","https://github.com/AhmadMRashid/MoviesApp-stage2"
"Cyclic Dependency","https://github.com/AhmadMarei/ZwajApp"
"Cyclic Dependency","https://github.com/AhmadMeghani/Photo_Gallery"
"Cyclic Dependency","https://github.com/AhmadShaheer28/kocFleet"
"Cyclic Dependency","https://github.com/AhmadYasien/AhmadYasien"
"Cyclic Dependency","https://github.com/AhmadYusufUlumuddin/android-tugas-akir"
"Cyclic Dependency","https://github.com/AhmadYusufUlumuddin/tugas-akhir"
"Cyclic Dependency","https://github.com/Ahmed-Bauomy/DotnetDeveloperExercise-Freeze-blog"
"Cyclic Dependency","https://github.com/Ahmed-Mumi/GssZenicaApp"
"Cyclic Dependency","https://github.com/Ahmed-Mumi/NamadAPI"
"Cyclic Dependency","https://github.com/Ahmed-Nashwan/appointment-android-app"
"Cyclic Dependency","https://github.com/Ahmed-Saber-25/SafeWay-TripsProject"
"Cyclic Dependency","https://github.com/Ahmed-Sarmoum/pfeProject"
"Cyclic Dependency","https://github.com/Ahmed15486/Employees"
"Cyclic Dependency","https://github.com/Ahmed17Hamdy/IttezanPos"
"Cyclic Dependency","https://github.com/Ahmed17Hamdy/WaselDriver-master"
"Cyclic Dependency","https://github.com/Ahmed199810/CS-Computer-Shop-Maintenance-Manager"
"Cyclic Dependency","https://github.com/Ahmed199810/SocialApp"
"Cyclic Dependency","https://github.com/Ahmed23Adel/to_buy"
"Cyclic Dependency","https://github.com/AhmedAbdElwasaa/Hajj-Pointers"
"Cyclic Dependency","https://github.com/AhmedAbdouz/RescueSimulation_Game"
"Cyclic Dependency","https://github.com/AhmedAdelGadElkareeem/Four1Property"
"Cyclic Dependency","https://github.com/AhmedAge/ManageLiveSessionWeb"
"Cyclic Dependency","https://github.com/AhmedAttia3/ijk"
"Cyclic Dependency","https://github.com/AhmedElsayedAhmed/MovieApi"
"Cyclic Dependency","https://github.com/AhmedElshair/Ahmed"
"Cyclic Dependency","https://github.com/AhmedEmbaby1998/Zyaraty"
"Cyclic Dependency","https://github.com/AhmedEssoubai/ChessAndroid"
"Cyclic Dependency","https://github.com/AhmedGamal1496/UBCx-Software-Construction-edX"
"Cyclic Dependency","https://github.com/AhmedGamal710/OS-Algorithms"
"Cyclic Dependency","https://github.com/AhmedHamdadaELhadad/Hibernate_coursea"
"Cyclic Dependency","https://github.com/AhmedKaram2/Mubser"
"Cyclic Dependency","https://github.com/AhmedMagdyHendawy/Dragon-Ball-Game"
"Cyclic Dependency","https://github.com/AhmedMamdouhh/Rabe7"
"Cyclic Dependency","https://github.com/AhmedMansour9/shamaa"
"Cyclic Dependency","https://github.com/AhmedMohamedAteya/TheKey"
"Cyclic Dependency","https://github.com/AhmedMourad0/TheBakery"
"Cyclic Dependency","https://github.com/AhmedNabih/CPUSchedulersSimulator"
"Cyclic Dependency","https://github.com/AhmedNasserG/The-Conqueror"
"Cyclic Dependency","https://github.com/AhmedPaysky/vpos_SDK_android_Moamalat"
"Cyclic Dependency","https://github.com/AhmedReda22/Bikya"
"Cyclic Dependency","https://github.com/AhmetBasar/Greed"
"Cyclic Dependency","https://github.com/AhmetEminSaglik/Library_first_automation"
"Cyclic Dependency","https://github.com/AhmetEminSaglik/Phone_Server_Project"
"Cyclic Dependency","https://github.com/AhmetErciyas/SistemERP-main"
"Cyclic Dependency","https://github.com/AhmetFurkanDEMIR/OpenCV-for-Android"
"Cyclic Dependency","https://github.com/Ahndaegeun/LLAProject"
"Cyclic Dependency","https://github.com/Ahren-Li/AndroidNativeDebug"
"Cyclic Dependency","https://github.com/AhrimFakhriy/CMS-JavaFX"
"Cyclic Dependency","https://github.com/Ahror/CustomCareConverter"
"Cyclic Dependency","https://github.com/Ahror/SampleEcommerce"
"Cyclic Dependency","https://github.com/Ahsan-dev/Blood-Donation-App"
"Cyclic Dependency","https://github.com/Ahsan-dev/jotno_alt"
"Cyclic Dependency","https://github.com/Ahssan18/SketchPainting"
"Cyclic Dependency","https://github.com/Ahwajkafabi/Aplikasi_Pencatatan_Data_Limbah-KerjaPraktek_UNPAM_01-04-2021"
"Cyclic Dependency","https://github.com/AhxanFarooq/BusReservationSystem"
"Cyclic Dependency","https://github.com/AiNgocThuy/QL_KTX"
"Cyclic Dependency","https://github.com/AiaAmin/blog_face"
"Cyclic Dependency","https://github.com/AidanDuffy/BUMETMSSD"
"Cyclic Dependency","https://github.com/AidanMaraschiello/The-Bugs-Bunny-Game-"
"Cyclic Dependency","https://github.com/Aidana999/InventoryApp-master"
"Cyclic Dependency","https://github.com/AidanofVT/Goliad"
"Cyclic Dependency","https://github.com/AidarSyrdybaev/Deadline9"
"Cyclic Dependency","https://github.com/Aidenat9/nfCardTest"
"Cyclic Dependency","https://github.com/AidinYazdi/LWJGLGameEngine"
"Cyclic Dependency","https://github.com/AidosKuneen/aidos-node"
"Cyclic Dependency","https://github.com/AigerimBazarbayeva/inactivity-tracking-app"
"Cyclic Dependency","https://github.com/AigioL/xamarin-bindings"
"Cyclic Dependency","https://github.com/AiiDeHua/NEU_INFO6205"
"Cyclic Dependency","https://github.com/Aiigerim/-hessFor4Player"
"Cyclic Dependency","https://github.com/Aiksandr/coub"
"Cyclic Dependency","https://github.com/AilsaGirl/Android_ShanYang"
"Cyclic Dependency","https://github.com/AilsaLT/MQTTChatTest"
"Cyclic Dependency","https://github.com/AilsaLT/SecondhandDemo"
"Cyclic Dependency","https://github.com/AiltonJose/rederconsignado"
"Cyclic Dependency","https://github.com/AiltonPiresJunior/barbeariaPires"
"Cyclic Dependency","https://github.com/Ailurophile-shelly/Angel"
"Cyclic Dependency","https://github.com/Aimaak/TP-Xamarin"
"Cyclic Dependency","https://github.com/AimeMurenzi/bgame"
"Cyclic Dependency","https://github.com/Aimeast/FxSsh"
"Cyclic Dependency","https://github.com/AimoYang/jingshuiqi"
"Cyclic Dependency","https://github.com/AimoYang/phonecard"
"Cyclic Dependency","https://github.com/AinTunez/Zeditor"
"Cyclic Dependency","https://github.com/Ainiall/CPM-Casino"
"Cyclic Dependency","https://github.com/Aiosa/JCAppStoreParser"
"Cyclic Dependency","https://github.com/AirKuma/AirProject"
"Cyclic Dependency","https://github.com/AirYoukai/an-ze-xian"
"Cyclic Dependency","https://github.com/AirenMerkel/Schiffeversenken-Schule"
"Cyclic Dependency","https://github.com/AirpayAutomationQA/Airpay_Appium"
"Cyclic Dependency","https://github.com/Airry666/TestGeeSdk"
"Cyclic Dependency","https://github.com/Aisdissanayaka/Project-MEDUZA"
"Cyclic Dependency","https://github.com/Aishasunztech/Secure-VPN"
"Cyclic Dependency","https://github.com/Aishasunztech/screenlocker"
"Cyclic Dependency","https://github.com/AishwaryaaP/pseudonerds"
"Cyclic Dependency","https://github.com/AisleAware/Mother.Web"
"Cyclic Dependency","https://github.com/AisllanD/DSC_2021_Labs"
"Cyclic Dependency","https://github.com/Aitalas/Breadcrumbs492"
"Cyclic Dependency","https://github.com/Aitem2012/Next-Bus"
"Cyclic Dependency","https://github.com/Aitor-SP/FightingFurry"
"Cyclic Dependency","https://github.com/AiunCode/MultFile"
"Cyclic Dependency","https://github.com/AiursoftWeb/Kahla"
"Cyclic Dependency","https://github.com/AiursoftWeb/Pylon"
"Cyclic Dependency","https://github.com/AivarasPet/BudgetSaverApp"
"Cyclic Dependency","https://github.com/AixNPanes/genealogy"
"Cyclic Dependency","https://github.com/Aixile/Etupirka"
"Cyclic Dependency","https://github.com/Ajay095/Arumugam_Ajay_002197780_Assignment_5"
"Cyclic Dependency","https://github.com/Ajay1729/Consultation-"
"Cyclic Dependency","https://github.com/AjayVenkatesh2026/Online-Exam-App"
"Cyclic Dependency","https://github.com/AjayaRai/microphone_analysis"
"Cyclic Dependency","https://github.com/Ajaygupta1993/Shopme"
"Cyclic Dependency","https://github.com/Ajaylal7/Cric11Repo"
"Cyclic Dependency","https://github.com/Ajayrajan7/parking"
"Cyclic Dependency","https://github.com/Ajaysinh1290/College-Management-System-In-Java"
"Cyclic Dependency","https://github.com/Ajiharan/Hospital_managenent_system"
"Cyclic Dependency","https://github.com/Ajinkyadata/Coursera_java_for_android"
"Cyclic Dependency","https://github.com/Ajit-G/spring_project"
"Cyclic Dependency","https://github.com/AjithKumarvm/radioplayer"
"Cyclic Dependency","https://github.com/AjitkumarMaurya/CountryCodePickerProject"
"Cyclic Dependency","https://github.com/Ajlag/Parking_System-"
"Cyclic Dependency","https://github.com/Ajou-ButterKnife/TalentHouse_App"
"Cyclic Dependency","https://github.com/AjudeMais/ajudeMais-android"
"Cyclic Dependency","https://github.com/AkFaisal/DrugGuard"
"Cyclic Dependency","https://github.com/AkaSiran/ct-storage-back"
"Cyclic Dependency","https://github.com/Akabane-Kun0/file"
"Cyclic Dependency","https://github.com/Akaion/Bleak"
"Cyclic Dependency","https://github.com/Akali1320/Aplicaciones-web-orientadas-a-servicios"
"Cyclic Dependency","https://github.com/Akamagami/SoftwareEntwurf"
"Cyclic Dependency","https://github.com/Akame1802/Snakes_and_Ladders"
"Cyclic Dependency","https://github.com/Akanerd/Java-Aplikasi-Pengajuan-Proker"
"Cyclic Dependency","https://github.com/Akarin-project/Minecraft"
"Cyclic Dependency","https://github.com/Akas7h/Hybrid_Selenium_utils"
"Cyclic Dependency","https://github.com/Akash-Bhimani/INFO6205_Assign_3"
"Cyclic Dependency","https://github.com/AkashHadge/Hcl-Supplier-Finance"
"Cyclic Dependency","https://github.com/AkashHadge/Hcl-supplier-finance-deploy"
"Cyclic Dependency","https://github.com/Akazolantin/Michel_le_petit_jeu_java"
"Cyclic Dependency","https://github.com/Akazolantin/Projet_site_info_HEI4"
"Cyclic Dependency","https://github.com/Akenland/CoRE"
"Cyclic Dependency","https://github.com/Akenland/Warpstones"
"Cyclic Dependency","https://github.com/AkhilMenon007/LoginAPI"
"Cyclic Dependency","https://github.com/Akhileshpraza/LyondryAppAndroid"
"Cyclic Dependency","https://github.com/Akhileshpraza/LyondryDeleiveryApp-Android-"
"Cyclic Dependency","https://github.com/Akhlys/Furry-Crossposter"
"Cyclic Dependency","https://github.com/Aki0326/Garffiti"
"Cyclic Dependency","https://github.com/Akif-jpg/UfoGame"
"Cyclic Dependency","https://github.com/Akila-Sandakelum/AdVid_Android"
"Cyclic Dependency","https://github.com/AkilanHashmicro/HRM-APP"
"Cyclic Dependency","https://github.com/Akileshgit/GroceryVendor"
"Cyclic Dependency","https://github.com/AkilovM/GamedevWeekends2019"
"Cyclic Dependency","https://github.com/Akimmax/TimeOffTracker"
"Cyclic Dependency","https://github.com/AkinoKiritani/JAO-PI"
"Cyclic Dependency","https://github.com/Akiranya/MewEconomy"
"Cyclic Dependency","https://github.com/Akiranya/MoeCore"
"Cyclic Dependency","https://github.com/Akiranya/MoeUtils"
"Cyclic Dependency","https://github.com/Akiranya/TownyPortal"
"Cyclic Dependency","https://github.com/AkithaIdd/GuiTest"
"Cyclic Dependency","https://github.com/Akitorg/akiAtolDriver"
"Cyclic Dependency","https://github.com/AkiyamaSatoshi/MCV"
"Cyclic Dependency","https://github.com/Akmanos/Class-Projects"
"Cyclic Dependency","https://github.com/Akriti-05/Blue"
"Cyclic Dependency","https://github.com/Akshaj12/WebShop"
"Cyclic Dependency","https://github.com/Akshansh-singh123/Youtube-API"
"Cyclic Dependency","https://github.com/AkshatTukn/Music-Player--Music-Crawler"
"Cyclic Dependency","https://github.com/AkshatTukn/TWITTER-SOCIAL-PLATFORM-"
"Cyclic Dependency","https://github.com/AkshatTukn/WIKIPEDIA-FETCHER-API"
"Cyclic Dependency","https://github.com/Akshatha94/Assignment_Chama"
"Cyclic Dependency","https://github.com/Akshay2015M/TEST"
"Cyclic Dependency","https://github.com/Akshay342/Transport_app"
"Cyclic Dependency","https://github.com/AksineD/MaterialSkin-1"
"Cyclic Dependency","https://github.com/Aktyn/AsystentGlosowy"
"Cyclic Dependency","https://github.com/AkumaWalker/AW"
"Cyclic Dependency","https://github.com/Akuseru3/P1"
"Cyclic Dependency","https://github.com/Akvel/spring-xml-to-java-converter"
"Cyclic Dependency","https://github.com/Akvelon2014/YAppiDays"
"Cyclic Dependency","https://github.com/Al12rs/IniManagerProject"
"Cyclic Dependency","https://github.com/AlBi-HHU/YoshikoStandalone"
"Cyclic Dependency","https://github.com/AlBundy33/JaNeLa"
"Cyclic Dependency","https://github.com/AlDvo/aftSelenium"
"Cyclic Dependency","https://github.com/AlFasGD/GDAPI"
"Cyclic Dependency","https://github.com/AlSidorenko/bank-ee"
"Cyclic Dependency","https://github.com/AlaZaroug/CameraClustering"
"Cyclic Dependency","https://github.com/Alaa-Yasser/Sketch-Builder-UI"
"Cyclic Dependency","https://github.com/Alaa0504/whattodrink_HB"
"Cyclic Dependency","https://github.com/Alam-Ashraf/XamarinForms3Feature"
"Cyclic Dependency","https://github.com/Alan-Barreto-Batista/BdLingues-Api"
"Cyclic Dependency","https://github.com/Alan-Gomes/mcspring-boot"
"Cyclic Dependency","https://github.com/Alan-Lq/Android-Development"
"Cyclic Dependency","https://github.com/Alan-Walter/ImageUpscaling"
"Cyclic Dependency","https://github.com/Alan-Ya-Yao/central"
"Cyclic Dependency","https://github.com/Alan668899/78"
"Cyclic Dependency","https://github.com/Alan69/Simple_platformer"
"Cyclic Dependency","https://github.com/AlanJSx/final-polotic-Java"
"Cyclic Dependency","https://github.com/AlanJacobdev/ProjetRPOO_GroupeB_Alan_Lucas"
"Cyclic Dependency","https://github.com/AlanKilby/ProjetLaZona"
"Cyclic Dependency","https://github.com/AlanPL/Metheor"
"Cyclic Dependency","https://github.com/AlanSanchezP/gnomy"
"Cyclic Dependency","https://github.com/AlanShiai/IrrigatedManager"
"Cyclic Dependency","https://github.com/AlanSydney/093-all-kafka-event-microservice"
"Cyclic Dependency","https://github.com/AlanWilian/entityangular"
"Cyclic Dependency","https://github.com/AlanYangs/spiders"
"Cyclic Dependency","https://github.com/Alanblue2016/roc"
"Cyclic Dependency","https://github.com/Alankrita2/schoolDBMS"
"Cyclic Dependency","https://github.com/Alann27/LoginMVVM"
"Cyclic Dependency","https://github.com/AlayaNetwork/mtool"
"Cyclic Dependency","https://github.com/AlazzR/Notes-Taking_App"
"Cyclic Dependency","https://github.com/Alb-Ard/ToWatch"
"Cyclic Dependency","https://github.com/Albawab/Black-Jack"
"Cyclic Dependency","https://github.com/Albert-Bennett/DesignPatterns"
"Cyclic Dependency","https://github.com/Albert-Lucif4/Vellichor"
"Cyclic Dependency","https://github.com/Albert1981A/Project003Coupons"
"Cyclic Dependency","https://github.com/AlbertAlita/autonet"
"Cyclic Dependency","https://github.com/AlbertJafet/Libery"
"Cyclic Dependency","https://github.com/AlbertKobyakov/DotaSearch"
"Cyclic Dependency","https://github.com/AlbertMihawk/Zleida"
"Cyclic Dependency","https://github.com/AlbertOchieng/movie-app"
"Cyclic Dependency","https://github.com/AlbertSu123/var"
"Cyclic Dependency","https://github.com/AlbertSugi/Facility-Management-Services"
"Cyclic Dependency","https://github.com/AlbertWilaras/DungeonCrawler"
"Cyclic Dependency","https://github.com/AlbertZCZ/crawlerOf163music"
"Cyclic Dependency","https://github.com/Albertevc/poc-swing"
"Cyclic Dependency","https://github.com/Alberto-Monteiro/crud-cliente-jhipster"
"Cyclic Dependency","https://github.com/AlbertoBarrantes/EDA_Proyecto"
"Cyclic Dependency","https://github.com/AlbertoDiezBosonit/CRUDvariasTablas"
"Cyclic Dependency","https://github.com/AlbertoJunior/desafio-android"
"Cyclic Dependency","https://github.com/AlbertoMorenoFernandez/GestionDeIncidencias"
"Cyclic Dependency","https://github.com/Albertoenriquepaulo/UdemyBhrugenPatel-NETCoreWebAPI_00_Parky"
"Cyclic Dependency","https://github.com/Albertopeinado96/TFG-Aplicacion-comercio-electronico"
"Cyclic Dependency","https://github.com/Albertvedu/BaleWater"
"Cyclic Dependency","https://github.com/AlbieLiang/IPCInvoker"
"Cyclic Dependency","https://github.com/Alc2110/JInvoice"
"Cyclic Dependency","https://github.com/Alcachofraz/Xinada-App"
"Cyclic Dependency","https://github.com/Alcatraz323/F12_New"
"Cyclic Dependency","https://github.com/AlchemistsLab/Scanning-wallets-by-Covalent-API"
"Cyclic Dependency","https://github.com/Alchemy-GPS/pullpay-wallet-android"
"Cyclic Dependency","https://github.com/Alchyr/Chen"
"Cyclic Dependency","https://github.com/Alchyr/mirthandmalice"
"Cyclic Dependency","https://github.com/Alcobiaa/ClinicaVeterinariaDesktop"
"Cyclic Dependency","https://github.com/AldanaTorres/ms-empresa"
"Cyclic Dependency","https://github.com/AldanaTorres/ms-gateway"
"Cyclic Dependency","https://github.com/Aldaviva/DadsEnergyReporter"
"Cyclic Dependency","https://github.com/Aldaviva/WebAutoType"
"Cyclic Dependency","https://github.com/Alderfy/Aprendiendo_C-Sharp"
"Cyclic Dependency","https://github.com/Aldmi/CWS"
"Cyclic Dependency","https://github.com/Alduino/Mate-Rates-Rent-a-Car"
"Cyclic Dependency","https://github.com/Aldwin99/GraficasconMPChart"
"Cyclic Dependency","https://github.com/Ale-Allegretti/Java-Learn"
"Cyclic Dependency","https://github.com/Ale32bit/MediaBin"
"Cyclic Dependency","https://github.com/Ale3xandra/AppFitbit"
"Cyclic Dependency","https://github.com/AleBbPuente/GenApp"
"Cyclic Dependency","https://github.com/AleC58/5IA-F1"
"Cyclic Dependency","https://github.com/AleGB/Aplicaciones-en-Red"
"Cyclic Dependency","https://github.com/AleGB/VotaESCOM"
"Cyclic Dependency","https://github.com/AleIV/BINGO_LOBBY"
"Cyclic Dependency","https://github.com/AleIV/DEDSAFIO_BINGO"
"Cyclic Dependency","https://github.com/AleOladayoTosin/SDSD"
"Cyclic Dependency","https://github.com/AleXxch13/water-monitoring-system-app"
"Cyclic Dependency","https://github.com/Aleaves/StudyDemo"
"Cyclic Dependency","https://github.com/Alec-Kritsonis/litematica-pixelart"
"Cyclic Dependency","https://github.com/Alecadabra/DisplacementMonitor"
"Cyclic Dependency","https://github.com/AlecinVan/kafkaTridentPostgres"
"Cyclic Dependency","https://github.com/AleckseyZ/epamJWD_final_project"
"Cyclic Dependency","https://github.com/Aleena712/Book-shala"
"Cyclic Dependency","https://github.com/AleenaAli/VehiclesManagementAppBackEnd"
"Cyclic Dependency","https://github.com/Alejandro-OS/practica1-grupo-10-cine-stewin-master"
"Cyclic Dependency","https://github.com/Alejandro12120/Igor"
"Cyclic Dependency","https://github.com/Alejandro1407/Proyecto_PED"
"Cyclic Dependency","https://github.com/AlejandroJorba/finalHotel"
"Cyclic Dependency","https://github.com/AlejandroNieto-DAM/LibGdx_Projects"
"Cyclic Dependency","https://github.com/AlejandroOgando/MobileRegistration"
"Cyclic Dependency","https://github.com/AlejandroRivera/embedded-rabbitmq"
"Cyclic Dependency","https://github.com/AlejandroRuiz1/2dmagika-bienve-s-magikal-adventure"
"Cyclic Dependency","https://github.com/AlejandroSolares/TurismoAPP"
"Cyclic Dependency","https://github.com/AlejoZito/NetCore3_api"
"Cyclic Dependency","https://github.com/Alekasndr/Isometric-game-"
"Cyclic Dependency","https://github.com/Alekbac/Kurs_Kodilla"
"Cyclic Dependency","https://github.com/Alekhine161/cast2jira"
"Cyclic Dependency","https://github.com/Aleks3851/Arranger"
"Cyclic Dependency","https://github.com/AleksGirardey/WarOfSquirrels"
"Cyclic Dependency","https://github.com/AleksRistic/Restaurant-Health-Inspector"
"Cyclic Dependency","https://github.com/AleksVitvor/WPF11and14"
"Cyclic Dependency","https://github.com/Aleksa-Smolovic/vrtools"
"Cyclic Dependency","https://github.com/Aleksandar-sf47/eObrazovanje2019"
"Cyclic Dependency","https://github.com/Aleksandar210/Console-Games"
"Cyclic Dependency","https://github.com/AleksandarBoev/Softuni-Data-Structures-Java"
"Cyclic Dependency","https://github.com/AleksandarRA190/XML-I-WS"
"Cyclic Dependency","https://github.com/AleksandarRachev/UNWE-Register"
"Cyclic Dependency","https://github.com/AleksandarTulic/KriptografijaProjektni"
"Cyclic Dependency","https://github.com/AleksanderKubala/OH"
"Cyclic Dependency","https://github.com/AleksanderSadov/tutorials-and-examples"
"Cyclic Dependency","https://github.com/AleksandrKravets/FunnyForum"
"Cyclic Dependency","https://github.com/AleksandrShcherbakov/sqlServerProject"
"Cyclic Dependency","https://github.com/AleksandrStarovoitov/.NET-Fundamentals-EPAM"
"Cyclic Dependency","https://github.com/Aleksandra06/menu"
"Cyclic Dependency","https://github.com/AleksandraGulchuk/timetracking"
"Cyclic Dependency","https://github.com/AleksandraKemona/SafetyAssessement"
"Cyclic Dependency","https://github.com/Aleksbgbg/RefMan-Web"
"Cyclic Dependency","https://github.com/Aleksbgbg/Tornado-Player"
"Cyclic Dependency","https://github.com/Aleksbgbg/YouTube-Downloader"
"Cyclic Dependency","https://github.com/Aleksey7151/CryptoSQLite"
"Cyclic Dependency","https://github.com/AlekseyChunihin/nix_7"
"Cyclic Dependency","https://github.com/AlekseyGusev/jet_brains_practice"
"Cyclic Dependency","https://github.com/AlekseyKarpov/Unity-Project-2D"
"Cyclic Dependency","https://github.com/AlekseyNikitinStudy/TopJava"
"Cyclic Dependency","https://github.com/AlekseySemenov1/ProgaLabs2Semestr"
"Cyclic Dependency","https://github.com/Alekseyya/Gantt-Schedule"
"Cyclic Dependency","https://github.com/Aleksjjj11/BadDriver"
"Cyclic Dependency","https://github.com/Aleksy-niamik/Duntiria"
"Cyclic Dependency","https://github.com/Alellor/QRManager"
"Cyclic Dependency","https://github.com/Alemato/Web-Avanzato"
"Cyclic Dependency","https://github.com/Alemus182/Prototype-v1"
"Cyclic Dependency","https://github.com/AlenCamagajevac/WorkSupply"
"Cyclic Dependency","https://github.com/AlenGeoAlex/BWCosmetics"
"Cyclic Dependency","https://github.com/AlenGeoAlex/BridgePractice"
"Cyclic Dependency","https://github.com/AlenToma/Youtube.Manager"
"Cyclic Dependency","https://github.com/Alerik/captcha"
"Cyclic Dependency","https://github.com/Aleroms/Space-Trucker"
"Cyclic Dependency","https://github.com/Alertware-Blackbox/T20Lib"
"Cyclic Dependency","https://github.com/Alertware-Blackbox/T55Lib"
"Cyclic Dependency","https://github.com/Alesiai/KMSLab14"
"Cyclic Dependency","https://github.com/Alessandro-Mac7/heroesOfBomberworld-Java"
"Cyclic Dependency","https://github.com/AlessandroBagnoli/pivotal-certified-pro-spring-dev-exam-02"
"Cyclic Dependency","https://github.com/AlessandroRusso839/MARS-DEF-FORSE"
"Cyclic Dependency","https://github.com/AlessioDP/Parties"
"Cyclic Dependency","https://github.com/AlessioDP123/OverRec"
"Cyclic Dependency","https://github.com/Alesta00103/Go4MyTrip"
"Cyclic Dependency","https://github.com/AlettaChens/oldApp"
"Cyclic Dependency","https://github.com/Alex-Abrahamsson/DijabloGrail"
"Cyclic Dependency","https://github.com/Alex-Cheng/rule_engine"
"Cyclic Dependency","https://github.com/Alex-Hosein/CQRSPerson"
"Cyclic Dependency","https://github.com/Alex-MirandaS/Practica1_LF"
"Cyclic Dependency","https://github.com/Alex-MirandaS/ProyectoFinal_LF"
"Cyclic Dependency","https://github.com/Alex-NETSandro/PWA"
"Cyclic Dependency","https://github.com/Alex-Shanyi-Yuan/MiniMat"
"Cyclic Dependency","https://github.com/Alex-ok2005/ClinicApp"
"Cyclic Dependency","https://github.com/Alex-seven/spark-"
"Cyclic Dependency","https://github.com/Alex-the-666/VanBuren"
"Cyclic Dependency","https://github.com/Alex18gr/IDE-Learn"
"Cyclic Dependency","https://github.com/Alex18gr/acodelearn"
"Cyclic Dependency","https://github.com/Alex2017year/faceSdk"
"Cyclic Dependency","https://github.com/Alex2804/CarGame"
"Cyclic Dependency","https://github.com/Alex987965/Android-GridView-PhotoGallery"
"Cyclic Dependency","https://github.com/AlexAgoshkov/SomethingWithJWT"
"Cyclic Dependency","https://github.com/AlexAuthor7/algorithms-and-data-structures-in-java"
"Cyclic Dependency","https://github.com/AlexBel92/MMAEventsApi"
"Cyclic Dependency","https://github.com/AlexBolot/PS8-Innovation-SmartInteract"
"Cyclic Dependency","https://github.com/AlexBondor/seaplol"
"Cyclic Dependency","https://github.com/AlexCaranha/jQueryByHumming"
"Cyclic Dependency","https://github.com/AlexChanson/Elsa"
"Cyclic Dependency","https://github.com/AlexChecker/CaveGame"
"Cyclic Dependency","https://github.com/AlexDeadman/TypicalWeatherApp"
"Cyclic Dependency","https://github.com/AlexDeimon/repositorio_02"
"Cyclic Dependency","https://github.com/AlexDodul/Grizzly-web-store"
"Cyclic Dependency","https://github.com/AlexE0697/SUS"
"Cyclic Dependency","https://github.com/AlexEST/RAM_0640"
"Cyclic Dependency","https://github.com/AlexFalappa/hcc-old"
"Cyclic Dependency","https://github.com/AlexFinney/TalesOfCaelkirk"
"Cyclic Dependency","https://github.com/AlexGM117/SigmaLib"
"Cyclic Dependency","https://github.com/AlexGhiondea/DrawIt"
"Cyclic Dependency","https://github.com/AlexGhiondea/SmugMug.NET"
"Cyclic Dependency","https://github.com/AlexGitHub20191114/FitnessAppTrainer"
"Cyclic Dependency","https://github.com/AlexGolovko/UltrasonicDeeper"
"Cyclic Dependency","https://github.com/AlexGor-dev/contract_manager"
"Cyclic Dependency","https://github.com/AlexGracas/PontoSync"
"Cyclic Dependency","https://github.com/AlexGreau/LiveCoaching"
"Cyclic Dependency","https://github.com/AlexGuiraoLopez/GemuRepo"
"Cyclic Dependency","https://github.com/AlexHeavens/EasySim"
"Cyclic Dependency","https://github.com/AlexInCube/All-you-need"
"Cyclic Dependency","https://github.com/AlexJagello/Heterodyne"
"Cyclic Dependency","https://github.com/AlexKTP/Slink"
"Cyclic Dependency","https://github.com/AlexKubiesa/GroupsPlayground"
"Cyclic Dependency","https://github.com/AlexLe1/EatSafe2.0"
"Cyclic Dependency","https://github.com/AlexLiuD/Finance"
"Cyclic Dependency","https://github.com/AlexLiuSheng/CheckVersionLib"
"Cyclic Dependency","https://github.com/AlexMacocian/SystemExtensions"
"Cyclic Dependency","https://github.com/AlexMcGilvray/Aerolite"
"Cyclic Dependency","https://github.com/AlexMulprogrammist/BulletinBoardJavaVersion"
"Cyclic Dependency","https://github.com/AlexPalma2203/ClinicaPrivada"
"Cyclic Dependency","https://github.com/AlexPoint/EnglishGraph"
"Cyclic Dependency","https://github.com/AlexPoint/OpenNlp"
"Cyclic Dependency","https://github.com/AlexRSc/authTest"
"Cyclic Dependency","https://github.com/AlexRadch/DrNet"
"Cyclic Dependency","https://github.com/AlexRaybosh/arutils"
"Cyclic Dependency","https://github.com/AlexRod97/RBProyects"
"Cyclic Dependency","https://github.com/AlexRos101/QURAS_SMARTCONTRACT"
"Cyclic Dependency","https://github.com/AlexRussellGit/Macroscop"
"Cyclic Dependency","https://github.com/AlexS1976/whatsappClone"
"Cyclic Dependency","https://github.com/AlexS4v/ORB4"
"Cyclic Dependency","https://github.com/AlexSafatli/NootBot"
"Cyclic Dependency","https://github.com/AlexSanchoS/RestSpringApi_2.0"
"Cyclic Dependency","https://github.com/AlexSemch/PolygonEditor"
"Cyclic Dependency","https://github.com/AlexSheiko/OpenVPN-Example-Implementation"
"Cyclic Dependency","https://github.com/AlexSilvaGomes/jet-shipment-management-service"
"Cyclic Dependency","https://github.com/AlexSoftware31/RentCars"
"Cyclic Dependency","https://github.com/AlexSolari/SRogueReborn"
"Cyclic Dependency","https://github.com/AlexU238/SpaceRun"
"Cyclic Dependency","https://github.com/AlexUrielRamirez/ETIFLEX_DEMO"
"Cyclic Dependency","https://github.com/AlexVanchov/MiddleMen-ASP.NET"
"Dense Structure","dsafa"
"Dense Structure","https://git.cs.dal.ca/courses/2022-winter/csci-5308/group15"
"Dense Structure","https://git.cs.dal.ca/courses/2022-winter/csci-5308/group16"
"Dense Structure","https://git.cs.dal.ca/courses/2022-winter/csci-5308/group20.git"
"Dense Structure","https://git.cs.dal.ca/courses/2022-winter/csci-5308/group22.git"
"Dense Structure","https://git.cs.dal.ca/courses/2022-winter/csci-5308/group8"
"Dense Structure","https://github.com/"
"Dense Structure","https://github.com/00-Evan/shattered-pixel-dungeon-gdx"
"Dense Structure","https://github.com/0000chris11/java-timestamp-sb"
"Dense Structure","https://github.com/0868307/Project78"
"Dense Structure","https://github.com/08aleksandar24/votChallengePrivate"
"Dense Structure","https://github.com/0975829800/Server_GraduationProject"
"Dense Structure","https://github.com/0999312/TinkerSlashBlade"
"Dense Structure","https://github.com/0HongTao0/Live"
"Dense Structure","https://github.com/0x-CHUN/toy-spring"
"Dense Structure","https://github.com/0xLogic/Hyper_Reclass"
"Dense Structure","https://github.com/0xMartin/LogicSimulator"
"Dense Structure","https://github.com/0xd4d/dnlib"
"Dense Structure","https://github.com/0zul/ClaraJDA"
"Dense Structure","https://github.com/1-bits/irpgeditor"
"Dense Structure","https://github.com/103style/paho.mqtt.java"
"Dense Structure","https://github.com/105032013072/installer"
"Dense Structure","https://github.com/1084790527/YiChat-master"
"Dense Structure","https://github.com/1084790527/wechat_desktop-master"
"Dense Structure","https://github.com/1095897429/NiaoGeBiJi2.0"
"Dense Structure","https://github.com/1147722654/wvp-pro"
"Dense Structure","https://github.com/1154140116/dongkang"
"Dense Structure","https://github.com/11nonali23/Fortune_Wheel_Recreation"
"Dense Structure","https://github.com/1205108909/AlgoTradingReporter"
"Dense Structure","https://github.com/123099/Bounce"
"Dense Structure","https://github.com/1231joe1231/Listen-Together"
"Dense Structure","https://github.com/1249557990/paofen"
"Dense Structure","https://github.com/125m125/ktapi-java"
"Dense Structure","https://github.com/1273505585/Almighty"
"Dense Structure","https://github.com/12security/bizconf-android-app"
"Dense Structure","https://github.com/12security/zhumu-android-app"
"Dense Structure","https://github.com/13030830345/springboot-vue"
"Dense Structure","https://github.com/1313ou/TreebolicLib"
"Dense Structure","https://github.com/1313ou/sqlunet-browser"
"Dense Structure","https://github.com/13302864582/baifen_parent_app"
"Dense Structure","https://github.com/13348670849/mybatislearnparent"
"Dense Structure","https://github.com/13797891312/WhereCollect"
"Dense Structure","https://github.com/1394044539/onlineread"
"Dense Structure","https://github.com/15207135348/Java12306"
"Dense Structure","https://github.com/1521zxc/Bus"
"Dense Structure","https://github.com/15281046619/classroomlib"
"Dense Structure","https://github.com/1535892832/blogs-server"
"Dense Structure","https://github.com/1559727195/GreenLandVLand"
"Dense Structure","https://github.com/15608447849/erp"
"Dense Structure","https://github.com/1586951660/bs"
"Dense Structure","https://github.com/15935962724/Ruoyi-Vue"
"Dense Structure","https://github.com/1628103949/enjoySDK"
"Dense Structure","https://github.com/16jalayt/SapphireExtract-Legacy"
"Dense Structure","https://github.com/17734576784/sdweb_sts_f"
"Dense Structure","https://github.com/18581961702/red-tea"
"Dense Structure","https://github.com/18616703217/gloryroad_autotest"
"Dense Structure","https://github.com/189569400/apollo-DuerOS"
"Dense Structure","https://github.com/1900Star/MusicPlayer-Smartisan"
"Dense Structure","https://github.com/195286381/vue-spring-admin-manage-system"
"Dense Structure","https://github.com/19MisterX98/Atomic"
"Dense Structure","https://github.com/1and1/cosmo"
"Dense Structure","https://github.com/1beric/ActionRpg"
"Dense Structure","https://github.com/1boker1/TFG_RTS"
"Dense Structure","https://github.com/1hakr/AnExplorer"
"Dense Structure","https://github.com/1ndong/Capitalism"
"Dense Structure","https://github.com/2012monk/copang-backend"
"Dense Structure","https://github.com/2017398956/packet-capture"
"Dense Structure","https://github.com/2021-ict-hanium/ezfarm-back"
"Dense Structure","https://github.com/22pheobi22/NettyServerCenter2"
"Dense Structure","https://github.com/235/gwt-pf"
"Dense Structure","https://github.com/23quan/colortumodule"
"Dense Structure","https://github.com/2452862704/ppjoke"
"Dense Structure","https://github.com/24Kshign/OKHttpDemo"
"Dense Structure","https://github.com/2605759123/SmartHome"
"Dense Structure","https://github.com/2635064692/SourceCode-learning"
"Dense Structure","https://github.com/275282657/chenfan-finance"
"Dense Structure","https://github.com/276255322/FTPManage"
"Dense Structure","https://github.com/278770902/evm-wasu"
"Dense Structure","https://github.com/2893348004/BankingApplication"
"Dense Structure","https://github.com/2JeongYun/NTPver1"
"Dense Structure","https://github.com/2dukes/PROJ2_SDIS_2021"
"Dense Structure","https://github.com/2kchan/JSP_Board"
"Dense Structure","https://github.com/3059485516/NeteaseIMSDK"
"Dense Structure","https://github.com/309893147/education_resources_service"
"Dense Structure","https://github.com/32kda/maploader"
"Dense Structure","https://github.com/335747949/training_system"
"Dense Structure","https://github.com/343702729/ElectronicSeal"
"Dense Structure","https://github.com/343702729/HuiZhi"
"Dense Structure","https://github.com/346058210/huate"
"Dense Structure","https://github.com/376453716/zookeeper-x"
"Dense Structure","https://github.com/3RD-Dimension/3RDD-GCode-Sender-Issues"
"Dense Structure","https://github.com/3sidedcube/Android-LightningUi"
"Dense Structure","https://github.com/3yakuya/Quantum-Shell"
"Dense Structure","https://github.com/4115019/thor"
"Dense Structure","https://github.com/43907800/zfile"
"Dense Structure","https://github.com/4A69616E67/DHat"
"Dense Structure","https://github.com/4iot-dev/ID-SDK"
"Dense Structure","https://github.com/4wl/XG42"
"Dense Structure","https://github.com/516457377/XFOSD"
"Dense Structure","https://github.com/52733011/loan_background"
"Dense Structure","https://github.com/5l1v3r1/LazenLang"
"Dense Structure","https://github.com/631700492/springboot_vue"
"Dense Structure","https://github.com/670848654/Dilidili"
"Dense Structure","https://github.com/670848654/Silisili"
"Dense Structure","https://github.com/6d6a/hms-personmgr"
"Dense Structure","https://github.com/7-L/md_blockchain_client"
"Dense Structure","https://github.com/70Song/Submarine-Song"
"Dense Structure","https://github.com/70kg/weibo"
"Dense Structure","https://github.com/742672654/parking2"
"Dense Structure","https://github.com/782271752/Ble"
"Dense Structure","https://github.com/79121262/apache-tomcat-9.0.16-src"
"Dense Structure","https://github.com/7OH/test"
"Dense Structure","https://github.com/7ares/Sofra"
"Dense Structure","https://github.com/812406210/maxwell-ha"
"Dense Structure","https://github.com/886Vmedical/vmed"
"Dense Structure","https://github.com/8Roxyrox8/DBCase3.0"
"Dense Structure","https://github.com/928649522/deayee-open-chat"
"Dense Structure","https://github.com/965310001/HuaRunQiHuo"
"Dense Structure","https://github.com/97joseph/Java_Graphics"
"Dense Structure","https://github.com/A-Jauch/jammyAndroid"
"Dense Structure","https://github.com/A-portfolio/HuashiApp"
"Dense Structure","https://github.com/A1ex2/Terminal_v2"
"Dense Structure","https://github.com/AAUITSPlatform/AAUWebMgmt"
"Dense Structure","https://github.com/AAstroPhysiCS/JMinecraft-Multiplayer"
"Dense Structure","https://github.com/AAstroPhysiCS/OxyEngine"
"Dense Structure","https://github.com/ABHISHARMAV/signal-sarver"
"Dense Structure","https://github.com/ACE-Caedmon/NG-Socket"
"Dense Structure","https://github.com/ACMREN/smartBox-video"
"Dense Structure","https://github.com/ACRA/acra"
"Dense Structure","https://github.com/ACSmyth/chess-engine"
"Dense Structure","https://github.com/ACVivant/RealEstateManager"
"Dense Structure","https://github.com/ADebeddes/WYSIWYM_LDS_Service"
"Dense Structure","https://github.com/ADebeddes/WYSIWYM_api"
"Dense Structure","https://github.com/AFDia/umlet"
"Dense Structure","https://github.com/AIBrain/Librainian"
"Dense Structure","https://github.com/AIDEmeProject/JavaMiddleware"
"Dense Structure","https://github.com/AIR-FOI-HR/AIR2007"
"Dense Structure","https://github.com/AIqbal1/Mockito"
"Dense Structure","https://github.com/AKAaayush/BetterBuy-Application"
"Dense Structure","https://github.com/AKSW/IDOL"
"Dense Structure","https://github.com/ALIOTH-DEV-SPACE/packages_apps_Matlog"
"Dense Structure","https://github.com/ALabrada/Neuronic.CollectionModel"
"Dense Structure","https://github.com/AOF96/SENG302"
"Dense Structure","https://github.com/AONE-Y/IM_VIDEO"
"Dense Structure","https://github.com/AOSPK/packages_apps_Car_Settings"
"Dense Structure","https://github.com/AOSiP/platform_packages_apps_DeskClock"
"Dense Structure","https://github.com/AP-Atul/music_player_lite"
"Dense Structure","https://github.com/AP-IT-GH/game-development-project-2020-2021-vanhorickanthony"
"Dense Structure","https://github.com/ASfirst/RepeatWords2"
"Dense Structure","https://github.com/AStoupin/cassiope-supplier"
"Dense Structure","https://github.com/ATryder/TEdit"
"Dense Structure","https://github.com/AYCHGIT/aex.xmr"
"Dense Structure","https://github.com/Aandreba/JML"
"Dense Structure","https://github.com/AaronCore/EL"
"Dense Structure","https://github.com/AaronMk44/CopperAE"
"Dense Structure","https://github.com/AaronMk44/CopperDE"
"Dense Structure","https://github.com/AaronMk44/CopperSE"
"Dense Structure","https://github.com/Aaronmacaron/MultiSweeper"
"Dense Structure","https://github.com/Aaryatech/DutyApp"
"Dense Structure","https://github.com/Aayushi1202/ScrumStatus"
"Dense Structure","https://github.com/AbbasHabib/HR-System-RestAPI"
"Dense Structure","https://github.com/AbdMala/Raytracing"
"Dense Structure","https://github.com/AbdullahRasheed/RPG-BackAPI"
"Dense Structure","https://github.com/Abhai2016/DeadShock"
"Dense Structure","https://github.com/AbhiJay-K/LocADoc_App"
"Dense Structure","https://github.com/AbhinandanPadhi/MDP_Image_Recognition"
"Dense Structure","https://github.com/AbhinavOmprakash/simulatedlibrary"
"Dense Structure","https://github.com/Abhisek2090/TMDB-Embibe"
"Dense Structure","https://github.com/Abhishek-cdac/android_PlayDate"
"Dense Structure","https://github.com/AbleLynn/AIalgorithm"
"Dense Structure","https://github.com/AbnHL-24/IPC1-B_2021_Proyecto-Final_201730191"
"Dense Structure","https://github.com/Abraham2908/LojaVirtual"
"Dense Structure","https://github.com/Abudo-S/TraduttoreSN_wncalculus"
"Dense Structure","https://github.com/AbyxBelgium/Loyalty"
"Dense Structure","https://github.com/AcadiaSoft/simm-lib"
"Dense Structure","https://github.com/AcceNoi/accenbot"
"Dense Structure","https://github.com/Ace-Lin/KTV"
"Dense Structure","https://github.com/Ace8Underscore/CousinWare"
"Dense Structure","https://github.com/Ace8Underscore/CousinWare1.12.2Updated"
"Dense Structure","https://github.com/Acemad/alphaNEAT"
"Dense Structure","https://github.com/Acivev/osu-Droid-1"
"Dense Structure","https://github.com/Activiti/Activiti"
"Dense Structure","https://github.com/Adam-Schildkraut/MineQuest"
"Dense Structure","https://github.com/AdamCaviness/ODataAddRelatedObject"
"Dense Structure","https://github.com/AdamDTak2112/cs3200"
"Dense Structure","https://github.com/AdamEcoTest/EcoCollect"
"Dense Structure","https://github.com/Adamant-im/adamant-android"
"Dense Structure","https://github.com/Adamaq01/ozao-net"
"Dense Structure","https://github.com/Adampatryk/attendance-tracking-app"
"Dense Structure","https://github.com/AdamsLair/farseerduality"
"Dense Structure","https://github.com/AddstarMC/BungeeChat"
"Dense Structure","https://github.com/AdeelTariq/TheMoviesApp"
"Dense Structure","https://github.com/AdelinFilimon/Chess-Rating-System"
"Dense Structure","https://github.com/AdmondGuo/Flume-Custom"
"Dense Structure","https://github.com/AdnaneEz-zaim/Application-Vendeur-android"
"Dense Structure","https://github.com/AdobeProject/backV2"
"Dense Structure","https://github.com/AdoptOpenJDK/jitwatch"
"Dense Structure","https://github.com/AdrianSaueressig/DiscordBot"
"Dense Structure","https://github.com/AdrienVaret/BenzenoidApplicationReleases"
"Dense Structure","https://github.com/AdriendeDecker/projet_ae"
"Dense Structure","https://github.com/Advanced-Programming-2021/project-team-01"
"Dense Structure","https://github.com/Advanced-Programming-2021/project-team-02"
"Dense Structure","https://github.com/Advanced-Programming-2021/project-team-05"
"Dense Structure","https://github.com/Advanced-Programming-2021/project-team-06"
"Dense Structure","https://github.com/Advanced-Programming-2021/project-team-08"
"Dense Structure","https://github.com/Advanced-Programming-2021/project-team-09"
"Dense Structure","https://github.com/Advanced-Programming-2021/project-team-10"
"Dense Structure","https://github.com/Advanced-Programming-2021/project-team-11"
"Dense Structure","https://github.com/Advanced-Programming-2021/project-team-14"
"Dense Structure","https://github.com/Advanced-Programming-2021/project-team-16"
"Dense Structure","https://github.com/Advanced-Programming-2021/project-team-18"
"Dense Structure","https://github.com/Advanced-Programming-2021/project-team-20"
"Dense Structure","https://github.com/Advanced-Programming-2021/project-team-21"
"Dense Structure","https://github.com/Advanced-Programming-2021/project-team-22"
"Dense Structure","https://github.com/Advanced-Programming-2021/project-team-23"
"Dense Structure","https://github.com/Advanced-Programming-2021/project-team-24"
"Dense Structure","https://github.com/Advanced-Programming-2021/project-team-25"
"Dense Structure","https://github.com/Advanced-Programming-2021/project-team-26"
"Dense Structure","https://github.com/Advanced-Programming-2021/project-team-29"
"Dense Structure","https://github.com/Advanced-Programming-2021/project-team-30"
"Dense Structure","https://github.com/Advanced-Programming-2021/project-team-36"
"Dense Structure","https://github.com/Advanced-Programming-2021/project-team-38"
"Dense Structure","https://github.com/Advanced-Programming-2021/project-team-40"
"Dense Structure","https://github.com/Advanced-Programming-2021/project-team-45"
"Dense Structure","https://github.com/Advanced-Programming-2021/project-team-51"
"Dense Structure","https://github.com/Advanced-Programming-2021/project-team-55"
"Dense Structure","https://github.com/Advanced-Programming-2021/project-team-60"
"Dense Structure","https://github.com/Advanced-Programming-2021/project-team-7"
"Dense Structure","https://github.com/Advanced-Programming-2021/project_Team_19"
"Dense Structure","https://github.com/AdvancerMan/todd"
"Dense Structure","https://github.com/Aedificantes/Calculateur-de-sol"
"Dense Structure","https://github.com/Aerodlyn/Orionis"
"Dense Structure","https://github.com/AeroplaneMouse/P4-Code"
"Dense Structure","https://github.com/AfkBranta/Cosmos-1.0.0-Src"
"Dense Structure","https://github.com/AfuroZamurai/InformatiCup_Leibniz-7"
"Dense Structure","https://github.com/Agent215/Balance-Game"
"Dense Structure","https://github.com/AgentMC/power8"
"Dense Structure","https://github.com/Aggelowe/minebit-server-manager"
"Dense Structure","https://github.com/Aghajari/AXAnimation"
"Dense Structure","https://github.com/Aghajari/InspectElement"
"Dense Structure","https://github.com/AgileBitFlipper/triominos"
"Dense Structure","https://github.com/AgileKip/myAppAgilekipCommunity"
"Dense Structure","https://github.com/AgoRapide/AgoRapide"
"Dense Structure","https://github.com/AgoraIO-Usecase/AgoraLive"
"Dense Structure","https://github.com/AgoraIO-Usecase/AgoraVoice"
"Dense Structure","https://github.com/AgtLucas/f1mane"
"Dense Structure","https://github.com/Aguare/ProyectoAngular"
"Dense Structure","https://github.com/Ahmed-Dawood/UsersManagerAPI"
"Dense Structure","https://github.com/Ahmed-Mumi/NamadAPI"
"Dense Structure","https://github.com/Ahmed-Sarmoum/pfeProject"
"Dense Structure","https://github.com/Ahmed17Hamdy/IttezanPos"
"Dense Structure","https://github.com/Ahmed17Hamdy/WaselDriver-master"
"Dense Structure","https://github.com/AhmedAbdouz/RescueSimulation_Game"
"Dense Structure","https://github.com/AhmedEmbaby1998/Zyaraty"
"Dense Structure","https://github.com/AhmedMagdyHendawy/Dragon-Ball-Game"
"Dense Structure","https://github.com/AhmedMamdouhh/Rabe7"
"Dense Structure","https://github.com/AhmetBasar/Greed"
"Dense Structure","https://github.com/AhrimFakhriy/CMS-JavaFX"
"Dense Structure","https://github.com/AidosKuneen/aidos-node"
"Dense Structure","https://github.com/AilsaGirl/Android_ShanYang"
"Dense Structure","https://github.com/Aishasunztech/screenlocker"
"Dense Structure","https://github.com/Aitalas/Breadcrumbs492"
"Dense Structure","https://github.com/Ajaygupta1993/Shopme"
"Dense Structure","https://github.com/Ajaysinh1290/College-Management-System-In-Java"
"Dense Structure","https://github.com/AjithKumarvm/radioplayer"
"Dense Structure","https://github.com/Akaion/Bleak"
"Dense Structure","https://github.com/Akamagami/SoftwareEntwurf"
"Dense Structure","https://github.com/Akarin-project/Minecraft"
"Dense Structure","https://github.com/Akenland/CoRE"
"Dense Structure","https://github.com/Akmanos/Class-Projects"
"Dense Structure","https://github.com/Alaa0504/whattodrink_HB"
"Dense Structure","https://github.com/AlanSanchezP/gnomy"
"Dense Structure","https://github.com/AlayaNetwork/mtool"
"Dense Structure","https://github.com/Albert-Bennett/DesignPatterns"
"Dense Structure","https://github.com/Albert-Lucif4/Vellichor"
"Dense Structure","https://github.com/AlbertGafarov/Family"
"Dense Structure","https://github.com/AlbertSugi/Facility-Management-Services"
"Dense Structure","https://github.com/AlbertWilaras/DungeonCrawler"
"Dense Structure","https://github.com/AlbieLiang/IPCInvoker"
"Dense Structure","https://github.com/Alchemy-GPS/pullpay-wallet-android"
"Dense Structure","https://github.com/Alchyr/Chen"
"Dense Structure","https://github.com/Alchyr/mirthandmalice"
"Dense Structure","https://github.com/Aldwin99/GraficasconMPChart"
"Dense Structure","https://github.com/AleXxch13/water-monitoring-system-app"
"Dense Structure","https://github.com/Alec-Kritsonis/litematica-pixelart"
"Dense Structure","https://github.com/AleksGirardey/WarOfSquirrels"
"Dense Structure","https://github.com/AleksanderKubala/OH"
"Dense Structure","https://github.com/AleksandraKemona/SafetyAssessement"
"Dense Structure","https://github.com/Aleksbgbg/Tornado-Player"
"Dense Structure","https://github.com/Aleksbgbg/YouTube-Downloader"
"Dense Structure","https://github.com/Aleksy-niamik/Duntiria"
"Dense Structure","https://github.com/AlenGeoAlex/BridgePractice"
"Dense Structure","https://github.com/Alex-Shanyi-Yuan/MiniMat"
"Dense Structure","https://github.com/Alex-Zh19/webch"
"Dense Structure","https://github.com/Alex-the-666/VanBuren"
"Dense Structure","https://github.com/AlexAgoshkov/SomethingWithJWT"
"Dense Structure","https://github.com/AlexBondor/seaplol"
"Dense Structure","https://github.com/AlexCaranha/jQueryByHumming"
"Dense Structure","https://github.com/AlexChecker/CaveGame"
"Dense Structure","https://github.com/AlexCoder82/Attendance-control-admin-client"
"Dense Structure","https://github.com/AlexHeavens/EasySim"
"Dense Structure","https://github.com/AlexLiuSheng/CheckVersionLib"
"Dense Structure","https://github.com/AlexMcGilvray/Aerolite"
"Dense Structure","https://github.com/AlexSafatli/NootBot"
"Dense Structure","https://github.com/AlexSolari/SRogueReborn"
"Dense Structure","https://github.com/Alexand3r/Group5_ThinkGearApp"
"Dense Structure","https://github.com/Alexander8651/inndex-java"
"Dense Structure","https://github.com/AlexanderLaptev/wallpaper-craft"
"Dense Structure","https://github.com/Alexandr-star/p-median"
"Dense Structure","https://github.com/Alexandra99/ATM"
"Dense Structure","https://github.com/AlexandraBuzila/rich-text"
"Dense Structure","https://github.com/AlexisDefranoux/Okonekat"
"Dense Structure","https://github.com/AlexisTak/Kiba-MCP-1.13.2"
"Dense Structure","https://github.com/Alexk1704/FDDBS"
"Dense Structure","https://github.com/AlfonsoEsteves/SymbolCall"
"Dense Structure","https://github.com/Alfresco/alfresco-android-app"
"Dense Structure","https://github.com/AliesYangpai/ADHDriverApp"
"Dense Structure","https://github.com/AlizerUncaged/HTTP-Injector"
"Dense Structure","https://github.com/AllSetSimon/KinoLights_Clone_Android"
"Dense Structure","https://github.com/Allegseu-web/AgroVeterinaria"
"Dense Structure","https://github.com/Allen-MJ/gbmc"
"Dense Structure","https://github.com/AllenFreecs/AdaptiveHR"
"Dense Structure","https://github.com/Alleysira/MailDike"
"Dense Structure","https://github.com/AlloneApps/AgileCoach"
"Dense Structure","https://github.com/Alluxio/alluxio"
"Dense Structure","https://github.com/AllyKaz/PropertyServer"
"Dense Structure","https://github.com/Almanex/Ru-translation-privatezilla"
"Dense Structure","https://github.com/Almighty-Alpaca/JDA-Butler"
"Dense Structure","https://github.com/AlonEirew/extract-wec"
"Dense Structure","https://github.com/Alontrle/Xilla-Backups"
"Dense Structure","https://github.com/AlphaMode/Storage-Network"
"Dense Structure","https://github.com/Alphien/AlphienStudio"
"Dense Structure","https://github.com/AltBeacon/android-beacon-library"
"Dense Structure","https://github.com/AltTabber/ludum-april2020"
"Dense Structure","https://github.com/Altinn/ExampleApp"
"Dense Structure","https://github.com/Altinn/ec-client-dotnet"
"Dense Structure","https://github.com/Altline/my-finance"
"Dense Structure","https://github.com/AlturosDestinations/Alturos.ImageAnnotation"
"Dense Structure","https://github.com/Alvearie/patient_pathway_extractor"
"Dense Structure","https://github.com/Alvin9234/OkGo"
"Dense Structure","https://github.com/AlxDt/passenger-social-force"
"Dense Structure","https://github.com/AlxDt/train-simulation"
"Dense Structure","https://github.com/AlzaInteractive/Math-Question-Generator"
"Dense Structure","https://github.com/AmAComputerNerd/hypixelskyblock"
"Dense Structure","https://github.com/Aman9das/Arcticons--4080ff"
"Dense Structure","https://github.com/AmanYdv20/review_check"
"Dense Structure","https://github.com/AmandaIsrael/Project-F1"
"Dense Structure","https://github.com/Amberking196/smsNew"
"Dense Structure","https://github.com/AmeerArsala/Ethereal-Tempest"
"Dense Structure","https://github.com/Ami30/AEDProject"
"Dense Structure","https://github.com/AmineBouyanzer/Majhong"
"Dense Structure","https://github.com/Amir79Naziri/HTTP_Client"
"Dense Structure","https://github.com/AmirAbaskohi/VWS-API"
"Dense Structure","https://github.com/AmirRImani/Project_FarmFrenzy"
"Dense Structure","https://github.com/Amirbek2506/zoomagazin"
"Dense Structure","https://github.com/AmiroooTheWalnut/GIS-FAST-LOCATION-OPTIMIZATION"
"Dense Structure","https://github.com/Amirr90/DMax"
"Dense Structure","https://github.com/AmitKumar1827/Tenant-Record"
"Dense Structure","https://github.com/AmitVermaGenp/DB-CI-UseCase"
"Dense Structure","https://github.com/AmitVethuson/csci2020_go"
"Dense Structure","https://github.com/Amiyoo/amyplugin-host-lib"
"Dense Structure","https://github.com/AmmGo/IndPark"
"Dense Structure","https://github.com/AmosYang6814/blockly-android"
"Dense Structure","https://github.com/Amrykid/Neptunium"
"Dense Structure","https://github.com/AnakinSpain/blynk1_server"
"Dense Structure","https://github.com/AnalyseSI/AnalyseSI"
"Dense Structure","https://github.com/Anantha-Eswar/Adore-Musique"
"Dense Structure","https://github.com/And42/SaveToGame"
"Dense Structure","https://github.com/And42/TranslatorApk"
"Dense Structure","https://github.com/AndDiSa/services_telephony"
"Dense Structure","https://github.com/AndSync/ChooseCalendar"
"Dense Structure","https://github.com/AndekQR/Algorithms-test-TSP"
"Dense Structure","https://github.com/Anders-H/JobRunner"
"Dense Structure","https://github.com/AndersonVargas8/GDoc"
"Dense Structure","https://github.com/Andover-Robotics/10331-SkyStone"
"Dense Structure","https://github.com/Andover-Robotics/4410-Skystone"
"Dense Structure","https://github.com/Andover-Robotics/5273-SkyStone"
"Dense Structure","https://github.com/Andrea4007/punto-venta-sys"
"Dense Structure","https://github.com/AndreaRettaroli/OOP18-BmbMan"
"Dense Structure","https://github.com/AndreasFagschlunger/o2xfs-memory-databind"
"Dense Structure","https://github.com/AndreeAvalos/CQL"
"Dense Structure","https://github.com/AndreliaJUN/bms"
"Dense Structure","https://github.com/Andrepereira2001/feup-lpoo-2021"
"Dense Structure","https://github.com/Andres6936/Castlevania-Roguelike"
"Dense Structure","https://github.com/Andres6936/OmniSharp"
"Dense Structure","https://github.com/Andresr31/mensajeriaRMI"
"Dense Structure","https://github.com/Andrew-Archer/NojaborskDefectoscope"
"Dense Structure","https://github.com/Andrew-Do/ERZ-clean"
"Dense Structure","https://github.com/AndrewGraber/LWJGL3D"
"Dense Structure","https://github.com/AndrewLevada/Soft_Skills_App"
"Dense Structure","https://github.com/AndrewTran3003/CuddlyWombatAPI"
"Dense Structure","https://github.com/AndreyMenshikov/vetisapi"
"Dense Structure","https://github.com/AndreyPavlenko/transmissionbtc"
"Dense Structure","https://github.com/AndreyYaskevich/MusicApplication"
"Dense Structure","https://github.com/Andreybest/TRPZ_PPC_3Course_Practice"
"Dense Structure","https://github.com/AndriyBosik/conferences-java-servlet"
"Dense Structure","https://github.com/AndroidJiang/StockChart"
"Dense Structure","https://github.com/AndroidWG/SmartLyrics"
"Dense Structure","https://github.com/AndromedaOne/2020Code"
"Dense Structure","https://github.com/Andwerpz/Platformer2"
"Dense Structure","https://github.com/AngeC15/mir-automata"
"Dense Structure","https://github.com/Angel-ML/angel"
"Dense Structure","https://github.com/Angel-Vin/just_bd"
"Dense Structure","https://github.com/Angel198/WiredShack"
"Dense Structure","https://github.com/AngelSushi/CDSPlugin"
"Dense Structure","https://github.com/Angelord/proto-translator"
"Dense Structure","https://github.com/AngleSharp/AngleSharp"
"Dense Structure","https://github.com/Anglopol/InstaInfluencerParser"
"Dense Structure","https://github.com/AngryCarrot789/sharppad"
"Dense Structure","https://github.com/Angular-Angel/Omnicraft"
"Dense Structure","https://github.com/AniGayake/Music-Player"
"Dense Structure","https://github.com/Aniketconnekt/FlyingCRM"
"Dense Structure","https://github.com/AnilKumar-Sirigiri/cargotracker"
"Dense Structure","https://github.com/AniruddhaChattopadhyay/Cynosure_backend_work"
"Dense Structure","https://github.com/Anjsanchez/awari_v2"
"Dense Structure","https://github.com/AnkitTrivedi9140/pods"
"Dense Structure","https://github.com/AnnaKachmasheva/Java-RPG-GAME"
"Dense Structure","https://github.com/Annette0127/UCInspire_JPMS"
"Dense Structure","https://github.com/AnonymusRaccoon/Opus"
"Dense Structure","https://github.com/Anonypu5/Oles-World-Project"
"Dense Structure","https://github.com/Anoobus/orion-web"
"Dense Structure","https://github.com/AnotherNoName/Tesla-SRC"
"Dense Structure","https://github.com/AntennaPod/AntennaPod"
"Dense Structure","https://github.com/AnthonyBasdfg/PoS"
"Dense Structure","https://github.com/AntoineBrah/Social-Media-Project"
"Dense Structure","https://github.com/AntoineRenoux/DefenseByNight"
"Dense Structure","https://github.com/AntonFedoruk/zhfed_tgbot"
"Dense Structure","https://github.com/AntonMaksimenkau/team4_backend"
"Dense Structure","https://github.com/AntoninRuan/CellarManager"
"Dense Structure","https://github.com/Antony87/EasyConduite"
"Dense Structure","https://github.com/Anuken/LudumDare46"
"Dense Structure","https://github.com/Anuken/Mindustry"
"Dense Structure","https://github.com/Anuken/Mindustry-Classic"
"Dense Structure","https://github.com/Anukia/statki_PO"
"Dense Structure","https://github.com/AnuraNet/AnuraMC"
"Dense Structure","https://github.com/AnuragSahani/UGShop"
"Dense Structure","https://github.com/Anzekk/SecureBank_mobile"
"Dense Structure","https://github.com/AomHathaichanok/JPacmannn"
"Dense Structure","https://github.com/Aoyihala/300Hero"
"Dense Structure","https://github.com/ApacheThunder/ChaosGlitchMod"
"Dense Structure","https://github.com/AppSync-ai/UltraMx"
"Dense Structure","https://github.com/AppXpress/PlatformModuleManager"
"Dense Structure","https://github.com/Appixroid/UnnamedProject"
"Dense Structure","https://github.com/Apple2424/applembot"
"Dense Structure","https://github.com/ApsarasMC/Apsaras"
"Dense Structure","https://github.com/AraiNylaz/ProjetAE"
"Dense Structure","https://github.com/ArastunM/Ancestry-Tool"
"Dense Structure","https://github.com/ArcadeRenegade/SidebarDiagnostics"
"Dense Structure","https://github.com/Archadia/Radgod"
"Dense Structure","https://github.com/ArchilizerLtd/FamilyEditorInterface"
"Dense Structure","https://github.com/Archiving/ARKCraft-Code"
"Dense Structure","https://github.com/AreaFiftyLAN/lancie-api"
"Dense Structure","https://github.com/ArekkuusuJerii/Improbable-plot-machine"
"Dense Structure","https://github.com/Arematics/arematics-minecraft-core"
"Dense Structure","https://github.com/AreonDev/FreezingArcher"
"Dense Structure","https://github.com/Argentable/Timely-Fitness"
"Dense Structure","https://github.com/AriaLyy/Aria"
"Dense Structure","https://github.com/Ariel-David/The-Maze-Of-Waze"
"Dense Structure","https://github.com/ArielNykanen/java-programming"
"Dense Structure","https://github.com/Arjunvankani/GymManagment"
"Dense Structure","https://github.com/Arkhist/Hacknet-Pathfinder"
"Dense Structure","https://github.com/Arkobat/SemesterprojektF21"
"Dense Structure","https://github.com/ArmbrusterSean/2D-Game-Enigine-"
"Dense Structure","https://github.com/ArminGh02/j-clash-royale"
"Dense Structure","https://github.com/ArnolSwet/DBxic_ADB"
"Dense Structure","https://github.com/Arsenal-Network/Travertine-KineticArsenal-Proxy"
"Dense Structure","https://github.com/ArtStarOS/android_packages_apps_Camera2"
"Dense Structure","https://github.com/ArtStarOS/android_packages_apps_Snap"
"Dense Structure","https://github.com/ArtemKlots/travel_bill"
"Dense Structure","https://github.com/ArtemisSoftware/Android-Unit-Testing"
"Dense Structure","https://github.com/Artentus/ModMyFactory"
"Dense Structure","https://github.com/Arti-Dev/RedactedPit"
"Dense Structure","https://github.com/ArtiomCiobanu/TelegramShopBot"
"Dense Structure","https://github.com/ArtiomCiobanu/UniversalShopBot"
"Dense Structure","https://github.com/ArtixAllMighty/PetBuddy2016"
"Dense Structure","https://github.com/ArtixAllMighty/Telepads2016"
"Dense Structure","https://github.com/Artur51/CurrencyExchangeApplication"
"Dense Structure","https://github.com/ArturTomasi/MasterEngine"
"Dense Structure","https://github.com/Arunbalaji-Srinivasan/INFO5100-Project"
"Dense Structure","https://github.com/Aruzhan6/ORC"
"Dense Structure","https://github.com/ArzoonSbd/tourist_facilitator"
"Dense Structure","https://github.com/Asatsuki/Germplasm"
"Dense Structure","https://github.com/Asepseptian1523/UAS_ASEPSEPTIAN"
"Dense Structure","https://github.com/AsherByun/Studyhelper-real"
"Dense Structure","https://github.com/AshtonChingovo/rift_logistics"
"Dense Structure","https://github.com/AshurAxelR/Hexpansio"
"Dense Structure","https://github.com/AshurAxelR/XRBEngine"
"Dense Structure","https://github.com/AsijaR/RecipesWebApp"
"Dense Structure","https://github.com/Asis2019/The-joi-Database-Editor"
"Dense Structure","https://github.com/Astavie/From-the-Ground-Up"
"Dense Structure","https://github.com/Astavie/ThermalLogistics"
"Dense Structure","https://github.com/AsterHappyLestari/Aplikasi-Spakuba"
"Dense Structure","https://github.com/Aswin-Poovadan/BlockSec"
"Dense Structure","https://github.com/AsyncHttpClient/async-http-client"
"Dense Structure","https://github.com/Atherys-Horizons/AtherysBattlegrounds"
"Dense Structure","https://github.com/Athlaeos/ProgressiveDifficulty"
"Dense Structure","https://github.com/Atikur68/Testing"
"Dense Structure","https://github.com/AtrasM/Ican"
"Dense Structure","https://github.com/Attisch/Fussballstatistiken"
"Dense Structure","https://github.com/Atul1307/Augur"
"Dense Structure","https://github.com/Atulin/Ogma"
"Dense Structure","https://github.com/AuDigitalHealth/integration-toolkit-sample-code-java"
"Dense Structure","https://github.com/AugusteLef/GameBoyProject"
"Dense Structure","https://github.com/AuraDevelopmentTeam/InvSync"
"Dense Structure","https://github.com/Aurilisdev/Physica"
"Dense Structure","https://github.com/AuroScholar/microscholarReactBridge-"
"Dense Structure","https://github.com/AuroraSNS/aurora-back"
"Dense Structure","https://github.com/AustereTony-MCMods/Oxygen-Core"
"Dense Structure","https://github.com/AustereTony-MCMods/Oxygen-Mail"
"Dense Structure","https://github.com/AustereTony-MCMods/Oxygen-Market"
"Dense Structure","https://github.com/AustinJGreen/Fluid"
"Dense Structure","https://github.com/AustinMaZW/AD_Kampung_Unite_Android"
"Dense Structure","https://github.com/Auxiliatrix/CARIS-Framework"
"Dense Structure","https://github.com/Avankziar/WebPortalConnector"
"Dense Structure","https://github.com/AvatarBlueray/k-9-5.0.4-MAINT"
"Dense Structure","https://github.com/Avcivcc/ZrLog"
"Dense Structure","https://github.com/Avdiji/Chess_Java"
"Dense Structure","https://github.com/Aveswap/trust"
"Dense Structure","https://github.com/Avs09/Taller-POO1"
"Dense Structure","https://github.com/AwakenCN/Almost-Famous"
"Dense Structure","https://github.com/AwkwardLiSFan/ec-assignment-3"
"Dense Structure","https://github.com/Ax9D/Shumi"
"Dense Structure","https://github.com/AxelFulop/TpGDD20192C"
"Dense Structure","https://github.com/AxelNennker/openinfocard"
"Dense Structure","https://github.com/Axway/iron"
"Dense Structure","https://github.com/Ayaka-Igarashi/TakoGame"
"Dense Structure","https://github.com/Ayan-10/Phoenix"
"Dense Structure","https://github.com/Aympab/GestionUsine-JavaFX"
"Dense Structure","https://github.com/Ayoitswiz/Pokemon_Recreation_With_Map_Editor"
"Dense Structure","https://github.com/Aytackydln/duyuruBot"
"Dense Structure","https://github.com/AzisabaNetwork/LeonGunWar"
"Dense Structure","https://github.com/Azure/azure-mobile-apps-android-client"
"Dense Structure","https://github.com/BACKUP-NDR/DOC-GROUPING"
"Dense Structure","https://github.com/BARDAMRI/market_managment_program"
"Dense Structure","https://github.com/BCSDLab/KOIN_ANDROID"
"Dense Structure","https://github.com/BCSDLab/KOIN_API"
"Dense Structure","https://github.com/BDianaIulia/RabbitGame"
"Dense Structure","https://github.com/BEAST2-Dev/codonsubstmodels"
"Dense Structure","https://github.com/BEJOSCHR/Bomberfrau_Prototyp"
"Dense Structure","https://github.com/BGI-flexlab/automation"
"Dense Structure","https://github.com/BIBSYSDEV/authority-registry"
"Dense Structure","https://github.com/BME-MIT-IET/Logcat2020-iet-2020"
"Dense Structure","https://github.com/BMF-RKSV-Technik/at-registrierkassen-mustercode"
"Dense Structure","https://github.com/BOBsonic459/ForgeGradle-1.2.1"
"Dense Structure","https://github.com/BOECHANGHORN/AdminFX"
"Dense Structure","https://github.com/BOECHANGHORN/TenantFX"
"Dense Structure","https://github.com/BTK203/InfiniteRecharge-2021"
"Dense Structure","https://github.com/BachirKhiati/Androd-Wifi-File-Transfer"
"Dense Structure","https://github.com/Backblaze/b2-sdk-java"
"Dense Structure","https://github.com/Baconchicken42/Rocket-guy"
"Dense Structure","https://github.com/BaderLab/AutoAnnotateApp"
"Dense Structure","https://github.com/BadrBelhiti/RIST"
"Dense Structure","https://github.com/Bahmni/bahmni-mart"
"Dense Structure","https://github.com/BakaSugus/HomeStorage"
"Dense Structure","https://github.com/BakuPlayz/CraftingGUI"
"Dense Structure","https://github.com/BalajiDany/lantern-server"
"Dense Structure","https://github.com/BalazsSipos/helpmeal"
"Dense Structure","https://github.com/Balta-Stefan/Network-programming-project-2"
"Dense Structure","https://github.com/BambooBandit/fadelandEditor"
"Dense Structure","https://github.com/BangJeongHyeok/Do-you-get-money-when-you-dig"
"Dense Structure","https://github.com/BanisBT/2021-08-03-ParkingRestApi"
"Dense Structure","https://github.com/BarCzerw/inTeams"
"Dense Structure","https://github.com/BarrosoK/L2Wonder"
"Dense Structure","https://github.com/BarryChen/allwinner-updater"
"Dense Structure","https://github.com/BartGrz/MonthlyExpenses"
"Dense Structure","https://github.com/Bartekm1996/Invi"
"Dense Structure","https://github.com/Barteks2x/Cubit"
"Dense Structure","https://github.com/Basheer-aleid/Blatt1"
"Dense Structure","https://github.com/Battle-City-Alpha/BattleCityAlpha-HubClient"
"Dense Structure","https://github.com/BattlePlugins/BattleTracker"
"Dense Structure","https://github.com/Bauepete/no-beard"
"Dense Structure","https://github.com/Bdeering1/java-platformer"
"Dense Structure","https://github.com/Be4rJP/Sclat2"
"Dense Structure","https://github.com/Be90nia/SanNiuSignal"
"Dense Structure","https://github.com/BeanwareDev/Beanware-Finance-Planner"
"Dense Structure","https://github.com/BeeGodwin/ldjam-49-unstable"
"Dense Structure","https://github.com/BehzadBakhti/MPD"
"Dense Structure","https://github.com/Belal-Ahmed/Wifa.ng"
"Dense Structure","https://github.com/Belieal/flipping-utilities"
"Dense Structure","https://github.com/BelminMahic/Kino"
"Dense Structure","https://github.com/Beloumi/PeaFactory"
"Dense Structure","https://github.com/Belovedbb/Board-wars"
"Dense Structure","https://github.com/BenDabas/role-playing-game"
"Dense Structure","https://github.com/BenDew21/CbaS"
"Dense Structure","https://github.com/BenFradet/RiotSharp"
"Dense Structure","https://github.com/BenediktWoermann/Julicorn"
"Dense Structure","https://github.com/Benkwitz-Bedford/AB-FABS"
"Dense Structure","https://github.com/Bennobear/MP3Manager"
"Dense Structure","https://github.com/Benrnz/BudgetAnalyser"
"Dense Structure","https://github.com/Beny-Maleki/Yu-Gi-Oh-Final-Phase"
"Dense Structure","https://github.com/Bergtiger/DailyJoin"
"Dense Structure","https://github.com/Berthy-booking/Berth-Booking"
"Dense Structure","https://github.com/Bertrandbenj/juniter"
"Dense Structure","https://github.com/BetmanSmall/TowerDefence_GDX"
"Dense Structure","https://github.com/BhaaLseN/CgmInfo"
"Dense Structure","https://github.com/Bharath5657/XdmPrac"
"Dense Structure","https://github.com/Bibek100/.net-core-API-with-repository-pattern"
"Dense Structure","https://github.com/BigBadE/processorcodeapi"
"Dense Structure","https://github.com/BikashJhendi/BikashJhendi-IndividualProject-finalassignment-FileMover"
"Dense Structure","https://github.com/Bilal912/Insta_cars"
"Dense Structure","https://github.com/BilderHerunterlader/BilderUploader"
"Dense Structure","https://github.com/BilelBelliliDev/CoHeal-Desktop"
"Dense Structure","https://github.com/BillChen2k/PlaneReservation"
"Dense Structure","https://github.com/BillStark001/Rise-UI"
"Dense Structure","https://github.com/BillardVincent/TissusDePrincesse"
"Dense Structure","https://github.com/Billiardball/Audio-recoder-android"
"Dense Structure","https://github.com/BillyGalbreath/LandClaims"
"Dense Structure","https://github.com/Binasaurus-Hex/HomeInvasion"
"Dense Structure","https://github.com/BingCoke/webChat"
"Dense Structure","https://github.com/Bingoliallen/CnVideoPlayer"
"Dense Structure","https://github.com/BioInfoTools/BBMap"
"Dense Structure","https://github.com/BioSystemsUM/transyt"
"Dense Structure","https://github.com/BioWareRu/BioEngine.Extra.IPB"
"Dense Structure","https://github.com/Bit-S/ADS-Journey"
"Dense Structure","https://github.com/BitPatty/SRLApiClient"
"Dense Structure","https://github.com/BitPaw/CoreManager"
"Dense Structure","https://github.com/BjorkUofA/MilK"
"Dense Structure","https://github.com/BlackIce888/RelDb"
"Dense Structure","https://github.com/BlackPhantom3899/CranaZ"
"Dense Structure","https://github.com/BlackPhoenix134/CartelClicker"
"Dense Structure","https://github.com/BlackPhoenix134/SE2ScotlandYard"
"Dense Structure","https://github.com/BlackXanthus/PrayerApp"
"Dense Structure","https://github.com/Blackcatmaxy/Botcatmaxy"
"Dense Structure","https://github.com/Blackssugar/littleGame"
"Dense Structure","https://github.com/BlakeFrostin/ZermiaV3"
"Dense Structure","https://github.com/Blankyn/DanmukuLight"
"Dense Structure","https://github.com/Blaze-AOSP/packages_apps_ThemePicker"
"Dense Structure","https://github.com/BlazingTwist/CannonTracer"
"Dense Structure","https://github.com/BlazingTwist/SoD_DiffExplorer"
"Dense Structure","https://github.com/BleachDev/litematica-printer"
"Dense Structure","https://github.com/Blechlawine/Tower-defence-game"
"Dense Structure","https://github.com/Blinningjr/d7032e_home_exam"
"Dense Structure","https://github.com/BlissOS/platform_external_airbnb-lottie"
"Dense Structure","https://github.com/BlissRoms/platform_packages_apps_Email"
"Dense Structure","https://github.com/BlockAndBits/BitsWorlds"
"Dense Structure","https://github.com/Blumster/TNL.NET"
"Dense Structure","https://github.com/BoCloud/bocloud-task"
"Dense Structure","https://github.com/Bobbar/NBodies"
"Dense Structure","https://github.com/Bobinho44/AvatarCore_V1"
"Dense Structure","https://github.com/Bobini1/FFEncounter"
"Dense Structure","https://github.com/Bochcio88/GliwickiDzik.API"
"Dense Structure","https://github.com/BodapatlaKiranReddy/KVS-producer"
"Dense Structure","https://github.com/BoldonJames/PDFClown"
"Dense Structure","https://github.com/Bonitasoft-Community/page_moonrover"
"Dense Structure","https://github.com/Boomaa23/XKCD_Viewer"
"Dense Structure","https://github.com/BootleggersROM/packages_apps_Dialer"
"Dense Structure","https://github.com/Borbarad13/Vault-public-master"
"Dense Structure","https://github.com/BorhanGhalebAlboraihi/DBPRO"
"Dense Structure","https://github.com/Bort86/dawbio2_class"
"Dense Structure","https://github.com/Botfiier-Boti/Time-Waster-Game"
"Dense Structure","https://github.com/BpexCode/Yammi-1.8.8"
"Dense Structure","https://github.com/Bramix/ODZ_TSPP"
"Dense Structure","https://github.com/BrandonMurch/restaurant_reservation_system"
"Dense Structure","https://github.com/Brauzi35/ShowRoomeBetter"
"Dense Structure","https://github.com/BreakerBots/Tsunami_2020"
"Dense Structure","https://github.com/BreakerBots/Tsunami_2021"
"Dense Structure","https://github.com/BreezeIndigo/ArcoFarm"
"Dense Structure","https://github.com/BrendanWalsh/MeDsMovieManager"
"Dense Structure","https://github.com/BrendonCurmi/FusionPixelmon"
"Dense Structure","https://github.com/Brian-Wuest/MC-FromTheDepths"
"Dense Structure","https://github.com/BrianGiraldo0/ResonanceHome"
"Dense Structure","https://github.com/BrianXS/VCash"
"Dense Structure","https://github.com/BrightMoon2002/financial_management"
"Dense Structure","https://github.com/BrokenEarthDev/Manhunt-Improved"
"Dense Structure","https://github.com/BrokenROM/frameworks_opt_net_ims"
"Dense Structure","https://github.com/BrokenROM/frameworks_opt_telephony"
"Dense Structure","https://github.com/Bronya0/base-RPC"
"Dense Structure","https://github.com/BruceZeng1/Quinzical"
"Dense Structure","https://github.com/BrunelloM/p3p"
"Dense Structure","https://github.com/BrunoDatoMeneses/AMOEBA3"
"Dense Structure","https://github.com/BrunoSMachado/SDN-Security-Module"
"Dense Structure","https://github.com/BrunoSpy/videso3d"
"Dense Structure","https://github.com/BryanGarro25/lab1_mobiles"
"Dense Structure","https://github.com/BryceSchroeder/Kopernicus"
"Dense Structure","https://github.com/BuBuSoHandsome/Mybatis"
"Dense Structure","https://github.com/BudSkywalker/Spacemaster"
"Dense Structure","https://github.com/BungyTrain704/TheFourNations"
"Dense Structure","https://github.com/Burchard36/SpigotDragonZ"
"Dense Structure","https://github.com/Burkov1982/ProjectManagementSystem"
"Dense Structure","https://github.com/Byte1337/Concept-Client"
"Dense Structure","https://github.com/C-Life/android_open_demo"
"Dense Structure","https://github.com/C0W0/2D-Java-Game-Development"
"Dense Structure","https://github.com/C20-SoftEng/Project-Team-S"
"Dense Structure","https://github.com/C26000/SimpleOps"
"Dense Structure","https://github.com/CACAProjectes/CACAQuini"
"Dense Structure","https://github.com/CAS-ual-TY/YgoDuelingMod"
"Dense Structure","https://github.com/CASM-Consulting/springcrawler"
"Dense Structure","https://github.com/CCAFS/ccafs-ap"
"Dense Structure","https://github.com/CCC-NULS/offline-smart-contract-platform"
"Dense Structure","https://github.com/CCI-MIT/XCoLab"
"Dense Structure","https://github.com/CCMForCCH/CCM"
"Dense Structure","https://github.com/CDE360/cde360_android"
"Dense Structure","https://github.com/CDLUC3/mrt-inventory"
"Dense Structure","https://github.com/CDST-Studio/JAVA-StockOverlay"
"Dense Structure","https://github.com/CEMPD/VERDI"
"Dense Structure","https://github.com/CFerrara98/ify-iges"
"Dense Structure","https://github.com/CI-labo-OPU/MoFGBML_ML"
"Dense Structure","https://github.com/CI-labo-OPU/MoFGBML_classic"
"Dense Structure","https://github.com/CLARIN-PL/Liner2"
"Dense Structure","https://github.com/CLLKazan/UIMA-Ext"
"Dense Structure","https://github.com/CMPUT301F20T21/Book_Friends"
"Dense Structure","https://github.com/CMPUT301W20T12/GufyGuber"
"Dense Structure","https://github.com/CMario210/cheetah-engine"
"Dense Structure","https://github.com/CNES/ccsdsmo-maljava"
"Dense Structure","https://github.com/CNH5/TieBa_fake"
"Dense Structure","https://github.com/COM2031/lab-1-formative-mhelal"
"Dense Structure","https://github.com/COM2031/lab-1-formative-saschneider"
"Dense Structure","https://github.com/CONNECT-Continuum/Continuum"
"Dense Structure","https://github.com/COS301-SE-2021/GeoCode"
"Dense Structure","https://github.com/CRAFTY-ABM/CRAFTY_CoBRA"
"Dense Structure","https://github.com/CREDITSCOM/ewa"
"Dense Structure","https://github.com/CS601-F21/project3-adelgadocabrera"
"Dense Structure","https://github.com/CSNight/RedisMonitorServices"
"Dense Structure","https://github.com/CST-Group/ws3d"
"Dense Structure","https://github.com/CSmither/Bazaar"
"Dense Structure","https://github.com/CUTR-at-USF/gtfs-osm-sync"
"Dense Structure","https://github.com/CXgamer/MC-ticker"
"Dense Structure","https://github.com/CYanHaM/NBADataAnaly"
"Dense Structure","https://github.com/Caaarlowsz/BasicPvP"
"Dense Structure","https://github.com/Caaarlowsz/BattleBits"
"Dense Structure","https://github.com/Caaarlowsz/FlyTrue"
"Dense Structure","https://github.com/Caaarlowsz/GuardianKitPvP"
"Dense Structure","https://github.com/Caaarlowsz/GuiKits"
"Dense Structure","https://github.com/Caaarlowsz/KomboPvP"
"Dense Structure","https://github.com/Caaarlowsz/NialKits"
"Dense Structure","https://github.com/Caaarlowsz/ZeyPvP"
"Dense Structure","https://github.com/Caaarlowsz/xNodusPvP"
"Dense Structure","https://github.com/CaceresLuis/SoccerP"
"Dense Structure","https://github.com/Caceresenzo/My-IUT-Schedule"
"Dense Structure","https://github.com/CadixDev/Lorenz"
"Dense Structure","https://github.com/CaetanoGenete/Project-Neon"
"Dense Structure","https://github.com/CainKernel/CainCamera"
"Dense Structure","https://github.com/Caioege/BazarPapelariaNota10"
"Dense Structure","https://github.com/Cairol/android_frameworks_opt_net_wifi"
"Dense Structure","https://github.com/CakeWalker1337/Clock-Knock"
"Dense Structure","https://github.com/Calabar-FTC/FTC-2020"
"Dense Structure","https://github.com/CalebFenton/simplify"
"Dense Structure","https://github.com/CalebGitBritannia/calebcompass"
"Dense Structure","https://github.com/CalerZ/wfm-manager-vue_v3.0"
"Dense Structure","https://github.com/Calfur/BeaconWars"
"Dense Structure","https://github.com/Callmypavel/AirDropest"
"Dense Structure","https://github.com/Callum7034/CalEcoTools"
"Dense Structure","https://github.com/Calve-GH/journals"
"Dense Structure","https://github.com/CamelCoders/CamelOtel"
"Dense Structure","https://github.com/CameronBarnes/MediaDB"
"Dense Structure","https://github.com/CamiloCastro/dNSHAEA"
"Dense Structure","https://github.com/CamperGit/YantarniyChatBot"
"Dense Structure","https://github.com/Campus-Consult/schulungsportal"
"Dense Structure","https://github.com/Camran1234/ORL2-Proyect1"
"Dense Structure","https://github.com/Cangol/Cangol-appcore"
"Dense Structure","https://github.com/Capaal/JasMud"
"Dense Structure","https://github.com/Caphyon/clang-power-tools"
"Dense Structure","https://github.com/Capsar/Rapture"
"Dense Structure","https://github.com/Capstone-FoodDeuk/FoodDeuk-Server"
"Dense Structure","https://github.com/CaptainSpam/geohashdroid"
"Dense Structure","https://github.com/Car-eye-team/Car-eye-device"
"Dense Structure","https://github.com/CarGuo/GSYVideoPlayer"
"Dense Structure","https://github.com/Cardshifter/Cardshifter"
"Dense Structure","https://github.com/Caribbean-Online-Judge/COJ-Mobile-Old"
"Dense Structure","https://github.com/Caribbean-Online-Judge/COJ-Web-Old"
"Dense Structure","https://github.com/Carinaemerim/petlandia"
"Dense Structure","https://github.com/Carl517/HurryR"
"Dense Structure","https://github.com/CarloMercuri/FileJump_Desktop"
"Dense Structure","https://github.com/CarlosDanielPerez/StoreCode"
"Dense Structure","https://github.com/CarlosDias-amcom/Importacao-AMCOM"
"Dense Structure","https://github.com/CarrC2021/Lab7"
"Dense Structure","https://github.com/CaryNIE/CapsulePro2"
"Dense Structure","https://github.com/Cassiobsk8/Industrial_Renewal"
"Dense Structure","https://github.com/Cassy343/RegionProtection"
"Dense Structure","https://github.com/Caster/growing-glyphs"
"Dense Structure","https://github.com/CatCoderr/CustomBans"
"Dense Structure","https://github.com/Catappult/appcoins-sdk"
"Dense Structure","https://github.com/CatsAreGood1337/LegacyClient-1.2.5-src"
"Dense Structure","https://github.com/CatsAreGood1337/ZeroTwo-src"
"Dense Structure","https://github.com/Cavcode/WOD_NWN"
"Dense Structure","https://github.com/CefNet/CefNet.DevTools.Protocol"
"Dense Structure","https://github.com/CelestiaTheDryad/HexMap"
"Dense Structure","https://github.com/Celicath/CopycatMod"
"Dense Structure","https://github.com/Celicath/GathererMod"
"Dense Structure","https://github.com/Celisuis/CustomizeItExtended"
"Dense Structure","https://github.com/Central-MakeUs/Polaris_Server"
"Dense Structure","https://github.com/CentralAZ/Rock-CentralAZ"
"Dense Structure","https://github.com/CertixNetwork/WorldEdit"
"Dense Structure","https://github.com/CesiumOS/external_airbnb-lottie"
"Dense Structure","https://github.com/CesiumOS/packages_apps_DeskClock"
"Dense Structure","https://github.com/Cevelop/linticator"
"Dense Structure","https://github.com/ChadEstoupStreiff/Omega"
"Dense Structure","https://github.com/ChadTheSecondEthan/FractalZoom"
"Dense Structure","https://github.com/Chain0714/yichao"
"Dense Structure","https://github.com/Chaitanya-Darapaneni/mr-services"
"Dense Structure","https://github.com/Chakrapani-Reddy/hvartttj"
"Dense Structure","https://github.com/Chakrapani-Reddy/kjtaertyuj"
"Dense Structure","https://github.com/Chamberlain91/Superfluid"
"Dense Structure","https://github.com/ChangDaddy/KitPvP"
"Dense Structure","https://github.com/Changer098/ChristmasPi"
"Dense Structure","https://github.com/ChanghwanK/tu_software_BookManagementApp"
"Dense Structure","https://github.com/Chapelin/CrawlerMono"
"Dense Structure","https://github.com/ChargeProduction/AcrylicKeyboard"
"Dense Structure","https://github.com/Charithds/chord-client"
"Dense Structure","https://github.com/Charles314E/dnd5e_connection_simulator"
"Dense Structure","https://github.com/Charles314E/interpreter"
"Dense Structure","https://github.com/Charles314E/java_roguelike"
"Dense Structure","https://github.com/Charles445/SimpleDifficulty"
"Dense Structure","https://github.com/CharlesMing/beilu-android-open-project"
"Dense Structure","https://github.com/CharlieFaceButt/ors"
"Dense Structure","https://github.com/Charlyssde/CREDISYS_CODE"
"Dense Structure","https://github.com/ChaseManseth/BicepBuddy"
"Dense Structure","https://github.com/Chen-Zehao/ShareNote"
"Dense Structure","https://github.com/ChenDudo/BlueToothPowerManage"
"Dense Structure","https://github.com/ChenRaymond/IAC_GCS_APK_delv"
"Dense Structure","https://github.com/ChenXingYuChina/EasyDesignApplication"
"Dense Structure","https://github.com/ChenXu178/workAssistant"
"Dense Structure","https://github.com/Cheng7758/FuBaihui"
"Dense Structure","https://github.com/ChengYingOpenSource/wucaishi"
"Dense Structure","https://github.com/Chess-Variants-Training/Chess-Variants-Training"
"Dense Structure","https://github.com/CheyenneC-ontechu/csci2020u_TeamAwesome"
"Dense Structure","https://github.com/Chimco26/opAp"
"Dense Structure","https://github.com/China2B2T/FrostCord"
"Dense Structure","https://github.com/ChinaBBC/happydevelop"
"Dense Structure","https://github.com/ChinnapaY/Netflix_Ribbon"
"Dense Structure","https://github.com/ChinnapaY/Netflix_Zuul"
"Dense Structure","https://github.com/ChiruMori/key3"
"Dense Structure","https://github.com/ChocoCLv/JavaLearn"
"Dense Structure","https://github.com/ChompChompDead/Teddyware-Client"
"Dense Structure","https://github.com/ChorbaDev/RevueOnLine"
"Dense Structure","https://github.com/Chraebe/PIQNIC"
"Dense Structure","https://github.com/Chraebe/PPBFs"
"Dense Structure","https://github.com/Chraebe/SPF.Server"
"Dense Structure","https://github.com/Chris-GW/Sports-Booking-Sniper"
"Dense Structure","https://github.com/ChrisQbit/AppBluethootBeaconDeteccion"
"Dense Structure","https://github.com/ChrisRM/material-theme-jetbrains"
"Dense Structure","https://github.com/Chrisper96/FinalApi"
"Dense Structure","https://github.com/Christian2019/IA_T1"
"Dense Structure","https://github.com/ChristopheJacquet/RdsSurveyor"
"Dense Structure","https://github.com/ChristopherGittner/OSMBugs"
"Dense Structure","https://github.com/ChroMage/ChroMage"
"Dense Structure","https://github.com/Chroax/Chronicles"
"Dense Structure","https://github.com/Chronopolis-Digital-Preservation/bridge-intake"
"Dense Structure","https://github.com/ChuhanZhou/App_project_Week_Recipe"
"Dense Structure","https://github.com/Chumbanotz/MutantBeasts"
"Dense Structure","https://github.com/CiJiao/HuaiOJ"
"Dense Structure","https://github.com/Cineca/JDynA"
"Dense Structure","https://github.com/Cite-Balkoura/BungeeEvent"
"Dense Structure","https://github.com/Cite-Balkoura/RaidToDragon"
"Dense Structure","https://github.com/Cite-Balkoura/TheJourney-Game"
"Dense Structure","https://github.com/Cjsah/cpp-fabric"
"Dense Structure","https://github.com/Ckathode/archimedes-ships"
"Dense Structure","https://github.com/Cl0ck21/Crow-Force-FTC-Programming-2021"
"Dense Structure","https://github.com/Clancey/SimpleSwaggerGenerator"
"Dense Structure","https://github.com/Clarifai/clarifai-api-java"
"Dense Structure","https://github.com/ClawHub/tomcat-9.0.12"
"Dense Structure","https://github.com/Claytoo/archisect-online-engine"
"Dense Structure","https://github.com/Clayun/coi-realm"
"Dense Structure","https://github.com/ClearVolume/clearvolume"
"Dense Structure","https://github.com/ClementGre/TntGun-V3.3"
"Dense Structure","https://github.com/CloneTrooper1019/Roblox-File-Format"
"Dense Structure","https://github.com/CloudSlang/cloud-slang"
"Dense Structure","https://github.com/CloudSlang/score"
"Dense Structure","https://github.com/CloudmindsUS/FaceSign"
"Dense Structure","https://github.com/Cloudslab/FogBus"
"Dense Structure","https://github.com/Cloudslab/cloudsim"
"Dense Structure","https://github.com/ClubObsidian/BuycraftBedrock"
"Dense Structure","https://github.com/ClubObsidian/VelocityAntiVPN"
"Dense Structure","https://github.com/ClubieDong/EducationalManagementSystem"
"Dense Structure","https://github.com/ClusterCop/cluster-android-user"
"Dense Structure","https://github.com/Clxy2/code"
"Dense Structure","https://github.com/Cmacu/Pulse.Backend"
"Dense Structure","https://github.com/Cmdpro/CmdsRoles"
"Dense Structure","https://github.com/CoalMineSoftware/jStately"
"Dense Structure","https://github.com/CodeAround/FluentBatch"
"Dense Structure","https://github.com/CodeBanker000/Cellar"
"Dense Structure","https://github.com/CodeGus88/LlajtaComida"
"Dense Structure","https://github.com/CodeHubApp/CodeHub"
"Dense Structure","https://github.com/CodeHunterOfficial/Lab10_MyChartApplication"
"Dense Structure","https://github.com/CodePpoi/java8-classfile-tutorial-master"
"Dense Structure","https://github.com/CodePrometheus/Starry-RPC"
"Dense Structure","https://github.com/CodeRehearsers/PaintProgram"
"Dense Structure","https://github.com/CodearoundHub/Codearound.FluentBatch"
"Dense Structure","https://github.com/CodecoolGlobal/codecool-shop-1-java-prothy"
"Dense Structure","https://github.com/CodecoolGlobal/codecool-shop-2-java-MarkonLehel"
"Dense Structure","https://github.com/CodecoolGlobal/dungeon-crawl-1-java-janoscsomos"
"Dense Structure","https://github.com/CodecoolGlobal/dungeon-crawl-2-java-LordBrutal"
"Dense Structure","https://github.com/CodecoolGlobal/dungeon-crawl-2-java-cscodez"
"Dense Structure","https://github.com/CodecoolGlobal/dungeon-crawl-2-java-szirakibalint"
"Dense Structure","https://github.com/CoderNoOne/Football-manager-and-Bet-web-games"
"Dense Structure","https://github.com/Codetoil/LitLaunch-Source"
"Dense Structure","https://github.com/Codisimus/PhatLoots"
"Dense Structure","https://github.com/CoffeeCatRailway/beyond"
"Dense Structure","https://github.com/ColeBennett/archon-hq"
"Dense Structure","https://github.com/ColinParrott/Shared-Memory-Parallel-Programming-Tutor"
"Dense Structure","https://github.com/Collabify/Collabify_App"
"Dense Structure","https://github.com/Coloryr/HeartAgeUtils"
"Dense Structure","https://github.com/Coloryr/NsisoLauncher"
"Dense Structure","https://github.com/Colt-Enigma/platform_frameworks_support"
"Dense Structure","https://github.com/Comcast/Priority-Operation-Processing"
"Dense Structure","https://github.com/CompNet/M1proj_NovelNet"
"Dense Structure","https://github.com/CompleteMetricSpace/SymbolicMath"
"Dense Structure","https://github.com/Complexible/pellet"
"Dense Structure","https://github.com/ComponentClock/Additional-Features-Android-Kabisapp-"
"Dense Structure","https://github.com/ComputerMaster1st/Railgun"
"Dense Structure","https://github.com/Con-OBrien/Games4MobileDevices"
"Dense Structure","https://github.com/ConanODoyle/dungeon-generator-v2"
"Dense Structure","https://github.com/Concordia-Campus-Guide/Concordia-Campus-Guide"
"Dense Structure","https://github.com/ConnerPearce/GameCatalogueApp"
"Dense Structure","https://github.com/ConnerV42/wifi-direct-android-communication"
"Dense Structure","https://github.com/Connor-Walden/dragon-engine"
"Dense Structure","https://github.com/ConnorStew/Space-2D-Shooter"
"Dense Structure","https://github.com/Consheng/zcws"
"Dense Structure","https://github.com/ConsideredHamster/YetAnotherPixelDungeon"
"Dense Structure","https://github.com/Consolefire/jdbc-json-extension"
"Dense Structure","https://github.com/CoolLord22/OtherDrops1.13"
"Dense Structure","https://github.com/Cooltimmetje/Skuddbot"
"Dense Structure","https://github.com/Corona-Studio/ProjBobcat"
"Dense Structure","https://github.com/Corosauce/CoroUtil"
"Dense Structure","https://github.com/CortesJoan/Meowfy"
"Dense Structure","https://github.com/CottonMC/CottonRPG"
"Dense Structure","https://github.com/Counter-Entropy-Server/Server--Counter-Entropy-"
"Dense Structure","https://github.com/Countgandi/TwistedDimensions"
"Dense Structure","https://github.com/CptgodKi/3bgogiShereOpera"
"Dense Structure","https://github.com/Crady35200/apache-dubbo-incubating-2.6.4-source-release"
"Dense Structure","https://github.com/CraftTweaker/ZenScript"
"Dense Structure","https://github.com/Craftizz/mBank"
"Dense Structure","https://github.com/Creadude/SystemWars"
"Dense Structure","https://github.com/CreeperHost/modpacklauncher"
"Dense Structure","https://github.com/Creeperface01/Residence"
"Dense Structure","https://github.com/Crepuscular-s-AOSP-WorkGroup/vendor_qcom_opensource_packages_apps_Bluetooth"
"Dense Structure","https://github.com/Crhystian27/Strat-Risk-1"
"Dense Structure","https://github.com/CristhianCd/CarpetCrystal"
"Dense Structure","https://github.com/Crome696/ScriptSDK"
"Dense Structure","https://github.com/CropStudio/AndroidKPB"
"Dense Structure","https://github.com/CrownHuang/jcef_for_abc_2375"
"Dense Structure","https://github.com/CruGlobal/util"
"Dense Structure","https://github.com/Cryptic-Mushroom/Planet-Bound"
"Dense Structure","https://github.com/CrystalOS-Project/tools_apksig"
"Dense Structure","https://github.com/Crzyrndm/FilterExtension"
"Dense Structure","https://github.com/Csabence92/ElodiszpoKezelo"
"Dense Structure","https://github.com/CumHax/AllahWare"
"Dense Structure","https://github.com/CumulusMC/Art-of-Alchemy"
"Dense Structure","https://github.com/CurrenJ/beanblocks"
"Dense Structure","https://github.com/Curtis1509/fire-olympics"
"Dense Structure","https://github.com/CutesMouse/Minecraft-TowerDefense"
"Dense Structure","https://github.com/Cutiemango/MangoQuest"
"Dense Structure","https://github.com/Cutyno/car-report"
"Dense Structure","https://github.com/CyanKoton/longan-forge-gradle"
"Dense Structure","https://github.com/CyanSkyw/SringbootL"
"Dense Structure","https://github.com/CyanideL/packages_apps_Contacts"
"Dense Structure","https://github.com/CyanogenMod/android_external_whispersystems_libaxolotl-android"
"Dense Structure","https://github.com/CyberShepard/SocialCore"
"Dense Structure","https://github.com/CyberTrustProject/Intelligent-Intrusion-Response-System"
"Dense Structure","https://github.com/CyberWho/SIMS_grupaAMNP"
"Dense Structure","https://github.com/Cyberdog52/torenta"
"Dense Structure","https://github.com/Cyecize/SimpleWarehouse"
"Dense Structure","https://github.com/Cyklan/brackeys-jam-2020-2"
"Dense Structure","https://github.com/CypherOS/packages_apps_Luna"
"Dense Structure","https://github.com/Cyrus-Vance/Magic-Conch"
"Dense Structure","https://github.com/D3l0ry/Wolf-Hack"
"Dense Structure","https://github.com/DA2Botnet/DA2-Public-Code"
"Dense Structure","https://github.com/DAINTINESS-Group/PlutarchParallelLives"
"Dense Structure","https://github.com/DANS-KNAW/dccd-lib"
"Dense Structure","https://github.com/DBGarrison/HomeControl"
"Dense Structure","https://github.com/DC37/Super-Mario-Paint"
"Dense Structure","https://github.com/DEFRA/trade-phes"
"Dense Structure","https://github.com/DESAROLLO-TECLO/sai-build-660"
"Dense Structure","https://github.com/DEX-Company/starfish-java"
"Dense Structure","https://github.com/DFKI/leechcrawler"
"Dense Structure","https://github.com/DHIS2/dhis2-android-datacapture"
"Dense Structure","https://github.com/DIDSR/iMRMC"
"Dense Structure","https://github.com/DInuwan97/CourseApp"
"Dense Structure","https://github.com/DLukin911/restaurant_voting"
"Dense Structure","https://github.com/DM-be/HotelBooking-agent"
"Dense Structure","https://github.com/DMXControl/DMXControl-for-Android"
"Dense Structure","https://github.com/DNAProject/DNA-java-sdk"
"Dense Structure","https://github.com/DNCE-PUMA/ENE"
"Dense Structure","https://github.com/DND-PickMe/pickme-back"
"Dense Structure","https://github.com/DNikitenko/design-patterns"
"Dense Structure","https://github.com/DOIF-Dobby/project-v-backend"
"Dense Structure","https://github.com/DRE2N/FactionsXL"
"Dense Structure","https://github.com/DS-WebSight/websight-package-manager"
"Dense Structure","https://github.com/DSG-UniFE/ramp"
"Dense Structure","https://github.com/DSM-SUBMIT/rms_backend_springboot"
"Dense Structure","https://github.com/DST-Tools/DSTEd-C"
"Dense Structure","https://github.com/DSpace/xoai"
"Dense Structure","https://github.com/DSprtn/GTFO_VR_Plugin"
"Dense Structure","https://github.com/DUTMIL/123"
"Dense Structure","https://github.com/DWCamp/Spellbook"
"Dense Structure","https://github.com/DYasser/2D-Tile-game"
"Dense Structure","https://github.com/DYasser/Dodge_Java"
"Dense Structure","https://github.com/DaRealTurtyWurty/TurtyBot-New"
"Dense Structure","https://github.com/DaeLliux99/ProyectoDSI"
"Dense Structure","https://github.com/DaeguIT-MinSuKim/yi_java3st_1team"
"Dense Structure","https://github.com/DaeguIT-MinSuKim/yi_java3st_2team"
"Dense Structure","https://github.com/Daellhin/HoGent-TicketingDesktopApp"
"Dense Structure","https://github.com/Daemon-OS/platform_packages_apps_DocumentsUI"
"Dense Structure","https://github.com/Daemon-OS/platform_packages_apps_Snap"
"Dense Structure","https://github.com/DaemonUmbra/Nordic-Arcanum"
"Dense Structure","https://github.com/DaffaNaufalRachmat123/mohammadrizqymaulana-gmail.com"
"Dense Structure","https://github.com/Daggie1/bamburi"
"Dense Structure","https://github.com/Dai-Ngu-Studio/SWP391-LMSU"
"Dense Structure","https://github.com/DainWs/2DAM_Granada_Contributions"
"Dense Structure","https://github.com/DainWs/2DAM_Survive_all_you_can"
"Dense Structure","https://github.com/DamianCoventry/LunarGravity"
"Dense Structure","https://github.com/DaminiJadhav/ramumunimji"
"Dense Structure","https://github.com/Damirka1/GetWave"
"Dense Structure","https://github.com/DamosRand/taller4-LabSW"
"Dense Structure","https://github.com/DanAndMaryDreamSquad/dangine"
"Dense Structure","https://github.com/Dana-Mst/Codecool-shop"
"Dense Structure","https://github.com/Dani-Scopely/Asgard"
"Dense Structure","https://github.com/DanielAsadi/DanTraderBot"
"Dense Structure","https://github.com/DanielCIstrate/codecool-shop"
"Dense Structure","https://github.com/DanielDob/Gym-Assistant"
"Dense Structure","https://github.com/DanielDubonDR/IPC1_Proyecto1_201901772"
"Dense Structure","https://github.com/DanielMartinsAlves/B2G"
"Dense Structure","https://github.com/DanielMy777/Evolutionary-Time-Table"
"Dense Structure","https://github.com/DanielOHagan/lwjgl-engine"
"Dense Structure","https://github.com/DanielTheFirst/FreeMoO"
"Dense Structure","https://github.com/DanielVargasG/TestSonarQS2"
"Dense Structure","https://github.com/DanielVitas/10Cent"
"Dense Structure","https://github.com/Danilll01/TDA367-OO-Projekt"
"Dense Structure","https://github.com/Danimhn/Zurvival"
"Dense Structure","https://github.com/Daniyalzakir321/ERP"
"Dense Structure","https://github.com/DannyG98/MyMS"
"Dense Structure","https://github.com/DannyNev-dev/chips-challenge"
"Dense Structure","https://github.com/DanteAndroid/TimePill"
"Dense Structure","https://github.com/DanyBregeon/Boulder-Dash-3-en-1"
"Dense Structure","https://github.com/DarkBlade12/ItemSlotMachine"
"Dense Structure","https://github.com/DarkBullNull/Madness.NET"
"Dense Structure","https://github.com/DarkHighness/MIT-6.830"
"Dense Structure","https://github.com/DarkholmeTenk/Darkcore"
"Dense Structure","https://github.com/Darkxell/DungeonExplorer"
"Dense Structure","https://github.com/Darkxell/PMDMMO"
"Dense Structure","https://github.com/Darkyenus/glsl4idea"
"Dense Structure","https://github.com/DatNV2910/DPA-Architecture"
"Dense Structure","https://github.com/Data-to-Insight-Center/sead-vivo"
"Dense Structure","https://github.com/DataJuggler/RandomShuffler"
"Dense Structure","https://github.com/Database-Project-2021/experiments"
"Dense Structure","https://github.com/Datamation-systems/RNDSFA"
"Dense Structure","https://github.com/DaveAnt/LandlordsPro"
"Dense Structure","https://github.com/David-Akobiya/BlogApp"
"Dense Structure","https://github.com/David-Akobiya/LinkAppRepo"
"Dense Structure","https://github.com/David-Marsh/MG"
"Dense Structure","https://github.com/DavidGoerig/ZuulFXSol"
"Dense Structure","https://github.com/DavidJCosby/PlanetSimulator"
"Dense Structure","https://github.com/DavidML16/AParkour"
"Dense Structure","https://github.com/DavidML16/ProyectoDAM"
"Dense Structure","https://github.com/DavidMeda/Game-Ugos-Adventures"
"Dense Structure","https://github.com/DavidMeda/Sistemi-Distribuiti-Simulatore_Stradale_adEventi_Distribuito"
"Dense Structure","https://github.com/DavidNS/test-builder"
"Dense Structure","https://github.com/DavidRufai/wiki-android"
"Dense Structure","https://github.com/DavidTraina/Distributed-Key-Value-Database"
"Dense Structure","https://github.com/DavideDavanzo/ingswAM2021-Davanzo-DelGaizo-deStefano"
"Dense Structure","https://github.com/DavideDeVita/HoldClose"
"Dense Structure","https://github.com/DavideGioiosa/ing-sw-2018-franzini-giannetti-gioiosa"
"Dense Structure","https://github.com/Davipb/GreatTextAdventures"
"Dense Structure","https://github.com/Davoleo/TestMod"
"Dense Structure","https://github.com/Dayook/bitLibrary"
"Dense Structure","https://github.com/DayorNight/BLCS"
"Dense Structure","https://github.com/DaytekRS/LibraryClient"
"Dense Structure","https://github.com/DbMaintain/dbmaintain"
"Dense Structure","https://github.com/Dbrijwasi1994/PackingModule_Rexroth"
"Dense Structure","https://github.com/Ddd1101/CXShop_Mall"
"Dense Structure","https://github.com/DeMaCS-UNICAL/Angry-HEX"
"Dense Structure","https://github.com/DeOldSax/iliasDownloaderTool"
"Dense Structure","https://github.com/DeRealMorgan/JumpingGame"
"Dense Structure","https://github.com/Dead-Soul/enhanced-phpjoern"
"Dense Structure","https://github.com/Decimation/SmartImage"
"Dense Structure","https://github.com/DeepAnandVaidya/DeepAnandVaidya-DeepAnandVaidya-INFO5100-assignment-5-DeepAnandVaidya"
"Dense Structure","https://github.com/DeepSeeBee/cb_orm"
"Dense Structure","https://github.com/DeepseaPlatform/coastal"
"Dense Structure","https://github.com/Deingun/midterm-project-banking-system"
"Dense Structure","https://github.com/DenAbr/ChatGuard"
"Dense Structure","https://github.com/Deneyr/PokeU"
"Dense Structure","https://github.com/DenisAndrieiew/PetStoreProject"
"Dense Structure","https://github.com/DenisDorokhov/pony"
"Dense Structure","https://github.com/DenisHerrera/DevOps"
"Dense Structure","https://github.com/DennD/cloud_storage"
"Dense Structure","https://github.com/Deodathus/MoneyCount"
"Dense Structure","https://github.com/DeprecatedLuke/fireflyx"
"Dense Structure","https://github.com/DerKanzler/haushaltsbuch"
"Dense Structure","https://github.com/Derlados/Fast_Slingpuck"
"Dense Structure","https://github.com/Derovi/GodsVsHeroes"
"Dense Structure","https://github.com/DerpLab/platform_packages_apps_WallpaperPicker2"
"Dense Structure","https://github.com/Descafeiinado/HeavenCommon"
"Dense Structure","https://github.com/DestinyofYeet/VoiceRecordingBot"
"Dense Structure","https://github.com/DestroyedClone/TF2SoldierSurvivor"
"Dense Structure","https://github.com/DevBorisElkin/CustomPhysics"
"Dense Structure","https://github.com/DevMello/Futurexisaskid"
"Dense Structure","https://github.com/DevOnTheRocks/SkyClaims"
"Dense Structure","https://github.com/DevPranavSharma/stopwatch-react-native"
"Dense Structure","https://github.com/DevPrice/TextAdventure"
"Dense Structure","https://github.com/DevTeaFy/CardGame_3.0"
"Dense Structure","https://github.com/DevelopWb/ghsHome"
"Dense Structure","https://github.com/DevelopWb/ghsPm"
"Dense Structure","https://github.com/Devendra2411/MyProjBackend"
"Dense Structure","https://github.com/Devon1337/NightFallRPG"
"Dense Structure","https://github.com/Devteamvietnam/digital"
"Dense Structure","https://github.com/Devteamvietnam/iTap"
"Dense Structure","https://github.com/DevvyDont/Minestrike"
"Dense Structure","https://github.com/DevyanshRajput/Student-Managemnet-System"
"Dense Structure","https://github.com/Dewandrew/Newenderio"
"Dense Structure","https://github.com/Dexaben/asteroidProjectManager"
"Dense Structure","https://github.com/Dhananjay92/XMPP-Chat"
"Dense Structure","https://github.com/Dharaaa/admition"
"Dense Structure","https://github.com/DhirajWakade/smartocity_0.2"
"Dense Structure","https://github.com/DhruvilSavliya/Food-CPG-Management"
"Dense Structure","https://github.com/Diablini/DJ-Game"
"Dense Structure","https://github.com/Diegou2304/production-system-netcore"
"Dense Structure","https://github.com/DigitalCreationAb/dc-cli"
"Dense Structure","https://github.com/DillonHemphill/RaceRider3d"
"Dense Structure","https://github.com/DilrabaLemon/wanganqi-git"
"Dense Structure","https://github.com/DimensionDev/LatinIME"
"Dense Structure","https://github.com/DimitrisLask/camunda-batch"
"Dense Structure","https://github.com/Dincer48/MovieDK"
"Dense Structure","https://github.com/DingoYoo/db"
"Dense Structure","https://github.com/Diogo-Correa/trab-poo"
"Dense Structure","https://github.com/DistantEye/HappeningsDotNetC"
"Dense Structure","https://github.com/DisyInformationssysteme/JAI_core"
"Dense Structure","https://github.com/Divested-Mobile/Libretra"
"Dense Structure","https://github.com/DjangoReinhard/JCNCScreen"
"Dense Structure","https://github.com/DjangoVG/InpresHomeFerries"
"Dense Structure","https://github.com/DjordjeMandic/LeagueFPSBoost"
"Dense Structure","https://github.com/DmitryBelenov/WilliamsBadDay_The_Game"
"Dense Structure","https://github.com/DmitryMI/TileEngineSfml"
"Dense Structure","https://github.com/DmytroHavryliak96/Neurocom"
"Dense Structure","https://github.com/Doanchelsea/Dagger2"
"Dense Structure","https://github.com/Doc671/MarbleBot"
"Dense Structure","https://github.com/DoctorWiggles/HelperTools"
"Dense Structure","https://github.com/Document-Archiver/com.sophisticatedapps.archiving.document-archiver"
"Dense Structure","https://github.com/DogFoot-MJU/Insurance-System-App"
"Dense Structure","https://github.com/Dogoso/RPG-FICHA-DINAMICA"
"Dense Structure","https://github.com/Doikki/DKVideoPlayer"
"Dense Structure","https://github.com/DomiRusz24/PluginCore"
"Dense Structure","https://github.com/Domiiniik/AaronLegacy"
"Dense Structure","https://github.com/Domineerxzx/TakeOutFood"
"Dense Structure","https://github.com/Dominicentek/CaveExploration"
"Dense Structure","https://github.com/Dominik93/Zoologiczny"
"Dense Structure","https://github.com/DominikB2014/OpenCameraRefined"
"Dense Structure","https://github.com/Domo42/saga-lib"
"Dense Structure","https://github.com/DomonX/JavaGameEngine"
"Dense Structure","https://github.com/Don-TheDev/Antiyoy-Class-Project"
"Dense Structure","https://github.com/Don-Zhao/colt"
"Dense Structure","https://github.com/DongHaowen/TopNews"
"Dense Structure","https://github.com/DontOpenYellowGun/FBReader_AS-master"
"Dense Structure","https://github.com/DontOpenYellowGun/NovelReader-master"
"Dense Structure","https://github.com/Doom306/Userphone"
"Dense Structure","https://github.com/DorCarmi94/Supermarket-System"
"Dense Structure","https://github.com/Doreen1012/SE_191220113_lab3"
"Dense Structure","https://github.com/DosMike/Ore-Get"
"Dense Structure","https://github.com/DotOS/android_packages_apps_DocumentsUI"
"Dense Structure","https://github.com/DotSpatial/NetTopologySuite"
"Dense Structure","https://github.com/DoublePoint/no1"
"Dense Structure","https://github.com/DouglasBellew/Aware_Client_WWBP_TTRU_Merge"
"Dense Structure","https://github.com/DovSnier/DataEngine"
"Dense Structure","https://github.com/DovSnier/cacheKit"
"Dense Structure","https://github.com/Dove-Bren/NostrumAetheria"
"Dense Structure","https://github.com/Dove-Bren/NostrumFairies"
"Dense Structure","https://github.com/Dovydove/GodGameTranslation"
"Dense Structure","https://github.com/Downstream/bsuapi"
"Dense Structure","https://github.com/Dp-Android-2018/MeshiniSp"
"Dense Structure","https://github.com/DrCorchit/wrath-of-the-abyss"
"Dense Structure","https://github.com/DrN3MESiS/java-raytracing-engine"
"Dense Structure","https://github.com/DrOreo002/ChestShopLimiterPremium"
"Dense Structure","https://github.com/DrOreo002/OreoCore"
"Dense Structure","https://github.com/DrPierlu/cl-api-client-java"
"Dense Structure","https://github.com/DrSmugleaf/Mafia.NET"
"Dense Structure","https://github.com/DrTTom/CardLogic"
"Dense Structure","https://github.com/DrWolf-OSS/force"
"Dense Structure","https://github.com/DrZhark/mocreaturesdev"
"Dense Structure","https://github.com/DraSonDS/COOLMANAGER"
"Dense Structure","https://github.com/DraganJankovic997/DesignPatternsProject"
"Dense Structure","https://github.com/DragonBoom/LHCF"
"Dense Structure","https://github.com/DragonGodSUN/Chronicler"
"Dense Structure","https://github.com/DragonTotem/AndroidUsbCamera"
"Dense Structure","https://github.com/DragonTotem/BindingSample"
"Dense Structure","https://github.com/Dragonflares/GDD_T_REX"
"Dense Structure","https://github.com/DraimCiDo/DraimMenu"
"Dense Structure","https://github.com/DraimCiDo/DraimShop"
"Dense Structure","https://github.com/Drakmyth/Manufactory"
"Dense Structure","https://github.com/Drakovek/DVK-Archive"
"Dense Structure","https://github.com/DraqueT/PolyGlotLinearA"
"Dense Structure","https://github.com/Draym/DragonBallArena"
"Dense Structure","https://github.com/Draym/JumppyJumper"
"Dense Structure","https://github.com/Draym/SpaceDodger"
"Dense Structure","https://github.com/Draym/SpriteBodyEditor"
"Dense Structure","https://github.com/DreamCity-Develop-Group/dream-city"
"Dense Structure","https://github.com/DreamExposure/StarTapped-Backend"
"Dense Structure","https://github.com/Dreamie-TMC/TetrisJE"
"Dense Structure","https://github.com/Dreamroute/mybatis-dev"
"Dense Structure","https://github.com/DreamsForSchools/appinventor-sources"
"Dense Structure","https://github.com/Dreamtowards/Outskirts_OpenEditon"
"Dense Structure","https://github.com/DreawsWalles/asp.net-core-Auction"
"Dense Structure","https://github.com/DriftyDev/CLEAN_Kami5-1.8-BUILDABLE_SRC"
"Dense Structure","https://github.com/DrkMatr1984/MMOHorses"
"Dense Structure","https://github.com/DroidPlanner/DroneKit-Android"
"Dense Structure","https://github.com/DroidPlanner/Tower"
"Dense Structure","https://github.com/DroidPluginTeam/DroidPlugin"
"Dense Structure","https://github.com/Drona-Org/SOTERonROS"
"Dense Structure","https://github.com/Drumber/RemoteLight"
"Dense Structure","https://github.com/Druzil01/PoEHelper"
"Dense Structure","https://github.com/Dseym/ArenaStream"
"Dense Structure","https://github.com/Dtomdx/Programas"
"Dense Structure","https://github.com/DudnikDev/Cerberus"
"Dense Structure","https://github.com/DuduTamano/ZG-Beauty-and-Hair--Manager"
"Dense Structure","https://github.com/Dunkmania101/SplendidPendants"
"Dense Structure","https://github.com/Duonglxph12508/duAn1"
"Dense Structure","https://github.com/DurianSUN/Music-Player-for-Android"
"Dense Structure","https://github.com/DvirAsaf/Ass7-Arkanoid-game"
"Dense Structure","https://github.com/Dwight-Studio/DSEngine"
"Dense Structure","https://github.com/Dx18/GeoBattle"
"Dense Structure","https://github.com/Dyc-Architect/unidbg-study"
"Dense Structure","https://github.com/Dylan20XX/Epilogue"
"Dense Structure","https://github.com/DylanRamsook/Delphix.NETSDK"
"Dense Structure","https://github.com/DyncKathline/EasySocket"
"Dense Structure","https://github.com/Dyy22/bxg-bot"
"Dense Structure","https://github.com/DzmitryKravchuk/bikesharing"
"Dense Structure","https://github.com/EA677698/Super_Mario_Bros_3_java"
"Dense Structure","https://github.com/ECE493-Group5/adjustable-audio"
"Dense Structure","https://github.com/EHRI/ehri-rest"
"Dense Structure","https://github.com/EKC-Projects/data_check_stable"
"Dense Structure","https://github.com/EN-IH-WDPT-JUN21/MaraFdez_Midterm_BankingSystem"
"Dense Structure","https://github.com/EN-IH-WDPT-JUN21/UrszulaF_Midterm"
"Dense Structure","https://github.com/ENERGY1234/ENERGY1234"
"Dense Structure","https://github.com/ERICKJORICK94/DEPC-ICE"
"Dense Structure","https://github.com/EXIficient/exificient-core"
"Dense Structure","https://github.com/Eadgyth/Programming-Editor"
"Dense Structure","https://github.com/Earthcomputer/ShittyMinecraftSuggestions"
"Dense Structure","https://github.com/EarthlyJugg/yn_yjj"
"Dense Structure","https://github.com/EastSunrise/tools-java"
"Dense Structure","https://github.com/EasternSauce/GamePrototype"
"Dense Structure","https://github.com/EasyKayzey/CASprzak"
"Dense Structure","https://github.com/EasyThe/ThothBotCore"
"Dense Structure","https://github.com/EatWorlds/KouTWeb"
"Dense Structure","https://github.com/Ecconia/OpenTUNG"
"Dense Structure","https://github.com/Ecdar/Ecdar-GUI"
"Dense Structure","https://github.com/Eckename/INF3121"
"Dense Structure","https://github.com/Ecoleaf1/open-komodo"
"Dense Structure","https://github.com/Ecwid/consul-api"
"Dense Structure","https://github.com/Edddduardo/PracticeMVP"
"Dense Structure","https://github.com/EddieOrmseth/GradientBuilder"
"Dense Structure","https://github.com/Edeqa/Waytous"
"Dense Structure","https://github.com/Edmonton-Public-Library/Metro"
"Dense Structure","https://github.com/Edodums/OOP20-petrangola"
"Dense Structure","https://github.com/EdrowsLuo/EdlGameFramework"
"Dense Structure","https://github.com/Edsuns/ThankSend"
"Dense Structure","https://github.com/EduardoGimeno/Inteligencia-Artificial"
"Dense Structure","https://github.com/EdwardRaff/JSAT"
"Dense Structure","https://github.com/EdwinCDones/fad-master"
"Dense Structure","https://github.com/EdwinHeuver/MinecraftPlugin"
"Dense Structure","https://github.com/Eeshwar-Krishnan/RedesignedRobotcode"
"Dense Structure","https://github.com/EfficaciousIT/ArohanSchoolAndroidApp"
"Dense Structure","https://github.com/EfficaciousIT/ESmartDemo"
"Dense Structure","https://github.com/EfficaciousIT/GurukulAarti"
"Dense Structure","https://github.com/Effyiex/Hacker-Karl"
"Dense Structure","https://github.com/Egor1712/DiamondRush"
"Dense Structure","https://github.com/EgorKulikov/idea-chelper"
"Dense Structure","https://github.com/EgyFalseX-EESoft-WinForm/RetirementCenter"
"Dense Structure","https://github.com/EgyFalseX-EESoft-WinForm/StudentAffairs"
"Dense Structure","https://github.com/EhWhoAmI/Conquer-Space"
"Dense Structure","https://github.com/EinsamHauer/disthene"
"Dense Structure","https://github.com/EinzbernY/MyBrowser"
"Dense Structure","https://github.com/Eire0101/jxc"
"Dense Structure","https://github.com/Ekryd/sortpom"
"Dense Structure","https://github.com/Ekylate/chessgame"
"Dense Structure","https://github.com/El3men219/Tienda"
"Dense Structure","https://github.com/Elbehery/MySimpleDB"
"Dense Structure","https://github.com/ElderDrivers/EdXposed"
"Dense Structure","https://github.com/Elderly-Care-Platform/ECP-Server-Backend"
"Dense Structure","https://github.com/Elderly-Care-Platform/by_local"
"Dense Structure","https://github.com/Elders/Proteus"
"Dense Structure","https://github.com/EleC0TroN/EndRebornII"
"Dense Structure","https://github.com/Elec332/KMA-Planner"
"Dense Structure","https://github.com/ElenaiDev/Elenai-Movement"
"Dense Structure","https://github.com/Eleven-Z/CloudCrypto"
"Dense Structure","https://github.com/Elevenasus/luodademo"
"Dense Structure","https://github.com/Eleyeen/Android-tbCustomer-EA"
"Dense Structure","https://github.com/EliassJaime/TP1"
"Dense Structure","https://github.com/Ellpeck/ActuallyAdditions"
"Dense Structure","https://github.com/Elola27/SI2"
"Dense Structure","https://github.com/ElshiatyTube/Nuri-Toplar-Online-Shopping-Single-Vendor"
"Dense Structure","https://github.com/EltonCN/MC322-Projeto"
"Dense Structure","https://github.com/EmaRomano/progettoCinema"
"Dense Structure","https://github.com/EmanueleCiriachi/NohBoardBranch"
"Dense Structure","https://github.com/EmaroLab/armor"
"Dense Structure","https://github.com/EmbedGroup/ABACUS"
"Dense Structure","https://github.com/Emmanuel-Spring/springboot-multimodulo-perriarcado"
"Dense Structure","https://github.com/Emmettippi/tatami-be"
"Dense Structure","https://github.com/Emondroid-GitHub/FBui"
"Dense Structure","https://github.com/Emondroid-GitHub/FireUI2"
"Dense Structure","https://github.com/Empty-Charles/1"
"Dense Structure","https://github.com/EmreDogann/MARS"
"Dense Structure","https://github.com/Emzi0767/Discord-Music-Turret-Bot"
"Dense Structure","https://github.com/EnPassantCoolMove/EnPassantIsCoolMove"
"Dense Structure","https://github.com/EnderiumSmith/CharcoalPit2"
"Dense Structure","https://github.com/Endertainment/QuartzDefenders"
"Dense Structure","https://github.com/EnesSastim/iMage"
"Dense Structure","https://github.com/EngAAlex/MultiDynNos"
"Dense Structure","https://github.com/Engin1980/J-ATC-Simulator"
"Dense Structure","https://github.com/EngineersBox/YAJGE"
"Dense Structure","https://github.com/EnriqueParis/EB2CppRepo"
"Dense Structure","https://github.com/Enta12/SpaceShop"
"Dense Structure","https://github.com/EpicBanItemTeam/NewHonor"
"Dense Structure","https://github.com/EplanumGames/PTCG_Randomizer"
"Dense Structure","https://github.com/ErayTuncer/Monopoly"
"Dense Structure","https://github.com/ErblinIsaku/EvolutionaryComputation-assisted-performance-testing"
"Dense Structure","https://github.com/Eregrith/WoA"
"Dense Structure","https://github.com/EricLeeSanders/last-defenders"
"Dense Structure","https://github.com/Erick194/DoomBuilderPSX"
"Dense Structure","https://github.com/ErikDeveloperNot/Passvault"
"Dense Structure","https://github.com/Erika05/DesafioAPI"
"Dense Structure","https://github.com/ErisRolo/FreeFood"
"Dense Structure","https://github.com/ErnestFistozz/prest-code-metrics-tool"
"Dense Structure","https://github.com/ErnestRoca/wipoker"
"Dense Structure","https://github.com/Erosagape/ShadowMonster"
"Dense Structure","https://github.com/Erwerner/gen"
"Dense Structure","https://github.com/EsfingeFramework/ClassMock"
"Dense Structure","https://github.com/Esi1984/Morteza-zadeh-GatePass-Project"
"Dense Structure","https://github.com/EsmaeeilMoradi/auroradroid"
"Dense Structure","https://github.com/EspressifApp/EspBLEMeshForAndroid"
"Dense Structure","https://github.com/Esteemed-Innovation/Esteemed-Innovation"
"Dense Structure","https://github.com/EstiNet/gFeaturesBungee"
"Dense Structure","https://github.com/EtchUK/Etch.OrchardCore.UserProfiles"
"Dense Structure","https://github.com/Ethan264/yes"
"Dense Structure","https://github.com/EttouibiaSalma/EdgeCloudSim"
"Dense Structure","https://github.com/EudyContreras/Snake-FX"
"Dense Structure","https://github.com/Eugene-Korenevsky/abw"
"Dense Structure","https://github.com/Eule01/BasicGame"
"Dense Structure","https://github.com/Eunjnnn/Youtube-Downloader"
"Dense Structure","https://github.com/EuphoriaFF/FCCA"
"Dense Structure","https://github.com/EusebiuTimofte/MDS"
"Dense Structure","https://github.com/EvMemo/APP_005B"
"Dense Structure","https://github.com/EvaCharon/MIT6.830"
"Dense Structure","https://github.com/EvanDavidYoung/DjangoFormGenerator"
"Dense Structure","https://github.com/Evangeline05/CameraView-master"
"Dense Structure","https://github.com/EvelinaPillai/cfh_projectbrowser-portlet"
"Dense Structure","https://github.com/Event0511/LilacTests"
"Dense Structure","https://github.com/EventStore/EventStore"
"Dense Structure","https://github.com/EverestAPI/CelesteCollabUtils2"
"Dense Structure","https://github.com/EverlastingHopeX/K-9-Modularization"
"Dense Structure","https://github.com/Evervolv/android_packages_inputmethods_LatinIME"
"Dense Structure","https://github.com/Evervolv/android_vendor_qcom_opensource_packages_apps_Bluetooth"
"Dense Structure","https://github.com/Evolutionary-Algorithms/Symbiotic-MuGA"
"Dense Structure","https://github.com/Evolveum/gizmo-v3"
"Dense Structure","https://github.com/Evsteam/FoodDeliveryRestaurent"
"Dense Structure","https://github.com/Evycc/evy-business"
"Dense Structure","https://github.com/Exatio/AeryaCraft"
"Dense Structure","https://github.com/Excarto/Aether"
"Dense Structure","https://github.com/ExiledRedSoul/SapperSoul"
"Dense Structure","https://github.com/Exmortem/MagitekRoutine"
"Dense Structure","https://github.com/Exo2986/ProjectAres"
"Dense Structure","https://github.com/Exokem/OpenPriority"
"Dense Structure","https://github.com/Ext1se/JustWeather"
"Dense Structure","https://github.com/Extollite/HungerGames"
"Dense Structure","https://github.com/Extonic-Games/RogueGame2"
"Dense Structure","https://github.com/Extonic-Games/RogueGameServer"
"Dense Structure","https://github.com/ExtraMeteorP/ExtraBotany1.16.5"
"Dense Structure","https://github.com/ExtraMeteorP/MeteorRandomIdea"
"Dense Structure","https://github.com/F-AOSP/platform_frameworks_opt_net_wifi"
"Dense Structure","https://github.com/F12-Syntex/BlazeEconomy"
"Dense Structure","https://github.com/F12-Syntex/CombatPets"
"Dense Structure","https://github.com/F12-Syntex/SeniorCrates"
"Dense Structure","https://github.com/F12-Syntex/ShopKeepersUi"
"Dense Structure","https://github.com/F12-Syntex/candorEconomy"
"Dense Structure","https://github.com/F1uctus/Axion"
"Dense Structure","https://github.com/FAForever/gw-backend"
"Dense Structure","https://github.com/FAIRit/be-someday-i-will"
"Dense Structure","https://github.com/FAIRit/be-tasks"
"Dense Structure","https://github.com/FCulig/StudentiProfesoriGUI"
"Dense Structure","https://github.com/FFN16/TCI-GroupAssignment"
"Dense Structure","https://github.com/FHOOEAIST/Machinelearning"
"Dense Structure","https://github.com/FINTLabs/fint-sikri-arkiv-adapter"
"Dense Structure","https://github.com/FIRST-4030/FTC-2019"
"Dense Structure","https://github.com/FISCO-BCOS/web3sdk"
"Dense Structure","https://github.com/FL111/SpringBoot-"
"Dense Structure","https://github.com/FLambertD/RoToFight"
"Dense Structure","https://github.com/FPCRAFT/FPCraft"
"Dense Structure","https://github.com/FPT-FitMe/fitme-backend"
"Dense Structure","https://github.com/FSIce1/Venta-Bebidas-Alcoholicas"
"Dense Structure","https://github.com/FShah26/5408DataWarehousing_Project"
"Dense Structure","https://github.com/FT-Fetters/MultiViewFileManagementSystem"
"Dense Structure","https://github.com/FTBTeam/FTB-Achievements"
"Dense Structure","https://github.com/FabianToro1/https-github.com-luisgoncalves-xades4j"
"Dense Structure","https://github.com/FabioDePalma/CatERing"
"Dense Structure","https://github.com/Fabric-Cursed-Minicraft/Minicraft"
"Dense Structure","https://github.com/FacelessLord/Cat"
"Dense Structure","https://github.com/Faceunity/FUALiShortVideoDroid"
"Dense Structure","https://github.com/Faceunity/FUEaseIMDemoDroid"
"Dense Structure","https://github.com/Faceunity/FUNIMInteractLiveDemoDroid"
"Dense Structure","https://github.com/Faceunity/FUNimDemoDroid"
"Dense Structure","https://github.com/Faceunity/FUSealTalkDemoDroid"
"Dense Structure","https://github.com/FactoryRally/game-controller"
"Dense Structure","https://github.com/Fadhali/projek-jiat"
"Dense Structure","https://github.com/Fahrezaramadhani/QayimMasjid"
"Dense Structure","https://github.com/Failender/dgo-rest"
"Dense Structure","https://github.com/FaintCloudy/AdvantageBedwars"
"Dense Structure","https://github.com/FaisalThreestops/threestops-android-driver"
"Dense Structure","https://github.com/FalgunMakadia/project-adv-software-development"
"Dense Structure","https://github.com/FalsePattern/NewChromaBeam"
"Dense Structure","https://github.com/Famaqq/NewRongSys"
"Dense Structure","https://github.com/FangY2019/Earthquake_risk_assessment"
"Dense Structure","https://github.com/FantasybabyChange/yule_workspace"
"Dense Structure","https://github.com/Fantosy1337/GrozaClient-SRC"
"Dense Structure","https://github.com/Faraz9877/Master_Tank"
"Dense Structure","https://github.com/FarmCoder007/NewScrollReader"
"Dense Structure","https://github.com/FarmerChillax/saltedfishcloud-backend"
"Dense Structure","https://github.com/FasTestFramework/jmeter-core"
"Dense Structure","https://github.com/Faseway/GameLibrary"
"Dense Structure","https://github.com/FasterXML/jackson-databind"
"Dense Structure","https://github.com/FatihBAKIR/Quark"
"Dense Structure","https://github.com/FatturaElettronica/FatturaElettronica.NET"
"Dense Structure","https://github.com/FatturaElettronicaPA/FatturaElettronicaPA"
"Dense Structure","https://github.com/Fatuity/brick-breaker"
"Dense Structure","https://github.com/FauxFaux/despotify"
"Dense Structure","https://github.com/Fayelu1225usa/digital-market"
"Dense Structure","https://github.com/FazziCLAY/OpenWidgets"
"Dense Structure","https://github.com/FedeAram95/Tienda-apirest"
"Dense Structure","https://github.com/FedeRico93odsicnodin/Tool-Importazione-Leghe"
"Dense Structure","https://github.com/FedericoPecora/meta-csp-framework"
"Dense Structure","https://github.com/FelixBaensch/MORTAR"
"Dense Structure","https://github.com/FelixHub/IS1220Project"
"Dense Structure","https://github.com/FelixSchoen/ParlorPlace"
"Dense Structure","https://github.com/FellowshipOfTheGame/comic-sans"
"Dense Structure","https://github.com/FenikkusuKoneko/RiasBot"
"Dense Structure","https://github.com/Fernando-De-Santiago/godeye"
"Dense Structure","https://github.com/Ferret840/Personal_RTS"
"Dense Structure","https://github.com/Ferrone84/FerroneSlave"
"Dense Structure","https://github.com/Fgfj/FanweLive"
"Dense Structure","https://github.com/File-New-Project/EarTrumpet"
"Dense Structure","https://github.com/FilipAd/CovidJava20"
"Dense Structure","https://github.com/FilipGrepl/AppForParallelDataControl"
"Dense Structure","https://github.com/FilipSekerka/Java2020"
"Dense Structure","https://github.com/FilippoAscani/ShowRoome"
"Dense Structure","https://github.com/Filipsi/ClipboardMachinery"
"Dense Structure","https://github.com/Filipterra/ShopCRUD"
"Dense Structure","https://github.com/FimbelM/SwitchUHCPlugin"
"Dense Structure","https://github.com/Fimikba/LibraryTech_v1"
"Dense Structure","https://github.com/Final-Project-appVoice/Application"
"Dense Structure","https://github.com/Final-Project-kh7/final-project-kh7"
"Dense Structure","https://github.com/FinalProjectSDF2021/Final-Project-Struktur-Data"
"Dense Structure","https://github.com/Findorgri/blynk-server-0.41.14"
"Dense Structure","https://github.com/Finkman7/affidavit"
"Dense Structure","https://github.com/FiratShahverdiyev/hr-portal-v1"
"Dense Structure","https://github.com/First8/mastersofjava"
"Dense Structure","https://github.com/Fish-In-A-Suit/Neuron_V1"
"Dense Structure","https://github.com/Fitpolo/FitpoloDemo_H707-H709_Android"
"Dense Structure","https://github.com/Five-Fishes/Club-Management-Spring-Server"
"Dense Structure","https://github.com/FjutAcmer/FjutOjApiSys"
"Dense Structure","https://github.com/FlaUI/FlaUI"
"Dense Structure","https://github.com/Flaac/BattleShip"
"Dense Structure","https://github.com/Flare-Client/Flare-Client"
"Dense Structure","https://github.com/Flaxbeard/ImmersivePetroleum"
"Dense Structure","https://github.com/Flemmli97/FateUBW"
"Dense Structure","https://github.com/FlexOS/packages_apps_Settings"
"Dense Structure","https://github.com/Floobits/floobits-intellij"
"Dense Structure","https://github.com/Florian-Cormee/RobotAspirateur"
"Dense Structure","https://github.com/Flow/engine"
"Dense Structure","https://github.com/FluxpointDev/MultiRPC"
"Dense Structure","https://github.com/FlyingJackLee/DuelystGame"
"Dense Structure","https://github.com/FlyingPumba/etg-mate"
"Dense Structure","https://github.com/Flytre/Mechanix"
"Dense Structure","https://github.com/FocaEnterprises/FocaWorld"
"Dense Structure","https://github.com/Fordclifford/mcsk-java"
"Dense Structure","https://github.com/Fordclifford/mifos-1.2"
"Dense Structure","https://github.com/ForellenDompteur/emotion-chat-keyb"
"Dense Structure","https://github.com/ForestryMC/Binnie"
"Dense Structure","https://github.com/Forevertxp/QuanjingAPP"
"Dense Structure","https://github.com/ForgottenWorld/EasyRanking"
"Dense Structure","https://github.com/ForgottenWorld/FWFortress"
"Dense Structure","https://github.com/ForgottenWorld/FWRiv"
"Dense Structure","https://github.com/ForixM/skyblockMod"
"Dense Structure","https://github.com/Formerscholar/my-ruoyi-api-default"
"Dense Structure","https://github.com/FoxShadew/Regulus-Java"
"Dense Structure","https://github.com/FrBernad/Candy-Crush"
"Dense Structure","https://github.com/Fraktalia/DungeonCrawlGame"
"Dense Structure","https://github.com/Fran314/tWMP"
"Dense Structure","https://github.com/Franbajo/StellarDefender"
"Dense Structure","https://github.com/FrancescoPasceri31/Hospital-Software-App"
"Dense Structure","https://github.com/Francisco-G-Montero/ChattingAppCourse"
"Dense Structure","https://github.com/Franckyi/Emerald"
"Dense Structure","https://github.com/FrankYFHsu/theonesimulator"
"Dense Structure","https://github.com/FraunhoferIVI/jCrowdSimulator"
"Dense Structure","https://github.com/FredieJackson/GalaxySavior"
"Dense Structure","https://github.com/FreeLancerProjects/Agricultural_Stock_Exchange"
"Dense Structure","https://github.com/FreeLancerProjects/ChooseMe"
"Dense Structure","https://github.com/FreeLancerProjects/EBranch"
"Dense Structure","https://github.com/FreeLancerProjects/E_BranchDriver"
"Dense Structure","https://github.com/FreeLancerProjects/Ghair"
"Dense Structure","https://github.com/FreeLancerProjects/Mrsool"
"Dense Structure","https://github.com/FreeLancerProjects/Roses"
"Dense Structure","https://github.com/FreeLancerProjects/Shellcom"
"Dense Structure","https://github.com/FreeLancerProjects/SunFun"
"Dense Structure","https://github.com/Freeuni-Lekva/final-project-machinarium"
"Dense Structure","https://github.com/Freeuni-Lekva/final-project-quizwebsite"
"Dense Structure","https://github.com/Freeyourgadget/Gadgetbridge"
"Dense Structure","https://github.com/Freshivoje/Freshivoje"
"Dense Structure","https://github.com/Freshwlnd/MicroserviceExtraction"
"Dense Structure","https://github.com/FresoloneMarco/ANDROID-IS"
"Dense Structure","https://github.com/Friendly0Fire/flos"
"Dense Structure","https://github.com/FrostByteGER/ZEngine"
"Dense Structure","https://github.com/Fsnete7/jobag_backend"
"Dense Structure","https://github.com/Fureniku/Fureniku-s-Economy"
"Dense Structure","https://github.com/Fureniku/Furenikus-Roads"
"Dense Structure","https://github.com/FurmigaHumana/FSkyShield"
"Dense Structure","https://github.com/Fusselwurm/Arma3Sync"
"Dense Structure","https://github.com/Futterwhacken/EvilCorp"
"Dense Structure","https://github.com/FutuerAlliance/wallet-master"
"Dense Structure","https://github.com/FuzWig/RatsModUpdate"
"Dense Structure","https://github.com/Fylax/Apache-Commons-Math3-C-"
"Dense Structure","https://github.com/FyreByrns/SpaceshipGame2"
"Dense Structure","https://github.com/FyreByrns/foa"
"Dense Structure","https://github.com/G3G4X5X6/tvnjviewer"
"Dense Structure","https://github.com/GAIGResearch/GVGAI"
"Dense Structure","https://github.com/GAIGResearch/Tribes"
"Dense Structure","https://github.com/GAIGResearch/java-pommerman"
"Dense Structure","https://github.com/GC-spigot/battle-pass"
"Dense Structure","https://github.com/GCC-Minecraft-Team/sps-mc-link-spigot"
"Dense Structure","https://github.com/GGDevelopers/SchulinfoAPP"
"Dense Structure","https://github.com/GJordao12/ISEP-LAPR4"
"Dense Structure","https://github.com/GKeC11/FlipMusicPlayer"
"Dense Structure","https://github.com/GLaDOS-Michigan/Aegean"
"Dense Structure","https://github.com/GMatrixGames/Lava-LTT"
"Dense Structure","https://github.com/GPC-debug/QingAPP"
"Dense Structure","https://github.com/GRAM-DSM/GRAMO-Backend-SpringBoot"
"Dense Structure","https://github.com/GSEA-MSigDB/msigdb-xml-browser"
"Dense Structure","https://github.com/GSTNIndia/HBase-To-Hive"
"Dense Structure","https://github.com/GSteinberg/VirLab"
"Dense Structure","https://github.com/GTNewHorizons/GalacticGregGT5"
"Dense Structure","https://github.com/GTSoftware/GTRetail"
"Dense Structure","https://github.com/GYLwei/webqimo"
"Dense Structure","https://github.com/Gab314/PopularMovies"
"Dense Structure","https://github.com/Gabe2P/ProjectLancealot-Prototype"
"Dense Structure","https://github.com/Gabrielito24021996/ImplemetacionStoyMap"
"Dense Structure","https://github.com/Gagan290Akounto/Akounto_staging_code"
"Dense Structure","https://github.com/GalacticChimp/RogueSurvivorRezombified"
"Dense Structure","https://github.com/Galilel-Project/galilelj"
"Dense Structure","https://github.com/Galla1980/Traduccion-strings-"
"Dense Structure","https://github.com/GambuzX/Ascii-Raider"
"Dense Structure","https://github.com/GameModsBR/VoiceChat"
"Dense Structure","https://github.com/Gameefan/GConsole"
"Dense Structure","https://github.com/Gamer2k4/crush-super-deluxe"
"Dense Structure","https://github.com/Gamikuya/aiot"
"Dense Structure","https://github.com/GammaNo0b/Cookies"
"Dense Structure","https://github.com/Gamu-Gusto/INF-370-Team-23"
"Dense Structure","https://github.com/Gandalf1783/JRPG"
"Dense Structure","https://github.com/Gandalf1783/JRPGGameServer"
"Dense Structure","https://github.com/GansaleZz/lab.epam"
"Dense Structure","https://github.com/GaoGian/DragonCompilerDemo"
"Dense Structure","https://github.com/GaoXiaoduo/gxd-table"
"Dense Structure","https://github.com/Gaojinchao/credit_report"
"Dense Structure","https://github.com/GarimaSChoudhary/Choudhary_Garima_002104897"
"Dense Structure","https://github.com/GarimaSChoudhary/FoodDelivery-Management-System"
"Dense Structure","https://github.com/GarrettNixSoft/TileMinerGame"
"Dense Structure","https://github.com/GatesMa/Kafka"
"Dense Structure","https://github.com/Gautam-Lab/cell-3d-modeling"
"Dense Structure","https://github.com/Gav06/Moonlight"
"Dense Structure","https://github.com/GavinH1984/urule"
"Dense Structure","https://github.com/GawdScape/GawdScapeLauncher"
"Dense Structure","https://github.com/GazarovVlad/TheGame"
"Dense Structure","https://github.com/Gear61/Food-Diary"
"Dense Structure","https://github.com/Gee-aitcH/Mindustry-But-With-Nuke-Alert-Mod"
"Dense Structure","https://github.com/GeertBellekens/vienna-add-in-BE"
"Dense Structure","https://github.com/Gemuesebau/GSEHEN"
"Dense Structure","https://github.com/GenAdapt/GenAdapt"
"Dense Structure","https://github.com/GenRubio/boombang-2009-emulator"
"Dense Structure","https://github.com/GenZVirus/Cursed-Blade-1.16.4"
"Dense Structure","https://github.com/Gentten/code-generator"
"Dense Structure","https://github.com/Geoffreychou/tech_debt"
"Dense Structure","https://github.com/GeoffroyK/GLP-RPG"
"Dense Structure","https://github.com/GeoinfoBonn/travel-time-maps"
"Dense Structure","https://github.com/George0099s/Emika"
"Dense Structure","https://github.com/GeorgeCrownZ/study-shiro-master"
"Dense Structure","https://github.com/GeorgeET15/G-Share"
"Dense Structure","https://github.com/GeorgeTsakiridis/CircuitSimulator"
"Dense Structure","https://github.com/GeorgiTerziev02/Chess-Game"
"Dense Structure","https://github.com/Gerard24PI/stock_dpoo"
"Dense Structure","https://github.com/Gericom/Derailer"
"Dense Structure","https://github.com/GerritCodeReview/gwtjsonrpc"
"Dense Structure","https://github.com/GerryFudd/finite-group-generator"
"Dense Structure","https://github.com/Get-Siempo/siempo-android-launcher"
"Dense Structure","https://github.com/GetSI-Sby/get-otto"
"Dense Structure","https://github.com/GetSI-Sby/get-si"
"Dense Structure","https://github.com/GetSI-Sby/getotodriver"
"Dense Structure","https://github.com/Gezi-lzq/QQ_lzq"
"Dense Structure","https://github.com/Ghost546/ProjectKFUDemo"
"Dense Structure","https://github.com/GhostPack/Seatbelt"
"Dense Structure","https://github.com/Ghozkiu/MineFectedUtil"
"Dense Structure","https://github.com/GiDRaPiTaRdA/TanksWPF"
"Dense Structure","https://github.com/GianlucaRadi/ing_sw_2021_Radi_Sanchini_De_Sabbata"
"Dense Structure","https://github.com/Gianlucca-Buzo/CloudSimPlus_Escalonamento"
"Dense Structure","https://github.com/Gianluis99/ProgettoSoftwareGestionale"
"Dense Structure","https://github.com/Gianniii/BikeGame"
"Dense Structure","https://github.com/GiantCui/BigGame"
"Dense Structure","https://github.com/GiantLuigi4/dynamic-weapons"
"Dense Structure","https://github.com/GiantPandaProgrammer/ReadMusic"
"Dense Structure","https://github.com/GiantSweetroll/My-Family-Ledger"
"Dense Structure","https://github.com/Gianxs/DiscoTranslatorFinalCut"
"Dense Structure","https://github.com/GigaFyde/lavaplayer-custom"
"Dense Structure","https://github.com/Gikabu/AuroraStore"
"Dense Structure","https://github.com/GikuMironica/ExploreHub"
"Dense Structure","https://github.com/Gilandel/calc"
"Dense Structure","https://github.com/Gilthanas122/questionformgenerator"
"Dense Structure","https://github.com/GinoCubeddu/NanoEngine"
"Dense Structure","https://github.com/GiosueOrefice/Project_Prog3_Monopoly"
"Dense Structure","https://github.com/GiovTemp/CalendarFxModelli"
"Dense Structure","https://github.com/Girish027/assist-selfserve-be"
"Dense Structure","https://github.com/GitFogux/lift_simulation"
"Dense Structure","https://github.com/GitSorcerer/Typora"
"Dense Structure","https://github.com/GiuseppeMarchesani/ing-sw-2021-franze-garlini-marchesani"
"Dense Structure","https://github.com/Glacier759/EarthquakeMonitor"
"Dense Structure","https://github.com/Glassification/Concierge"
"Dense Structure","https://github.com/GliderWinchItems/javaMeters"
"Dense Structure","https://github.com/Go-oG/TextureMusic"
"Dense Structure","https://github.com/GoDL1ghT/MinigameAPI"
"Dense Structure","https://github.com/GoDieBawb/Bicharo"
"Dense Structure","https://github.com/Goattyie/PlatfotmDataBase"
"Dense Structure","https://github.com/Goblin-Academy/miner"
"Dense Structure","https://github.com/GodDragoner/TeaseAIJava"
"Dense Structure","https://github.com/Godson777/KekBot"
"Dense Structure","https://github.com/GoingTo-ByPascal/SI653-AW-API"
"Dense Structure","https://github.com/GokhanAkbaba/MVPOrnek"
"Dense Structure","https://github.com/GoldF15h/KMTIL"
"Dense Structure","https://github.com/Gomddu/teamproject_bit"
"Dense Structure","https://github.com/Gongoliers/Robot2020"
"Dense Structure","https://github.com/GoogleContainerTools/jib"
"Dense Structure","https://github.com/GooseDimkin/CardGame"
"Dense Structure","https://github.com/GorgeousOne/TangledMaze"
"Dense Structure","https://github.com/Gowdham88/ImageSharingApp_Android"
"Dense Structure","https://github.com/GoySak25/My_Projects"
"Dense Structure","https://github.com/GppCalcagno/SoftEng-Project"
"Dense Structure","https://github.com/Grac3T/Apex-Source-Code"
"Dense Structure","https://github.com/Grac3T/Artemis-0.2-Source-Code"
"Dense Structure","https://github.com/Grac3T/Cerberus-1.2.1-Source-Code"
"Dense Structure","https://github.com/Grac3T/Overflow-2.1-Source-Code"
"Dense Structure","https://github.com/Grade0/LR_Project-WORTH"
"Dense Structure","https://github.com/GrainRainA/multiple_map_android"
"Dense Structure","https://github.com/GrandeSamarone/NerdZoneNovo"
"Dense Structure","https://github.com/GraphChi/graphchi-java"
"Dense Structure","https://github.com/GraxCode/Cafebabe"
"Dense Structure","https://github.com/GraxCode/threadtear"
"Dense Structure","https://github.com/GreatSir/map-video"
"Dense Structure","https://github.com/GreenMC/ArenaPvP"
"Dense Structure","https://github.com/GregTechCE/GregTechFE"
"Dense Structure","https://github.com/Gregman-js/walk-to-dead"
"Dense Structure","https://github.com/GregorGT/GastroManagerAndroid"
"Dense Structure","https://github.com/GregorWenzel/VirtualCampaign-Manager"
"Dense Structure","https://github.com/Gregurevic/onlab"
"Dense Structure","https://github.com/GreyArmor/SomeRogueMonogame"
"Dense Structure","https://github.com/Griebia/Objektinis-programu-projektavimas"
"Dense Structure","https://github.com/GriefSyndromeModderTools/GS_PatEditor"
"Dense Structure","https://github.com/GriffinBabe/Game4"
"Dense Structure","https://github.com/GriffinOG/ExplorElimu2"
"Dense Structure","https://github.com/Grimoric/RunUO.T2A"
"Dense Structure","https://github.com/GrizzlyEnglish/project-poena"
"Dense Structure","https://github.com/Grover-c13/PokeGOAPI-Java"
"Dense Structure","https://github.com/GrowthcraftCE/Growthcraft-1.12"
"Dense Structure","https://github.com/Grupo-DDS/GeSoc"
"Dense Structure","https://github.com/Grupo-DELU/DELU-MINECRAFT"
"Dense Structure","https://github.com/GrupoDevschool/devschoolAPI"
"Dense Structure","https://github.com/GrupoSpoc/spochi"
"Dense Structure","https://github.com/GrzegorzFryger/Skrawek-MobileApp"
"Dense Structure","https://github.com/GrzegorzKawalec/pgk"
"Dense Structure","https://github.com/GtYoo/LifeMenu"
"Dense Structure","https://github.com/GuangNian10000/DVMediaSelector-2.1.0"
"Dense Structure","https://github.com/Guciax/Karta-Pracy-SMT-v2"
"Dense Structure","https://github.com/GullyMac/JavaProgramming"
"Dense Structure","https://github.com/Gunyoung-Kim/Touch-My-Body"
"Dense Structure","https://github.com/GuoHaoZai/rookiedb"
"Dense Structure","https://github.com/GurpreetSinghMetho/bash"
"Dense Structure","https://github.com/Gurux/Gurux.DLMS.Android"
"Dense Structure","https://github.com/GustavoVale/merge-conflict-resolution-analysis"
"Dense Structure","https://github.com/GutoVillela/KadoshModas"
"Dense Structure","https://github.com/Gvin/CodeMagic"
"Dense Structure","https://github.com/Gwind1024/LtDPI"
"Dense Structure","https://github.com/H-u-T-ao/XiaoBuDian"
"Dense Structure","https://github.com/H00001/GunNetty-Core"
"Dense Structure","https://github.com/H2-CART/H2-DECISIONTREE"
"Dense Structure","https://github.com/H2020LIGHTest/TrustTranslationAuthority"
"Dense Structure","https://github.com/HCMUSAssignmentWarehouse/JChess"
"Dense Structure","https://github.com/HDXin/advistory-platform"
"Dense Structure","https://github.com/HHS-Team670/2019-Robot"
"Dense Structure","https://github.com/HHS/aspr-gcm"
"Dense Structure","https://github.com/HMS-Core/hms-news-demo"
"Dense Structure","https://github.com/HN67/Jerra"
"Dense Structure","https://github.com/HOANGLAM2952002/Jackal"
"Dense Structure","https://github.com/HOYKJ/Lobotomy-Mod"
"Dense Structure","https://github.com/HR/Picturesque"
"Dense Structure","https://github.com/HSR-WING/HSR-SmartProductsApp"
"Dense Structure","https://github.com/HUGH6/Pandis"
"Dense Structure","https://github.com/HUTOYP/xmlsec-with-self-defined-provider"
"Dense Structure","https://github.com/HUnland/RunPNG"
"Dense Structure","https://github.com/HXX97/EDGQA"
"Dense Structure","https://github.com/HYEYOUNGLIM/Animal"
"Dense Structure","https://github.com/HYTCTony/land"
"Dense Structure","https://github.com/HaarigerHarald/raspicast"
"Dense Structure","https://github.com/Haasini98/Taskana"
"Dense Structure","https://github.com/Haato3o/HunterPie"
"Dense Structure","https://github.com/Habatoo/EducationManagementSystemGUI"
"Dense Structure","https://github.com/HabeebAhmed1234/Networkd"
"Dense Structure","https://github.com/HabeebAhmed1234/Pop"
"Dense Structure","https://github.com/HabibSlim/RoboKode"
"Dense Structure","https://github.com/Habibur7234/Simple_Deals_EcommersApps"
"Dense Structure","https://github.com/HabitatFramework/HLUTool"
"Dense Structure","https://github.com/Hack64/PIS-MyShop"
"Dense Structure","https://github.com/HackusatePvP/Fall"
"Dense Structure","https://github.com/HackusatePvP/Lotus"
"Dense Structure","https://github.com/HaeImAlan/AquaCore"
"Dense Structure","https://github.com/HaiRunTian/TcPipelineInfoApp"
"Dense Structure","https://github.com/Haleydu/Cimoc"
"Dense Structure","https://github.com/HamaIndustries/FEMultiPlayer-V2"
"Dense Structure","https://github.com/HamidRazaGoraya/MealShare"
"Dense Structure","https://github.com/Hamsti/TBotHamsti"
"Dense Structure","https://github.com/Hamza-Jd/LUCMS"
"Dense Structure","https://github.com/HamzaARS2/ListenUpV2"
"Dense Structure","https://github.com/HamzhSuilik/LearningEnglish"
"Dense Structure","https://github.com/HanTH2/WeightManager"
"Dense Structure","https://github.com/Hanium-Cloud/room9-backend"
"Dense Structure","https://github.com/Hankintailmoitukset/hilma-migration"
"Dense Structure","https://github.com/HansCui/cs186-proj-moocbase-startFromProj3"
"Dense Structure","https://github.com/Hanul/s2sp"
"Dense Structure","https://github.com/HaoTianGit/msaCzinstaRepo"
"Dense Structure","https://github.com/HaoYuXi/RedBook"
"Dense Structure","https://github.com/Haotk/javaQuanLyCuaHangGiay-Shoes-"
"Dense Structure","https://github.com/HappyYyh/Job"
"Dense Structure","https://github.com/Hardel-DW/Harion"
"Dense Structure","https://github.com/Hargues/Jacob"
"Dense Structure","https://github.com/Harish894/ProjectTest"
"Dense Structure","https://github.com/Harisrini99/HSMusicPlayer"
"Dense Structure","https://github.com/HarrsiniSekar16/MedSys"
"Dense Structure","https://github.com/Harrytion/mybatis-sc"
"Dense Structure","https://github.com/HarshAProgrammer/ExplorerForReddit"
"Dense Structure","https://github.com/Harun-bubt/TaskeMet"
"Dense Structure","https://github.com/HarvardPL/AbcDatalog"
"Dense Structure","https://github.com/Harvest-Festival/Horticulture"
"Dense Structure","https://github.com/Harvest-Festival/Piscary"
"Dense Structure","https://github.com/Harvest-Festival/Shopaholic"
"Dense Structure","https://github.com/Harvest-Festival/Simply-Seasons"
"Dense Structure","https://github.com/HashanKhan/ShoppingCart_BookStore"
"Dense Structure","https://github.com/HassaanAW/Ferret-App"
"Dense Structure","https://github.com/HassaanAW/Ferret-App-V3.0"
"Dense Structure","https://github.com/HassanTarek1/RescueSimulation"
"Dense Structure","https://github.com/HausemasterIssue/Floppa-Client-SRC"
"Dense Structure","https://github.com/HausemasterIssue/ICEHack-b1-SRC"
"Dense Structure","https://github.com/HausemasterIssue/Kami5-SRC"
"Dense Structure","https://github.com/HausemasterIssue/Nutgod.cc-b1.5-SRC"
"Dense Structure","https://github.com/Havoc-OS/android_packages_apps_SecureElement"
"Dense Structure","https://github.com/Hawkrin/KTH-IV1350-SaleStation"
"Dense Structure","https://github.com/HayBaleClient/HayBale-Source"
"Dense Structure","https://github.com/HayaKus/CloudSimSEC"
"Dense Structure","https://github.com/Hazardu/ChampionsOfForest"
"Dense Structure","https://github.com/HazilTheNut/SourceryText"
"Dense Structure","https://github.com/HeHang0/FileViewer"
"Dense Structure","https://github.com/HeXavi8/Orange-Browser"
"Dense Structure","https://github.com/HealthCatalyst/Fabric.Identity"
"Dense Structure","https://github.com/HearthSim/Hearthstone-Deck-Tracker"
"Dense Structure","https://github.com/HeavenOfHell221/Dukes-Of-The-Realm"
"Dense Structure","https://github.com/Heavencraft/heavencraft"
"Dense Structure","https://github.com/HebePlatform/Hebe-Block"
"Dense Structure","https://github.com/HeffU/ME3Libs"
"Dense Structure","https://github.com/Heknon/Machinery"
"Dense Structure","https://github.com/HelenaChi-Yang/Rampart"
"Dense Structure","https://github.com/HelixNetwork/pendulum"
"Dense Structure","https://github.com/HellAmbro/Quotes"
"Dense Structure","https://github.com/Hellbender11102/Simulationssoftware"
"Dense Structure","https://github.com/Helloes/ES7.6.0"
"Dense Structure","https://github.com/HelpChat/Gary"
"Dense Structure","https://github.com/HelpmeBOTS/chillv3music"
"Dense Structure","https://github.com/HemantGTX950/11thCommandment"
"Dense Structure","https://github.com/HenryHX/netty-custom"
"Dense Structure","https://github.com/HenryNgai/Stratego"
"Dense Structure","https://github.com/HernanCamacho/android-app"
"Dense Structure","https://github.com/HertzDev/BecodingDesktop"
"Dense Structure","https://github.com/Hetfield96/IndieWindy"
"Dense Structure","https://github.com/HexPang/Galaxy-Bit"
"Dense Structure","https://github.com/Hexxonite/mcswbot2"
"Dense Structure","https://github.com/Hiddendoom45/FFBEBot"
"Dense Structure","https://github.com/HideezGroup/win.HideezClient"
"Dense Structure","https://github.com/Hidendra/LWC"
"Dense Structure","https://github.com/HighTekerz/FRC_2018"
"Dense Structure","https://github.com/Higman/JavaGame_2DAction_InfoEnvExpr2"
"Dense Structure","https://github.com/Hikari-no-Tenshi/crdroid_android_vendor_qcom_opensource_packages_apps_Bluetooth"
"Dense Structure","https://github.com/HimaAbousalem/TripOrganizer"
"Dense Structure","https://github.com/HimaJyun/Jecon"
"Dense Structure","https://github.com/Himanshu3101/Assets-Tagging"
"Dense Structure","https://github.com/Himel47/AppLock-AS"
"Dense Structure","https://github.com/Himself12794/powersAPI"
"Dense Structure","https://github.com/Hishan98/POS-System-From-Java"
"Dense Structure","https://github.com/HiskeyCheng/NEW-BBS"
"Dense Structure","https://github.com/Hitonoriol/MadSand"
"Dense Structure","https://github.com/Hitzui/Sondeos"
"Dense Structure","https://github.com/Hive2Hive/Hive2Hive"
"Dense Structure","https://github.com/HoThienTam/CSM"
"Dense Structure","https://github.com/HoangNguyenNCC/trailer2you-android-master-"
"Dense Structure","https://github.com/Hodjung/App"
"Dense Structure","https://github.com/Hokua/repository"
"Dense Structure","https://github.com/Hold-Krykke-BA/DLS"
"Dense Structure","https://github.com/HolyCrazy/DaysWithYou"
"Dense Structure","https://github.com/Homelet/McCannyManagement"
"Dense Structure","https://github.com/HongDongwei/Negotiation"
"Dense Structure","https://github.com/HonzaStefanik/NI-ADP"
"Dense Structure","https://github.com/HoraApps/LeafPic"
"Dense Structure","https://github.com/HorseTrain/SmashLabs"
"Dense Structure","https://github.com/Horstexplorer/Xenia-Backend"
"Dense Structure","https://github.com/Hostile-Entity/Games-Portfolio-2020"
"Dense Structure","https://github.com/HotBitmapGG/bilibili-android-client"
"Dense Structure","https://github.com/HoyosIntegrity/V.ALRT-android"
"Dense Structure","https://github.com/Hrabovszki1023/OKW"
"Dense Structure","https://github.com/HrainAntiCheat/HrainMoveAddition"
"Dense Structure","https://github.com/HridaySarma/TheGrocers"
"Dense Structure","https://github.com/HtetLinMaung/dvrs"
"Dense Structure","https://github.com/HuaZaiWuDi/Timetofit"
"Dense Structure","https://github.com/HuanTanSheng/EasyPhotos"
"Dense Structure","https://github.com/HuangDayu/Almanac"
"Dense Structure","https://github.com/Huangbin1234/RssAIPro"
"Dense Structure","https://github.com/Huangoida/wasteBook"
"Dense Structure","https://github.com/HubSpot/NioImapClient"
"Dense Structure","https://github.com/HughYiXuan/HughGl"
"Dense Structure","https://github.com/HuginRonin/P_DDV_2D"
"Dense Structure","https://github.com/HugoPhibbs/QuizProject"
"Dense Structure","https://github.com/HumanBehaviourChangeProject/Info-extract"
"Dense Structure","https://github.com/HumanBrainProject/kg-query-api"
"Dense Structure","https://github.com/HumanCellAtlas/ingest-core"
"Dense Structure","https://github.com/Huminecraft/HumineChallenge"
"Dense Structure","https://github.com/Huminecraft/HumineShop"
"Dense Structure","https://github.com/HunterShenep/Global-Goals-Game"
"Dense Structure","https://github.com/HunterSun2018/zxing-aar"
"Dense Structure","https://github.com/Hurpani/Roots-Game"
"Dense Structure","https://github.com/Husmeador12/JAutoQueue"
"Dense Structure","https://github.com/Huwng2/ravenbplus-lunarbranch"
"Dense Structure","https://github.com/HuzuniPlus/HuzuniPlus2"
"Dense Structure","https://github.com/Hvozdianchuck/myims"
"Dense Structure","https://github.com/Hybris95/HybrisConquer"
"Dense Structure","https://github.com/HycJack/simple-mybatis"
"Dense Structure","https://github.com/Hygon-Network/VelocityOld"
"Dense Structure","https://github.com/HyperLan-git/HyperGame"
"Dense Structure","https://github.com/HyperViperCoding/StarDust-Client"
"Dense Structure","https://github.com/HyphenateInc/Hyphenate-Demo-Android"
"Dense Structure","https://github.com/Hyrules/WinHue"
"Dense Structure","https://github.com/Hystonix/vyprisons"
"Dense Structure","https://github.com/HytoraCloud/HytoraCloud"
"Dense Structure","https://github.com/HywelXu/AppLocker"
"Dense Structure","https://github.com/I-want-to-knowledge/test-project"
"Dense Structure","https://github.com/IAIK/MPC-Accumulator"
"Dense Structure","https://github.com/IAmNolanPerry/memory-games"
"Dense Structure","https://github.com/IAmProgrammist/OrdersServer"
"Dense Structure","https://github.com/IBogdan4226/MyJavaGame"
"Dense Structure","https://github.com/IDF/DocumentMiner"
"Dense Structure","https://github.com/IDInael/Pengorona"
"Dense Structure","https://github.com/IDOSTUDIOID/2019.10.22_CatProject_Unity_TeamProjectFullCode"
"Dense Structure","https://github.com/IDemiurge/Eidolons"
"Dense Structure","https://github.com/IFuHeng/TestWifi"
"Dense Structure","https://github.com/IHA114/jsql-injection"
"Dense Structure","https://github.com/IHIW/haplObserve"
"Dense Structure","https://github.com/IIMP/jota"
"Dense Structure","https://github.com/IMSGlobal/caliper-java"
"Dense Structure","https://github.com/IMartinMenendez/bankingSystem"
"Dense Structure","https://github.com/INDExOS/media-for-mobile"
"Dense Structure","https://github.com/IRBZTV/Website"
"Dense Structure","https://github.com/IS3102-07/IS3102_Project"
"Dense Structure","https://github.com/ISCAS-PMC/roll-library"
"Dense Structure","https://github.com/ITHelp-Stream/serviceApp"
"Dense Structure","https://github.com/IThraen/Projekt"
"Dense Structure","https://github.com/IamTossan/druid-local"
"Dense Structure","https://github.com/Iamdeveloperking/videoplayer"
"Dense Structure","https://github.com/Iamtallers/Ulitimate-Fitness"
"Dense Structure","https://github.com/IbrahimFahdah/CadPad.Net"
"Dense Structure","https://github.com/IceColdForward/packages_apps_PackageInstaller"
"Dense Structure","https://github.com/IceWreck/LokiBoard-Android-Keylogger"
"Dense Structure","https://github.com/IclipseMangole/IMFactions"
"Dense Structure","https://github.com/IdanMaoz/Facebook-Project"
"Dense Structure","https://github.com/IdealIndustrial/GT5Unofficial"
"Dense Structure","https://github.com/IdleBot-Development/IdleBot"
"Dense Structure","https://github.com/Idutvuker/StarFlow"
"Dense Structure","https://github.com/IgnacioVellido/VGDL-PDDL"
"Dense Structure","https://github.com/IgnacioVellido/VGDL-to-HTN-Parser"
"Dense Structure","https://github.com/Ignacioblanco03/tp-final"
"Dense Structure","https://github.com/IgorKvasn/qsim"
"Dense Structure","https://github.com/Ilareguy/spear-twitter-archive"
"Dense Structure","https://github.com/IllusionLP/platform_packages_apps_Dialer"
"Dense Structure","https://github.com/ImFascinated/McGamerZone"
"Dense Structure","https://github.com/ImTheSquid/CasualCavingGL"
"Dense Structure","https://github.com/ImanGhasemiArani/DigDug-Game"
"Dense Structure","https://github.com/ImandaSyahrul/BLOOD_LABEL_Teaser"
"Dense Structure","https://github.com/ImmortalHalfWu/IdleFishHelperApp"
"Dense Structure","https://github.com/ImmortalHalfWu/ZTProject"
"Dense Structure","https://github.com/Impelon/Disenchanter"
"Dense Structure","https://github.com/ImplementLife/MyStrategy-MVN"
"Dense Structure","https://github.com/ImposterDaniel/rhyme"
"Dense Structure","https://github.com/ImproveOSM/improve-osm-plugin"
"Dense Structure","https://github.com/InGarage/MakerPlayGround"
"Dense Structure","https://github.com/InMobi/pintail"
"Dense Structure","https://github.com/IncroyablePix/FlatEngine"
"Dense Structure","https://github.com/IndikaQAGit/apitestbase"
"Dense Structure","https://github.com/IndyVC/StefanDataMigration"
"Dense Structure","https://github.com/Infercidium/OC-P4_Parkingsystem"
"Dense Structure","https://github.com/Infineon/cysmart-android"
"Dense Structure","https://github.com/InfinityZ25/uhc-project"
"Dense Structure","https://github.com/InhongLee/loop_engine"
"Dense Structure","https://github.com/Inia68/Tenkai"
"Dense Structure","https://github.com/InonBarber/FlightGearSimulator"
"Dense Structure","https://github.com/Inseus/KillAllNeighbors"
"Dense Structure","https://github.com/Institute-Web-Science-and-Technologies/koral"
"Dense Structure","https://github.com/IntegratedQuantum/EnterTheBlack"
"Dense Structure","https://github.com/IntellectualSites/PlotSquared-Legacy"
"Dense Structure","https://github.com/Interactive-Modding/JurassicWorldRebornMod"
"Dense Structure","https://github.com/InteractiveHealthSolutions/endtb-android"
"Dense Structure","https://github.com/InteractiveHealthSolutions/hydra-mobile"
"Dense Structure","https://github.com/InteractiveHealthSolutions/jennerx-web"
"Dense Structure","https://github.com/InteractiveHealthSolutions/korona-screening-mobile"
"Dense Structure","https://github.com/InteractiveHealthSolutions/openmrstjk"
"Dense Structure","https://github.com/InteractiveHealthSolutions/opensrp-anc"
"Dense Structure","https://github.com/InteractiveHealthSolutions/opensrp-crvs"
"Dense Structure","https://github.com/InteractiveHealthSolutions/opensrp-vaccinator"
"Dense Structure","https://github.com/InteractiveHealthSolutions/ponseti"
"Dense Structure","https://github.com/InteractiveHealthSolutions/smstarseel"
"Dense Structure","https://github.com/International-Bar-Association/membersappandroid"
"Dense Structure","https://github.com/Interverse/BatteriesNotIncluded"
"Dense Structure","https://github.com/InvaderZim85/MsSqlToolBelt"
"Dense Structure","https://github.com/InventivetalentDev/AdvancedSlabs"
"Dense Structure","https://github.com/Iqasim94/180021745-FYP-EvolvingVirtualCreatures"
"Dense Structure","https://github.com/Iris-Lan/whattodrink"
"Dense Structure","https://github.com/IronSublimate/SimpleMeme"
"Dense Structure","https://github.com/Irving-plus/com-kefu"
"Dense Structure","https://github.com/Isaac-Zhang/extension-dubbo"
"Dense Structure","https://github.com/Isaac03483/practica1_IPC2"
"Dense Structure","https://github.com/IsaacAirmet600/ProjectRepo"
"Dense Structure","https://github.com/IsakGMagnusson/LegionTD"
"Dense Structure","https://github.com/IsfahanMathHouse/Server"
"Dense Structure","https://github.com/Iskallia/QFM-Traders"
"Dense Structure","https://github.com/Iskallia/Vault-public-S1"
"Dense Structure","https://github.com/IsmAvatar/LateralGM"
"Dense Structure","https://github.com/Israel-ICM/ManejadorArchivos"
"Dense Structure","https://github.com/Issung/SorterExpress"
"Dense Structure","https://github.com/Italo-Castro/ICCHelpDesk"
"Dense Structure","https://github.com/ItsHighNoon1/mirrorgame"
"Dense Structure","https://github.com/ItsK1tty/cinemadisplays-mod"
"Dense Structure","https://github.com/ItsTimeToSnuff/forrest-bot"
"Dense Structure","https://github.com/ItzHafee/empirebotmusic"
"Dense Structure","https://github.com/ItzHafee/musicbot"
"Dense Structure","https://github.com/ItzSomebody/radon"
"Dense Structure","https://github.com/Itzyo/JaRock"
"Dense Structure","https://github.com/IvanCasanova98/UTNGDD-2C2019-FRBAOFERTAS"
"Dense Structure","https://github.com/IvanGutru/MusiCloud_Frontend"
"Dense Structure","https://github.com/IvanMalinovskii/PGIZ_Course_proj"
"Dense Structure","https://github.com/Ivana98/kts-nvt2020"
"Dense Structure","https://github.com/IvoFritsch/codegen-v2"
"Dense Structure","https://github.com/Iwannnn/Iwan_Blog_Plus"
"Dense Structure","https://github.com/IzzelAliz/Kether"
"Dense Structure","https://github.com/JAreyes98/Sistock"
"Dense Structure","https://github.com/JCThePants/Storefront"
"Dense Structure","https://github.com/JChris246/CK-Media-Downloader"
"Dense Structure","https://github.com/JD-Software/JDeSurvey"
"Dense Structure","https://github.com/JDsen99/SMPP4J"
"Dense Structure","https://github.com/JEdwardLH/ftg_rider"
"Dense Structure","https://github.com/JFDionne/mapbox-navigation-android-040"
"Dense Structure","https://github.com/JH0113/Avengers-Project"
"Dense Structure","https://github.com/JHM69/Money_Tracker"
"Dense Structure","https://github.com/JJbrotherdoesjava/JJbrother"
"Dense Structure","https://github.com/JJhuk/Go-up-to-the-Tower"
"Dense Structure","https://github.com/JM-Lab/utils-java11"
"Dense Structure","https://github.com/JMRaichDev/Raven-b3"
"Dense Structure","https://github.com/JMVice/A.D.I.S-Project2"
"Dense Structure","https://github.com/JMatt7/GameC_dungeon"
"Dense Structure","https://github.com/JOHN-ying/LauncherForAndroid"
"Dense Structure","https://github.com/JOSM/pt_assistant"
"Dense Structure","https://github.com/JPVenson/DataAccess"
"Dense Structure","https://github.com/JPaxos/JPaxos"
"Dense Structure","https://github.com/JPaxos/mPaxosSM"
"Dense Structure","https://github.com/JPressProjects/jpress"
"Dense Structure","https://github.com/JQuinteroC/Scrabble"
"Dense Structure","https://github.com/JRamosGarcia/txMemPool"
"Dense Structure","https://github.com/JRoy/happybot"
"Dense Structure","https://github.com/JSQLParser/JSqlParser"
"Dense Structure","https://github.com/JSangYeon/TestWalkieTalkie"
"Dense Structure","https://github.com/JULIELab/jcore-dependencies"
"Dense Structure","https://github.com/Jaahnvi-Hehar/Academic-Projects"
"Dense Structure","https://github.com/Jaakik/Pikala-Game"
"Dense Structure","https://github.com/Jaakik/game-boy-emulator"
"Dense Structure","https://github.com/JaasielGuerra/SimplePuntodeVenta"
"Dense Structure","https://github.com/JackLuJ/bigFlag"
"Dense Structure","https://github.com/JackRaidenPH/DragonSurvival"
"Dense Structure","https://github.com/JackTran110/Semi-Side-Scroller"
"Dense Structure","https://github.com/Jackie-Tran/Dungeon-Game"
"Dense Structure","https://github.com/JacobOaks/wander-mobile"
"Dense Structure","https://github.com/Jaeyo/lanterna"
"Dense Structure","https://github.com/JagadeeshDamarasingu/Pulse-Music_player"
"Dense Structure","https://github.com/JaimeSilver/hcs-zkLedger"
"Dense Structure","https://github.com/Jakii/ARCON-BE"
"Dense Structure","https://github.com/JakovTomasic/Learn-aChord"
"Dense Structure","https://github.com/JalalJanKhan3336/NFCScanner"
"Dense Structure","https://github.com/James-yaoshenglong/NBACardGame"
"Dense Structure","https://github.com/JamesAthrun/knowledge_graph_backend"
"Dense Structure","https://github.com/JamesCao2048/BLIA"
"Dense Structure","https://github.com/JamesJux/GEZ-Rechner"
"Dense Structure","https://github.com/JamesSwinton/Personal-Shopper-Solution"
"Dense Structure","https://github.com/Jamling/QuickAF"
"Dense Structure","https://github.com/JanRunge/CsharpRPG"
"Dense Structure","https://github.com/JanusGraph/janusgraph"
"Dense Structure","https://github.com/JanuszMarek/HomeAutomation"
"Dense Structure","https://github.com/JarHax/Jewelers-Construct"
"Dense Structure","https://github.com/JarrodWardell/StackMob-5-1.12.2"
"Dense Structure","https://github.com/JarryK/syn"
"Dense Structure","https://github.com/Jason-Addison/Auravyx-Java"
"Feature Concentration","/home/rahel/eclipse-modelingws/NEMoCloudRoutePlanSystem/Designite/routedetailsSmellAnalysis/"
"Feature Concentration","NA"
"Feature Concentration","dsafa"
"Feature Concentration","fdslafakl"
"Feature Concentration","https://git.cs.dal.ca/courses/2022-winter/csci-5308/assignments/assignment1/nkothari.git"
"Feature Concentration","https://git.cs.dal.ca/courses/2022-winter/csci-5308/group12"
"Feature Concentration","https://git.cs.dal.ca/courses/2022-winter/csci-5308/group15"
"Feature Concentration","https://git.cs.dal.ca/courses/2022-winter/csci-5308/group16"
"Feature Concentration","https://git.cs.dal.ca/courses/2022-winter/csci-5308/group18"
"Feature Concentration","https://git.cs.dal.ca/courses/2022-winter/csci-5308/group19,https://git.cs.dal.ca/courses/2022-winter/csci-5308/group19"
"Feature Concentration","https://git.cs.dal.ca/courses/2022-winter/csci-5308/group2/parkingpool"
"Feature Concentration","https://git.cs.dal.ca/courses/2022-winter/csci-5308/group20.git"
"Feature Concentration","https://git.cs.dal.ca/courses/2022-winter/csci-5308/group22.git"
"Feature Concentration","https://git.cs.dal.ca/courses/2022-winter/csci-5308/group24"
"Feature Concentration","https://git.cs.dal.ca/courses/2022-winter/csci-5308/group6+"
"Feature Concentration","https://git.cs.dal.ca/courses/2022-winter/csci-5308/group8"
"Feature Concentration","https://git.cs.dal.ca/courses/2022-winter/csci-5308/group9"
"Feature Concentration","https://git.cs.dal.ca/qsyed/csci-5408-w2022-dpg7"
"Feature Concentration","https://github.com/"
"Feature Concentration","https://github.com/0-Vector/leetcode-ex"
"Feature Concentration","https://github.com/0-yy-0/Y-community"
"Feature Concentration","https://github.com/00-Evan/shattered-pixel-dungeon-gdx"
"Feature Concentration","https://github.com/00-matt/moneropool"
"Feature Concentration","https://github.com/0000chris11/Java_Examples"
"Feature Concentration","https://github.com/0000chris11/java-timestamp-sb"
"Feature Concentration","https://github.com/000GEV744/Renting-Project"
"Feature Concentration","https://github.com/000SergeyMayer000/job4j_2"
"Feature Concentration","https://github.com/001db001/OneBudget"
"Feature Concentration","https://github.com/001glory/CISP"
"Feature Concentration","https://github.com/007-Fullstack/POS-system"
"Feature Concentration","https://github.com/007anshul/friendrecommandation"
"Feature Concentration","https://github.com/007atulpandey/Jee_Portal-using-java-eclipse"
"Feature Concentration","https://github.com/007shishir/Android-Master"
"Feature Concentration","https://github.com/007shishir/MBA-Master"
"Feature Concentration","https://github.com/007xiaoyang/shengxian_user"
"Feature Concentration","https://github.com/008AjayRawat/UtilityFrameworkBuilder"
"Feature Concentration","https://github.com/00ZRHun/All-My-Android-Studio-Projects"
"Feature Concentration","https://github.com/00ZRHun/google-map-note"
"Feature Concentration","https://github.com/00p513-dev/SetupWizard-Bliss"
"Feature Concentration","https://github.com/00pf00/rpc"
"Feature Concentration","https://github.com/00pf00/rpc-deviceaccess"
"Feature Concentration","https://github.com/00rj00/OnlineFurnitureStore"
"Feature Concentration","https://github.com/00sajjad98/IranianSupermarket_v1"
"Feature Concentration","https://github.com/00sanoj00/Devil-APK-Signer"
"Feature Concentration","https://github.com/00sanoj00/Enough_movies_app_Android"
"Feature Concentration","https://github.com/00sanoj00/SL_Zip_Signer_V3"
"Feature Concentration","https://github.com/00zwp/Game24"
"Feature Concentration","https://github.com/0100111101001101/Voicify-Android-Apps"
"Feature Concentration","https://github.com/0104lyh/Jx3_Bot"
"Feature Concentration","https://github.com/0104lyh/web-Ex"
"Feature Concentration","https://github.com/010Jay/Adp3Assignment3Group09"
"Feature Concentration","https://github.com/016image/autotestlearnmav"
"Feature Concentration","https://github.com/01brazz/5EI_Group2_PCP"
"Feature Concentration","https://github.com/01org/DualScreen.Net"
"Feature Concentration","https://github.com/02-Hshu/UScan_Control"
"Feature Concentration","https://github.com/0212kr/JavaWork"
"Feature Concentration","https://github.com/0212kr/WSWE"
"Feature Concentration","https://github.com/021Mgk/liferay-portlet-mgk"
"Feature Concentration","https://github.com/021Mgk/portal-7-3-7-ga8"
"Feature Concentration","https://github.com/0226daniel/UniPad-DesignKit"
"Feature Concentration","https://github.com/0226minji/projectFile"
"Feature Concentration","https://github.com/0226minji/projectminji"
"Feature Concentration","https://github.com/0326rj/Advanced-BIM-Editor"
"Feature Concentration","https://github.com/0336328069/ProjectCodeFirstCRUD"
"Feature Concentration","https://github.com/0352972441/ASSServer"
"Feature Concentration","https://github.com/03deb/NEEDIT---The-Social-Network"
"Feature Concentration","https://github.com/03shilpa/July15Automation"
"Feature Concentration","https://github.com/042020-dotnet-uta/Team1-repo2"
"Feature Concentration","https://github.com/042020-dotnet-uta/Team2-repo2"
"Feature Concentration","https://github.com/042020-dotnet-uta/ashleyBracken-repo0"
"Feature Concentration","https://github.com/042020-dotnet-uta/ashleyBracken-repo1"
"Feature Concentration","https://github.com/042020-dotnet-uta/davidSawyer-repo0"
"Feature Concentration","https://github.com/042020-dotnet-uta/jaysonLennon-repo1"
"Feature Concentration","https://github.com/042020-dotnet-uta/johnHeckenliable-repo0"
"Feature Concentration","https://github.com/042020-dotnet-uta/johnHeckenliable-repo1"
"Feature Concentration","https://github.com/042020-dotnet-uta/johnKear-repo1"
"Feature Concentration","https://github.com/042020-dotnet-uta/kenEndo-repo0"
"Feature Concentration","https://github.com/042020-dotnet-uta/kenEndo-repo1"
"Feature Concentration","https://github.com/042020-dotnet-uta/kingsleyOnonachi-repo0"
"Feature Concentration","https://github.com/042020-dotnet-uta/michaelHall-repo0"
"Feature Concentration","https://github.com/042020-dotnet-uta/ryanOxford-repo0"
"Feature Concentration","https://github.com/042020-dotnet-uta/sulavAryal-repo0"
"Feature Concentration","https://github.com/042020-dotnet-uta/sulavAryalPipeLineDemo"
"Feature Concentration","https://github.com/042020-dotnet-uta/team4-repo2"
"Feature Concentration","https://github.com/042020-dotnet-uta/xavierDiaz-repo1"
"Feature Concentration","https://github.com/0421mk/java-servlet-project"
"Feature Concentration","https://github.com/043Tech/Steppenwolf"
"Feature Concentration","https://github.com/04551lh/dvr"
"Feature Concentration","https://github.com/0468386988/ASP.NET-CP-WorkShop"
"Feature Concentration","https://github.com/04sohyun/self1"
"Feature Concentration","https://github.com/0501a/understandjava"
"Feature Concentration","https://github.com/0502j/EasySpeak"
"Feature Concentration","https://github.com/0532/JXLS"
"Feature Concentration","https://github.com/05675/ExamRef70-483"
"Feature Concentration","https://github.com/05675/twAspNet"
"Feature Concentration","https://github.com/05saitejaswi/Cognizant-s-Digital-Nurture-"
"Feature Concentration","https://github.com/06-SEEK/android-hrm"
"Feature Concentration","https://github.com/06012021-dotnet-uta/AlainDuplanP1"
"Feature Concentration","https://github.com/06012021-dotnet-uta/GuillermoDelgadoP0"
"Feature Concentration","https://github.com/06012021-dotnet-uta/P2_MovieTheaterGroup"
"Feature Concentration","https://github.com/06012021-dotnet-uta/P2_PetTracker"
"Feature Concentration","https://github.com/06012021-dotnet-uta/P2_PokeLoot"
"Feature Concentration","https://github.com/0608chenyugithub/miaoShaProject"
"Feature Concentration","https://github.com/061103/ByHb"
"Feature Concentration","https://github.com/06110902002/Android_UIKit"
"Feature Concentration","https://github.com/06110902002/RecyclerView_Nav_Menu"
"Feature Concentration","https://github.com/0611163/DBHelper"
"Feature Concentration","https://github.com/071921-LTI/Andy-Wang"
"Feature Concentration","https://github.com/071921-LTI/BookBros-spring-back"
"Feature Concentration","https://github.com/071921-LTI/CWT-Back"
"Feature Concentration","https://github.com/071921-LTI/Chris-Pantani"
"Feature Concentration","https://github.com/071921-LTI/Christian-Osada"
"Feature Concentration","https://github.com/071921-LTI/David-Veller"
"Feature Concentration","https://github.com/071921-LTI/Enrique-Gomez"
"Feature Concentration","https://github.com/071921-LTI/Michael-Wilder"
"Feature Concentration","https://github.com/071921-LTI/Nick_Urban"
"Feature Concentration","https://github.com/071921-LTI/TRiPLNR-back"
"Feature Concentration","https://github.com/071921-LTI/Tim-StDennis"
"Feature Concentration","https://github.com/071921-LTI/mickey-mouse"
"Feature Concentration","https://github.com/0776375064/doan4"
"Feature Concentration","https://github.com/07ductoan12/btl-ltm"
"Feature Concentration","https://github.com/07jerin/spring-boot-lvc"
"Feature Concentration","https://github.com/07prajwal2000/PizzaShop-Admin"
"Feature Concentration","https://github.com/08162021-dotnet-uta/AkilTomlinsonRepo1"
"Feature Concentration","https://github.com/08162021-dotnet-uta/CoryTinsleyRepo1"
"Feature Concentration","https://github.com/08162021-dotnet-uta/P2_Group3"
"Feature Concentration","https://github.com/08162021-dotnet-uta/P2_NotFightClub"
"Feature Concentration","https://github.com/08162021-dotnet-uta/P2_TheTofuWarriors"
"Feature Concentration","https://github.com/0866803699/TravelTheWorld1"
"Feature Concentration","https://github.com/0868307/Project78"
"Feature Concentration","https://github.com/08aleksandar24/votChallengePrivate"
"Feature Concentration","https://github.com/09-Nine/QuanLyThuVien--javaProject"
"Feature Concentration","https://github.com/0905cjw/SeoulMate"
"Feature Concentration","https://github.com/09123363503/spa-webapi-angularjs-master"
"Feature Concentration","https://github.com/0971380599/A0321I1-Le-Manh-Hung-moduel2"
"Feature Concentration","https://github.com/0971380599/FuramaResort"
"Feature Concentration","https://github.com/0975829800/Server_GraduationProject"
"Feature Concentration","https://github.com/0977587/Project-C-"
"Feature Concentration","https://github.com/0999312/TinkerSlashBlade"
"Feature Concentration","https://github.com/0Cccccccc/RailwayTicketingSystem."
"Feature Concentration","https://github.com/0DennisLee0/Dennis_Blog"
"Feature Concentration","https://github.com/0HongTao0/Live"
"Feature Concentration","https://github.com/0HongTao0/LiveServer"
"Feature Concentration","https://github.com/0JAFC0/LeilaoSite"
"Feature Concentration","https://github.com/0Jarod0/RaderView"
"Feature Concentration","https://github.com/0MrDarn0/KxEditor"
"Feature Concentration","https://github.com/0RootLoL0/YaM"
"Feature Concentration","https://github.com/0V/Face-Exchanger"
"Feature Concentration","https://github.com/0Xero7/Argon"
"Feature Concentration","https://github.com/0alexwu0/geekbang_assignment"
"Feature Concentration","https://github.com/0aps/CafeteriaApp"
"Feature Concentration","https://github.com/0ceanCat/LeetCode_Exs"
"Feature Concentration","https://github.com/0cw/Bolt"
"Feature Concentration","https://github.com/0f1c04/springMVCEducation"
"Feature Concentration","https://github.com/0ft3n/AureliumMobs"
"Feature Concentration","https://github.com/0ft3n/EcoEnchantsGUI"
"Feature Concentration","https://github.com/0high-fly0/fresh-goods-distribution"
"Feature Concentration","https://github.com/0install/0install-java"
"Feature Concentration","https://github.com/0install/pom2feed"
"Feature Concentration","https://github.com/0jpancho/Striker2020"
"Feature Concentration","https://github.com/0kzh/glitch"
"Feature Concentration","https://github.com/0ldMaid/Krypton-Android"
"Feature Concentration","https://github.com/0leks/KPaint"
"Feature Concentration","https://github.com/0marFouad/KuduViews"
"Feature Concentration","https://github.com/0marron/EnglishXamarin"
"Feature Concentration","https://github.com/0neCigarettes/RentalApps"
"Feature Concentration","https://github.com/0obriano0/Minecraft_MobDrop"
"Feature Concentration","https://github.com/0oooo/machineLearning"
"Feature Concentration","https://github.com/0r0loo/spring5-mvc-study"
"Feature Concentration","https://github.com/0redd/PluralVideos"
"Feature Concentration","https://github.com/0rganIzedKa0s/Mechanum-Drive-Train-Practice"
"Feature Concentration","https://github.com/0rtis/jsafebox"
"Feature Concentration","https://github.com/0sektor0/Sekougi.MessagePack"
"Feature Concentration","https://github.com/0sk4rSV/Android_Proyects"
"Feature Concentration","https://github.com/0surface/arxiveprior"
"Feature Concentration","https://github.com/0takan/OnlineTestApplication"
"Feature Concentration","https://github.com/0uz/JobManagement"
"Feature Concentration","https://github.com/0wanglei0/yunwang"
"Feature Concentration","https://github.com/0x-CHUN/toy-spring"
"Feature Concentration","https://github.com/0x0ade/CelesteNet"
"Feature Concentration","https://github.com/0x1C1B/SimPic16F84"
"Feature Concentration","https://github.com/0x384c0/Experiments-Android"
"Feature Concentration","https://github.com/0x3D/lab2delA"
"Feature Concentration","https://github.com/0x48lab/android-recipe"
"Feature Concentration","https://github.com/0x666c/VkBot"
"Feature Concentration","https://github.com/0xArcheon/AttendEZ"
"Feature Concentration","https://github.com/0xCA5A/code_smorgasbord"
"Feature Concentration","https://github.com/0xCopy/RelaxFactory"
"Feature Concentration","https://github.com/0xDelco/1inch-api-v3"
"Feature Concentration","https://github.com/0xHigos/SpringBoot_Order"
"Feature Concentration","https://github.com/0xJonas/Phi"
"Feature Concentration","https://github.com/0xKalKYS/Tropical"
"Feature Concentration","https://github.com/0xLogic/Hyper_Reclass"
"Feature Concentration","https://github.com/0xMartin/LogicSimulator"
"Feature Concentration","https://github.com/0xSh4dy/Real-World-Jigsaw"
"Feature Concentration","https://github.com/0xThrylos/0xAndroid"
"Feature Concentration","https://github.com/0xVector/pathfinding"
"Feature Concentration","https://github.com/0xWaleed/GTA5-Native-Caller"
"Feature Concentration","https://github.com/0xaryan/EyesGuard"
"Feature Concentration","https://github.com/0xcaffebabe/shopa"
"Feature Concentration","https://github.com/0xcydg/pharmacy-manager"
"Feature Concentration","https://github.com/0xd4d/de4dot"
"Feature Concentration","https://github.com/0xd4d/dnSpy"
"Feature Concentration","https://github.com/0xd4d/dnlib"
"Feature Concentration","https://github.com/0xd5f/CWClientCheat"
"Feature Concentration","https://github.com/0xdeafcafe/SnapDotNet"
"Feature Concentration","https://github.com/0xdee60/ServiciosMentales"
"Feature Concentration","https://github.com/0xera/rAndroidDev"
"Feature Concentration","https://github.com/0xf10yd/printomania"
"Feature Concentration","https://github.com/0xkaede/JuicySwapperv1"
"Feature Concentration","https://github.com/0yusufokur0/Chatify"
"Feature Concentration","https://github.com/0zancan/RentACarProject__Backend"
"Feature Concentration","https://github.com/0zul/ClaraJDA"
"Feature Concentration","https://github.com/1-2-ka-4-4-2-ka-1/MFLIX"
"Feature Concentration","https://github.com/1-ARIjitS/SHIELD_WomenSafetyApp"
"Feature Concentration","https://github.com/1-bits/irpgeditor"
"Feature Concentration","https://github.com/1000realities/edgerealities-sdk-android"
"Feature Concentration","https://github.com/1004032560/JavaShoppingProject"
"Feature Concentration","https://github.com/1006171564/JavaCommon"
"Feature Concentration","https://github.com/1007169527/JAVABasic"
"Feature Concentration","https://github.com/1009609575/springMyBatis"
"Feature Concentration","https://github.com/100Gyeon/pla_bear"
"Feature Concentration","https://github.com/100licki/Training-sandbox"
"Feature Concentration","https://github.com/100prznt/FlowCalc"
"Feature Concentration","https://github.com/100winone/javaStandard"
"Feature Concentration","https://github.com/10101818/atoi2"
"Feature Concentration","https://github.com/101121-VA-Java/Andre-Levan"
"Feature Concentration","https://github.com/101121-VA-Java/Andrew-Cook"
"Feature Concentration","https://github.com/101121-VA-Java/Bruno-Braga"
"Feature Concentration","https://github.com/101121-VA-Java/kim-kohelhayes"
"Feature Concentration","https://github.com/1013300192/INC"
"Feature Concentration","https://github.com/1013764208/FLINK-ITEM"
"Feature Concentration","https://github.com/1013895854/springboot_wechatOrder"
"Feature Concentration","https://github.com/1015770492/JDK14SourceCodeInterpretation"
"Feature Concentration","https://github.com/10162051/CPSC233-Project"
"Feature Concentration","https://github.com/1016297824/Team4"
"Feature Concentration","https://github.com/1017027994zjj/Exam-for-C-S-master"
"Feature Concentration","https://github.com/1017073490/DataStratures"
"Feature Concentration","https://github.com/1018848974/spring-framework-imitate"
"Feature Concentration","https://github.com/1019238091/NewWeChat"
"Feature Concentration","https://github.com/102244653/CrawlerArticle"
"Feature Concentration","https://github.com/102345/ImpulsoTeste.Marcilio"
"Feature Concentration","https://github.com/1024-lab/smartdb"
"Feature Concentration","https://github.com/1024294008/HealthChain"
"Feature Concentration","https://github.com/1024488648/community-learn"
"Feature Concentration","https://github.com/1024834510/Dannie.Tools"
"Feature Concentration","https://github.com/1027540JohnsonAniketh/Java-Development"
"Feature Concentration","https://github.com/1029hera/Lec"
"Feature Concentration","https://github.com/1030907690/spring-boot-2.0.4.RELEASE"
"Feature Concentration","https://github.com/1031527554/Iot-android"
"Feature Concentration","https://github.com/1031918012/ManageApi"
"Feature Concentration","https://github.com/1031nice/College-CP2-TeamProject"
"Feature Concentration","https://github.com/1037438704/PictureSelectorDemo1"
"Feature Concentration","https://github.com/1037438704/tongchengcai"
"Feature Concentration","https://github.com/103style/calendarLibrary"
"Feature Concentration","https://github.com/103style/paho.mqtt.java"
"Feature Concentration","https://github.com/1041533501/sharedparking"
"Feature Concentration","https://github.com/1042932843/AliRtcDemo"
"Feature Concentration","https://github.com/1045728150/2021GIT"
"Feature Concentration","https://github.com/105032013072/activiti01"
"Feature Concentration","https://github.com/105032013072/agency-efolder-windows"
"Feature Concentration","https://github.com/105032013072/installer"
"Feature Concentration","https://github.com/105062125/rookie-chef-helper"
"Feature Concentration","https://github.com/1054268224/Xproject"
"Feature Concentration","https://github.com/10546039/PlanEng"
"Feature Concentration","https://github.com/1056438464/swj-parent"
"Feature Concentration","https://github.com/106-NCHU-MIS-Project/Bento"
"Feature Concentration","https://github.com/1061959578/1061959578.github.io"
"Feature Concentration","https://github.com/1063217454/rt-mart.youxian"
"Feature Concentration","https://github.com/1065464173/JVM-notes"
"Feature Concentration","https://github.com/1065464173/XiaoMiStore"
"Feature Concentration","https://github.com/1065464173/java-language-basic"
"Feature Concentration","https://github.com/1066893961/TvCountDown222"
"Feature Concentration","https://github.com/1066893961/XZing"
"Feature Concentration","https://github.com/1067649786/advertisement"
"Feature Concentration","https://github.com/1067899750/HttpDemo"
"Feature Concentration","https://github.com/1067899750/SuspendDemo"
"Feature Concentration","https://github.com/1070591579/Location"
"Feature Concentration","https://github.com/1079374315/AndroidOpenGLDemo-master"
"Feature Concentration","https://github.com/1084233320/credit"
"Feature Concentration","https://github.com/1084597302/Game-Development-Task-2"
"Feature Concentration","https://github.com/1084790527/YiChat-master"
"Feature Concentration","https://github.com/1084790527/wechat_desktop-master"
"Feature Concentration","https://github.com/1091128818/DataStruct"
"Feature Concentration","https://github.com/1092682749/7cj"
"Feature Concentration","https://github.com/1095071913/zhongshi-etc-basics-sentinel"
"Feature Concentration","https://github.com/1095776316/Pet"
"Feature Concentration","https://github.com/1095897429/KotlinPratice"
"Feature Concentration","https://github.com/1095897429/NiaoGeBiJi2.0"
"Feature Concentration","https://github.com/1095897429/SecondApplication-Normal"
"Feature Concentration","https://github.com/10969aimyon/springboot01"
"Feature Concentration","https://github.com/1097919195/MessageQueueTest"
"Feature Concentration","https://github.com/1097919195/SPPBlueToothTest"
"Feature Concentration","https://github.com/10AMiT/Data-Structure-Algorithm-unacademyDS"
"Feature Concentration","https://github.com/10aryan/J"
"Feature Concentration","https://github.com/10cy18/cy_parent"
"Feature Concentration","https://github.com/10cy18/meite_shop_parent"
"Feature Concentration","https://github.com/10h137/JavaPlagarismDetector"
"Feature Concentration","https://github.com/10ondr/WpfArkanoid"
"Feature Concentration","https://github.com/10soos17/lecture_choongang"
"Feature Concentration","https://github.com/10soos17/mangae_web"
"Feature Concentration","https://github.com/10theGo/CucumberFrameworkSample"
"Feature Concentration","https://github.com/10x8596/Core-Computer-Science"
"Feature Concentration","https://github.com/1100100/Dapper.Extensions"
"Feature Concentration","https://github.com/110067U/GreenDaoAndroid"
"Feature Concentration","https://github.com/1104219446/QuickAcessDemo"
"Feature Concentration","https://github.com/1106898736/yunguo_jeecg_serve"
"Feature Concentration","https://github.com/1106991880/many-datasource"
"Feature Concentration","https://github.com/1109815292/video_share"
"Feature Concentration","https://github.com/110V/Electromagnetic-Induction-simulator"
"Feature Concentration","https://github.com/1112222d/asset_management_mobile_app"
"Feature Concentration","https://github.com/1115675202/fruitbasket-orange"
"Feature Concentration","https://github.com/111Online/nhs111-itk-dispatcher-api"
"Feature Concentration","https://github.com/112002minhhuy/C2009I1-Supermaket"
"Feature Concentration","https://github.com/1123581321345589/Misc-Java-Projects"
"Feature Concentration","https://github.com/1123762330/setting"
"Feature Concentration","https://github.com/1126608981/tmall"
"Feature Concentration","https://github.com/1127140426/leetCodeAndThreadLocal"
"Feature Concentration","https://github.com/113-GittiGidiyor-Java-Spring-Bootcamp/fifth-homework-Quixotic95"
"Feature Concentration","https://github.com/113-GittiGidiyor-Java-Spring-Bootcamp/fifth-homework-TasdemirTolunay"
"Feature Concentration","https://github.com/113-GittiGidiyor-Java-Spring-Bootcamp/fifth-homework-avemphract"
"Feature Concentration","https://github.com/113-GittiGidiyor-Java-Spring-Bootcamp/fifth-homework-bulutharunmurat"
"Feature Concentration","https://github.com/113-GittiGidiyor-Java-Spring-Bootcamp/fifth-homework-emredalci"
"Feature Concentration","https://github.com/113-GittiGidiyor-Java-Spring-Bootcamp/fifth-homework-furkanisitan"
"Feature Concentration","https://github.com/113-GittiGidiyor-Java-Spring-Bootcamp/fifth-homework-kaganarmagan"
"Feature Concentration","https://github.com/113-GittiGidiyor-Java-Spring-Bootcamp/fifth-homework-mGungorr"
"Feature Concentration","https://github.com/113-GittiGidiyor-Java-Spring-Bootcamp/fifth-homework-muhittinpalamutcu"
"Feature Concentration","https://github.com/113-GittiGidiyor-Java-Spring-Bootcamp/fifth-homework-remziusta"
"Feature Concentration","https://github.com/113-GittiGidiyor-Java-Spring-Bootcamp/fourth-homework-TasdemirTolunay"
"Feature Concentration","https://github.com/113-GittiGidiyor-Java-Spring-Bootcamp/fourth-homework-avemphract"
"Feature Concentration","https://github.com/113-GittiGidiyor-Java-Spring-Bootcamp/fourth-homework-furkanisitan"
"Feature Concentration","https://github.com/1130389604/spring-5.1.3"
"Feature Concentration","https://github.com/1136346879/wonderful"
"Feature Concentration","https://github.com/1138programming/2019-FRC-Robot"
"Feature Concentration","https://github.com/1138programming/2020-FRC-Robot"
"Feature Concentration","https://github.com/1138programming/ChangeUpSimulation"
"Feature Concentration","https://github.com/114742962/TankWar1.0"
"Feature Concentration","https://github.com/114742962/TankWar_NET"
"Feature Concentration","https://github.com/1147722654/wvp-pro"
"Feature Concentration","https://github.com/115130/springbootpractise"
"Feature Concentration","https://github.com/1151941816/PersonalSystem"
"Feature Concentration","https://github.com/1154140116/dongkang"
"Feature Concentration","https://github.com/115AKIRA/CPOAproj"
"Feature Concentration","https://github.com/1160300427/Compiler-for-C-Java-"
"Feature Concentration","https://github.com/1160300427/alipay"
"Feature Concentration","https://github.com/1160827860/studyjava2019"
"Feature Concentration","https://github.com/1165863642/SlideLayout"
"Feature Concentration","https://github.com/1169927533/AndroidX_Branch"
"Feature Concentration","https://github.com/1170300204/Automatic-capture-of-Weibo-traffic"
"Feature Concentration","https://github.com/1171000712/little-try"
"Feature Concentration","https://github.com/1172118044/AvailableSeat"
"Feature Concentration","https://github.com/1183675887/design-demo"
"Feature Concentration","https://github.com/1183710220/1183710220"
"Feature Concentration","https://github.com/1191830/SuperFoot"
"Feature Concentration","https://github.com/1193700079/Hblg_Community"
"Feature Concentration","https://github.com/1197141231/unity3d"
"Feature Concentration","https://github.com/1198159/spellshocked"
"Feature Concentration","https://github.com/11997727/aviation"
"Feature Concentration","https://github.com/11Victor/SPRING-BOOT"
"Feature Concentration","https://github.com/11abuyaman/itstuff"
"Feature Concentration","https://github.com/11dot001001/TelegramBot"
"Feature Concentration","https://github.com/11irik/Auto-Service-SSU"
"Feature Concentration","https://github.com/11nonali23/Fortune_Wheel_Recreation"
"Feature Concentration","https://github.com/11wykessam/openchess"
"Feature Concentration","https://github.com/1203064111/java_huixiang2"
"Feature Concentration","https://github.com/1206gogogo-plus/shareShop-backend-"
"Feature Concentration","https://github.com/1206gogogo-plus/shareShop-backend-admin-"
"Feature Concentration","https://github.com/121104115wyb/MVPMode"
"Feature Concentration","https://github.com/1211amarsingh/callrecorder"
"Feature Concentration","https://github.com/1217268470/m3u8"
"Feature Concentration","https://github.com/121880399/LargeImageMonitor"
"Feature Concentration","https://github.com/121jigowatts/spring-boot_with_mybatis"
"Feature Concentration","https://github.com/121rajesh/School_Data_Mgmt"
"Feature Concentration","https://github.com/122006/ASM_SmartRunPlugin"
"Feature Concentration","https://github.com/122006/ASM_SmartRunPluginImp"
"Feature Concentration","https://github.com/1229245270/musicapp_demo"
"Feature Concentration","https://github.com/123-lierzhe/education_parent"
"Feature Concentration","https://github.com/123099/Bounce"
"Feature Concentration","https://github.com/123099/Mortal-Kombat-2-Clone"
"Feature Concentration","https://github.com/12313kaihuang/Traveling-New"
"Feature Concentration","https://github.com/12315jack/j1st-note"
"Feature Concentration","https://github.com/1231joe1231/Listen-Together"
"Feature Concentration","https://github.com/1234Vinicius/Java-Concept"
"Feature Concentration","https://github.com/12380647/ThetaDO"
"Feature Concentration","https://github.com/123DMWM/ProCraft"
"Feature Concentration","https://github.com/123PedroAugusto1/MTTSK"
"Feature Concentration","https://github.com/123aleksandr24/HomeWorkAndPetsAS"
"Feature Concentration","https://github.com/123aryankhandelwal/Wheel_Of_Fortune"
"Feature Concentration","https://github.com/123asdfghgfds/FTC-Tiers"
"Feature Concentration","https://github.com/123jiangkang/tests"
"Feature Concentration","https://github.com/123jiangkang/xc_service"
"Feature Concentration","https://github.com/123namitha/ExampleAutomation"
"Feature Concentration","https://github.com/123okk2/IFind_Application"
"Feature Concentration","https://github.com/123suryansh/BMI-calculator-using-Flutter"
"Feature Concentration","https://github.com/123xuan456/HP200Printer"
"Feature Concentration","https://github.com/123yangu/ViewPageImagesDemo"
"Feature Concentration","https://github.com/123yohan/HospitalInformationManagementSystem"
"Feature Concentration","https://github.com/123youyouer/cyworld"
"Feature Concentration","https://github.com/123yueyue/managementsystem"
"Feature Concentration","https://github.com/1248226869/MicroserviceExperiment"
"Feature Concentration","https://github.com/1249557990/paofen"
"Feature Concentration","https://github.com/1249730427/daihuaiyu.github.io"
"Feature Concentration","https://github.com/1249993110/LSTY.Sdtd-5.X"
"Feature Concentration","https://github.com/1250446609/powersite"
"Feature Concentration","https://github.com/1252505845/ly1995"
"Feature Concentration","https://github.com/1255542159/12306Demo"
"Feature Concentration","https://github.com/12580lzt/bluetoothSearchConnect"
"Feature Concentration","https://github.com/125929280/Dormitory"
"Feature Concentration","https://github.com/125m125/ktapi-java"
"Feature Concentration","https://github.com/12691282/lion-boot"
"Feature Concentration","https://github.com/127-0-0-l/Finances"
"Feature Concentration","https://github.com/1271381588/NBlog"
"Feature Concentration","https://github.com/1271845364/guava_programming"
"Feature Concentration","https://github.com/1272857430/flowable_flow"
"Feature Concentration","https://github.com/1273505585/Almighty"
"Feature Concentration","https://github.com/1282127821/vestaStudy"
"Feature Concentration","https://github.com/1295385531/shijiu02"
"Feature Concentration","https://github.com/1299114624/bos"
"Feature Concentration","https://github.com/12Jack21/WinProcedure"
"Feature Concentration","https://github.com/12Lorenzo/Trabalhos-Web-1"
"Feature Concentration","https://github.com/12Memories/CustomSevenZipSharp"
"Feature Concentration","https://github.com/12afaelPereira/Java-LP2"
"Feature Concentration","https://github.com/12frame/spring_aop"
"Feature Concentration","https://github.com/12manel123/Java_DAW_ManelCC"
"Feature Concentration","https://github.com/12mango/antchain"
"Feature Concentration","https://github.com/12security/bizconf-android-app"
"Feature Concentration","https://github.com/12security/zhumu-android-app"
"Feature Concentration","https://github.com/12urenloop/Telraam"
"Feature Concentration","https://github.com/1301536601/CoreExtendHelper"
"Feature Concentration","https://github.com/1302cb/customer_service"
"Feature Concentration","https://github.com/13030830345/springboot-vue"
"Feature Concentration","https://github.com/1303110335/java-all"
"Feature Concentration","https://github.com/1303110335/myRocketmq"
"Feature Concentration","https://github.com/13063096342/Anime"
"Feature Concentration","https://github.com/13078263112/ymall"
"Feature Concentration","https://github.com/1308024507pkh/Distributed-MiniSQL"
"Feature Concentration","https://github.com/1308024507pkh/MiniCAD"
"Feature Concentration","https://github.com/1308404897/MacosX"
"Feature Concentration","https://github.com/13107FF/ARpet"
"Feature Concentration","https://github.com/1310921830/java_eclipse_WEB"
"Feature Concentration","https://github.com/13120241790/Push_v3"
"Feature Concentration","https://github.com/1312255201/Lunhui"
"Feature Concentration","https://github.com/1313ou/Treebolic"
"Feature Concentration","https://github.com/1313ou/TreebolicLib"
"Feature Concentration","https://github.com/1313ou/TreebolicOne"
"Feature Concentration","https://github.com/1313ou/TreebolicPlugins"
"Feature Concentration","https://github.com/1313ou/TreebolicServices"
"Feature Concentration","https://github.com/1313ou/TreebolicSupportLibs"
"Feature Concentration","https://github.com/1313ou/ewn-grind"
"Feature Concentration","https://github.com/1313ou/sqlunet-browser"
"Feature Concentration","https://github.com/1316279031/s1"
"Feature Concentration","https://github.com/1319470638/PushDemo"
"Feature Concentration","https://github.com/1319470638/wechatdemo"
"Feature Concentration","https://github.com/13211331331/morning-parent"
"Feature Concentration","https://github.com/1322739583/SwingDemos"
"Feature Concentration","https://github.com/1322GRAYT/FRC2020-1322"
"Feature Concentration","https://github.com/13241308289/sping"
"Feature Concentration","https://github.com/1326670425/TIJ"
"Feature Concentration","https://github.com/13266764646/Phantom"
"Feature Concentration","https://github.com/1329368516/Dinner"
"Feature Concentration","https://github.com/13302864582/baifen_parent_app"
"Feature Concentration","https://github.com/13308350476/mini-project-survey"
"Feature Concentration","https://github.com/13348670849/mybatislearnparent"
"Feature Concentration","https://github.com/13350910252/ProApp"
"Feature Concentration","https://github.com/1336037686/learing-online"
"Feature Concentration","https://github.com/13407196713/javawokspace"
"Feature Concentration","https://github.com/13407196713/my_SSM"
"Feature Concentration","https://github.com/13415716616/Contribution-system-Web-API"
"Feature Concentration","https://github.com/13416494311/tduck"
"Feature Concentration","https://github.com/13439300301/KunlunLPSWorker_3_19"
"Feature Concentration","https://github.com/1345414527/manager_service"
"Feature Concentration","https://github.com/1350291587/worknotes_dep"
"Feature Concentration","https://github.com/1350484784/AnalyzeFood"
"Feature Concentration","https://github.com/1352283926/book1"
"Feature Concentration","https://github.com/1357885013/MediaCenter"
"Feature Concentration","https://github.com/1358045145/miaosha_lgx"
"Feature Concentration","https://github.com/13588036206/gy-interface"
"Feature Concentration","https://github.com/1359484419/fast-framework"
"Feature Concentration","https://github.com/1359533909/universityHelp"
"Feature Concentration","https://github.com/13616632061/Queue"
"Feature Concentration","https://github.com/1362420246/boca"
"Feature Concentration","https://github.com/13640139410/GraduateAssignment"
"Feature Concentration","https://github.com/1366001909/express"
"Feature Concentration","https://github.com/1369521908/destiny"
"Feature Concentration","https://github.com/1372501851/pnt"
"Feature Concentration","https://github.com/13766263220/xinxin-shop-project"
"Feature Concentration","https://github.com/1377093782/liuanLib"
"Feature Concentration","https://github.com/1379074822/graduation_project"
"Feature Concentration","https://github.com/137927546/juststudy"
"Feature Concentration","https://github.com/13797891312/WhereCollect"
"Feature Concentration","https://github.com/13872892721/workspaceForCrm"
"Feature Concentration","https://github.com/1394044539/onlineread"
"Feature Concentration","https://github.com/13960699696/core3.1-template"
"Feature Concentration","https://github.com/13960699696/netcore-template"
"Feature Concentration","https://github.com/1399948273/rent"
"Feature Concentration","https://github.com/13days/gdufo2o"
"Feature Concentration","https://github.com/13lack13lood/RaccBot"
"Feature Concentration","https://github.com/13rian/connect4-solver"
"Feature Concentration","https://github.com/13xforever/ps3-disc-dumper"
"Feature Concentration","https://github.com/1414088611wj/wirelss_canten_apk_v1.0"
"Feature Concentration","https://github.com/1415160640/RentalSystem"
"Feature Concentration","https://github.com/1422084460/fuxi"
"Feature Concentration","https://github.com/1427426489/wyc.crm"
"Feature Concentration","https://github.com/1429280405/imoocnewsdev"
"Feature Concentration","https://github.com/1429280405/sell-muke"
"Feature Concentration","https://github.com/1439775520/ASP.NET_MusicShop_BianXuelong"
"Feature Concentration","https://github.com/1439824810/tyxkxt"
"Feature Concentration","https://github.com/143prudhvi/SimplifyServer"
"Feature Concentration","https://github.com/143prudhvi/flashadeal1"
"Feature Concentration","https://github.com/143prudhvi/placementServer"
"Feature Concentration","https://github.com/1445103710/spring-esb-test"
"Feature Concentration","https://github.com/1471817541/-sdk"
"Feature Concentration","https://github.com/1476572009/library1"
"Feature Concentration","https://github.com/148360/Umami"
"Feature Concentration","https://github.com/14BCS1464/react-native-image-fillter"
"Feature Concentration","https://github.com/14edavis/BehindTheStars_AndroidApp"
"Feature Concentration","https://github.com/14karra/quiz-microservice"
"Feature Concentration","https://github.com/14misbah98/first-lab-work"
"Feature Concentration","https://github.com/15001945421/zhouboot"
"Feature Concentration","https://github.com/150149/QQRobot"
"Feature Concentration","https://github.com/15029649771/mwrfid"
"Feature Concentration","https://github.com/1504/Robot_Framework"
"Feature Concentration","https://github.com/15045120/mail4j"
"Feature Concentration","https://github.com/15082003164/fabos_demo"
"Feature Concentration","https://github.com/1508816494/OfferFight"
"Feature Concentration","https://github.com/1510460325/experiment"
"Feature Concentration","https://github.com/1510460325/online-judge"
"Feature Concentration","https://github.com/15111359443/lagou"
"Feature Concentration","https://github.com/151119011148/l78zdemo"
"Feature Concentration","https://github.com/15131009532qq/market_cal"
"Feature Concentration","https://github.com/15135000523/MyKotlin"
"Feature Concentration","https://github.com/15144042132/puffer"
"Feature Concentration","https://github.com/15164044951/BootBookPro"
"Feature Concentration","https://github.com/15164920125/red-oleversion-repository"
"Feature Concentration","https://github.com/15198184721/KuaihuoExtFunction"
"Feature Concentration","https://github.com/1520248857/Huawei-project001"
"Feature Concentration","https://github.com/152056201/fy2020"
"Feature Concentration","https://github.com/15207135348/Java12306"
"Feature Concentration","https://github.com/15217711253/JSound.Core-0825"
"Feature Concentration","https://github.com/1521zxc/Bus"
"Feature Concentration","https://github.com/15228357041/zxfgithub"
"Feature Concentration","https://github.com/15236647097/springboot-swagger"
"Feature Concentration","https://github.com/15279676722/smallWhite"
"Feature Concentration","https://github.com/1527thomas/photo-gallery"
"Feature Concentration","https://github.com/15281046619/classroomlib"
"Feature Concentration","https://github.com/15297718239/WikiKnowledge-Management-System"
"Feature Concentration","https://github.com/15307388990/SmartPay"
"Feature Concentration","https://github.com/15307388990/TestTablet"
"Feature Concentration","https://github.com/15333888147/geography-mapping-project"
"Feature Concentration","https://github.com/15335179243/ChuMuYa"
"Feature Concentration","https://github.com/1533987417/ServiceShop"
"Feature Concentration","https://github.com/153437803/module_recycleradapter"
"Feature Concentration","https://github.com/1535892832/blogs-server"
"Feature Concentration","https://github.com/1536288969/.netCores"
"Feature Concentration","https://github.com/1543749470/ChildrenSong"
"Feature Concentration","https://github.com/154380/Laptrinhmang"
"Feature Concentration","https://github.com/1549742101/zsst"
"Feature Concentration","https://github.com/15515393045/restful"
"Feature Concentration","https://github.com/15517695107/BoHaiChinaSfotCurriculumDesign-"
"Feature Concentration","https://github.com/15520824/Vinh_Project_Location"
"Feature Concentration","https://github.com/15528167063/JinXinMvpKotlin"
"Feature Concentration","https://github.com/15534034325/fy2010"
"Feature Concentration","https://github.com/1558670266/ASDN"
"Feature Concentration","https://github.com/1559727195/GreenLandVLand"
"Feature Concentration","https://github.com/1559727195/MyTestJar2"
"Feature Concentration","https://github.com/1559727195/RxCache-master"
"Feature Concentration","https://github.com/1559727195/wlmedia"
"Feature Concentration","https://github.com/15605271916/java01TZYjava"
"Feature Concentration","https://github.com/15605271916/java02TZYweb"
"Feature Concentration","https://github.com/15605271916/java14rep"
"Feature Concentration","https://github.com/15607521232/WebAutoTestJava"
"Feature Concentration","https://github.com/15607521232/XuLiSpringMVCAndmybatis"
"Feature Concentration","https://github.com/15607521232/XuliSpringMybatis"
"Feature Concentration","https://github.com/15607521232/eclipseworkspace"
"Feature Concentration","https://github.com/156076769/mimaxue"
"Feature Concentration","https://github.com/15608447849/MLTCP"
"Feature Concentration","https://github.com/15608447849/erp"
"Feature Concentration","https://github.com/15608447849/pay-middle"
"Feature Concentration","https://github.com/15608447849/wvapp"
"Feature Concentration","https://github.com/15615/liuhaide"
"Feature Concentration","https://github.com/15618384280/tjcloud-core-libs"
"Feature Concentration","https://github.com/15618384280/tjcloud-match"
"Feature Concentration","https://github.com/15629013633/hmx_project_master"
"Feature Concentration","https://github.com/1565900/onlineStudy"
"Feature Concentration","https://github.com/156750703/Fang"
"Feature Concentration","https://github.com/1571057583/Tremolo"
"Feature Concentration","https://github.com/15814903830/IntegrityFactoryProject"
"Feature Concentration","https://github.com/15814903830/MeetTheBabyApp"
"Feature Concentration","https://github.com/15831944/RabCab"
"Feature Concentration","https://github.com/15838028035/common-code-generate"
"Feature Concentration","https://github.com/15860yang/JavaData-Structures-and-Algorithms"
"Feature Concentration","https://github.com/1586951660/bs"
"Feature Concentration","https://github.com/15874134131/xutils"
"Feature Concentration","https://github.com/15915763299/AlgorithmAndTools"
"Feature Concentration","https://github.com/15935962724/Ruoyi-Vue"
"Feature Concentration","https://github.com/1595Dragons/FTC-TeamCode"
"Feature Concentration","https://github.com/15974219211/lyjStudy"
"Feature Concentration","https://github.com/15Galan/asignatura-207"
"Feature Concentration","https://github.com/15Galan/asignatura-302"
"Feature Concentration","https://github.com/15Galan/mencion-330"
"Feature Concentration","https://github.com/15amitbhagat/ageDetectionApp"
"Feature Concentration","https://github.com/15jindalrahul/CTSFSDD"
"Feature Concentration","https://github.com/1606884098/JEEL"
"Feature Concentration","https://github.com/161250197/advanced_algorithm_oj"
"Feature Concentration","https://github.com/161360238/stu_manage"
"Feature Concentration","https://github.com/16146/ProjetFlutter"
"Feature Concentration","https://github.com/1620298/android21"
"Feature Concentration","https://github.com/1623083499/qdaio"
"Feature Concentration","https://github.com/1628103949/enjoySDK"
"Feature Concentration","https://github.com/1629210061/java_travel"
"Feature Concentration","https://github.com/1634865486/AndroidTimeableView"
"Feature Concentration","https://github.com/1638253187/cctv_play"
"Feature Concentration","https://github.com/1660615472/huan-gou"
"Feature Concentration","https://github.com/16637142795/javafxCss"
"Feature Concentration","https://github.com/1663784811/adminJAVA"
"Feature Concentration","https://github.com/1663784811/shopJAVA"
"Feature Concentration","https://github.com/1663784811/toolsJAVA"
"Feature Concentration","https://github.com/1665RR/PIozo"
"Feature Concentration","https://github.com/1666537116/MyGmall"
"Feature Concentration","https://github.com/166projects/Cacatois"
"Feature Concentration","https://github.com/166projects/VAIDYA"
"Feature Concentration","https://github.com/16BitNarwhal/P1F-Word-Fighter"
"Feature Concentration","https://github.com/16angie/BaseDatosBoyacaApp"
"Feature Concentration","https://github.com/16fengzhiyong/GraduationInputMethod"
"Feature Concentration","https://github.com/16jalayt/Compilers-Class"
"Feature Concentration","https://github.com/16jalayt/SapphireExtract-Legacy"
"Feature Concentration","https://github.com/16min99/prgrms_spring"
"Feature Concentration","https://github.com/16pxdesign/graded-unit-team-manage-asp-net"
"Feature Concentration","https://github.com/16vale/DevOps-ClassCode"
"Feature Concentration","https://github.com/17-duncan/xigua"
"Feature Concentration","https://github.com/1700301020/TodayNews"
"Feature Concentration","https://github.com/170423045/hzxcService"
"Feature Concentration","https://github.com/1704AClass/job_xjw"
"Feature Concentration","https://github.com/1704AClass/wokr_llm"
"Feature Concentration","https://github.com/1704AClass/work_wb"
"Feature Concentration","https://github.com/17110130/DoAn1"
"Feature Concentration","https://github.com/1717L05/Loanassignment"
"Feature Concentration","https://github.com/171RLLProjects/Jarvis"
"Feature Concentration","https://github.com/1720360649/WNTCL"
"Feature Concentration","https://github.com/1721050017TRANANHTHANG/MvcMovieDemo"
"Feature Concentration","https://github.com/172267736/shop-mall-server"
"Feature Concentration","https://github.com/17320692835RGF/Cloudclassmates"
"Feature Concentration","https://github.com/1736213691/bbuyGo"
"Feature Concentration","https://github.com/173951428/itmayiedu-parent"
"Feature Concentration","https://github.com/1751010033ngochan/GiaiDe_LTCSDL"
"Feature Concentration","https://github.com/17521236/NUNIT_QLTV"
"Feature Concentration","https://github.com/175247/Lab4Web-QuizApp"
"Feature Concentration","https://github.com/1753036/c4w-17clc-1753036-project2"
"Feature Concentration","https://github.com/1760005/Quan_Ly_Thi"
"Feature Concentration","https://github.com/17613455373/htx"
"Feature Concentration","https://github.com/17621062512/springmall"
"Feature Concentration","https://github.com/17640050206/doctor"
"Feature Concentration","https://github.com/17674600647/practiceCode"
"Feature Concentration","https://github.com/1768803156/DToast"
"Feature Concentration","https://github.com/17734576784/LiteNAdemo"
"Feature Concentration","https://github.com/17734576784/LiteNAdemo_https"
"Feature Concentration","https://github.com/17734576784/NbPlatform"
"Feature Concentration","https://github.com/17734576784/httpstest"
"Feature Concentration","https://github.com/17734576784/httputil"
"Feature Concentration","https://github.com/17734576784/sdweb_sts_f"
"Feature Concentration","https://github.com/17734812911/bridge_zhoudai"
"Feature Concentration","https://github.com/17743257942/scx040407"
"Feature Concentration","https://github.com/17751332867/kesheProjects"
"Feature Concentration","https://github.com/17785408624/mass-control"
"Feature Concentration","https://github.com/1778650591/eclipsegit"
"Feature Concentration","https://github.com/177boris/Eventlite"
"Feature Concentration","https://github.com/1787051330/shop-portal-api"
"Feature Concentration","https://github.com/17891691876/TestMy"
"Feature Concentration","https://github.com/1798643961/McOnTongueTip"
"Feature Concentration","https://github.com/17IT089/WCMC_Practical"
"Feature Concentration","https://github.com/17JZ0101-LEEHOJAE/TripWiz"
"Feature Concentration","https://github.com/17madjoker/Angular.NETCoreWebAPI"
"Feature Concentration","https://github.com/17mustafaErdogan/Adroid-mobil"
"Feature Concentration","https://github.com/17tanya/Leetcode-Data-Structures-and-Algorithms"
"Feature Concentration","https://github.com/18014154998/FarmMall"
"Feature Concentration","https://github.com/18020286/jtest"
"Feature Concentration","https://github.com/18021019309/MyGitRepo"
"Feature Concentration","https://github.com/1802343117/Personal-blog2.0-interface"
"Feature Concentration","https://github.com/1802343117/ziying-api"
"Feature Concentration","https://github.com/180254/Battleship44"
"Feature Concentration","https://github.com/1802802/SpringInAction5h_TacoCloud"
"Feature Concentration","https://github.com/18075394254/DZ-1"
"Feature Concentration","https://github.com/18105132758/dbCol"
"Feature Concentration","https://github.com/181085hammadabdullah/EasyTickets-Android"
"Feature Concentration","https://github.com/18113996630/major_show"
"Feature Concentration","https://github.com/18120211/Hibernate_CourseRegistrationSystem"
"Feature Concentration","https://github.com/18130233/QuanLyBenhNhan-Nhom2"
"Feature Concentration","https://github.com/18161825600/education_applet"
"Feature Concentration","https://github.com/18204614232/java-Kcp"
"Feature Concentration","https://github.com/18230338980/dynamic-datasource"
"Feature Concentration","https://github.com/18238831810/india"
"Feature Concentration","https://github.com/18270862829/x-workspace"
"Feature Concentration","https://github.com/18271261642/AntRouter"
"Feature Concentration","https://github.com/18271261642/JZVideo-develop"
"Feature Concentration","https://github.com/18271652073/druid"
"Feature Concentration","https://github.com/18272892948/wted2"
"Feature Concentration","https://github.com/18277486571HYB/HBook"
"Feature Concentration","https://github.com/183-zxt/class2"
"Feature Concentration","https://github.com/1830879724/yeb"
"Feature Concentration","https://github.com/183090792/myalgorithmbasic2020"
"Feature Concentration","https://github.com/18309225600/mall-management"
"Feature Concentration","https://github.com/1831066159/cootoo"
"Feature Concentration","https://github.com/18311013925/springcloudlearning"
"Feature Concentration","https://github.com/18312106568/unit_test"
"Feature Concentration","https://github.com/1833200/SD-Semester2"
"Feature Concentration","https://github.com/18351001571/bssp-cloud"
"Feature Concentration","https://github.com/1835861/metodologie_przybyl.1835861"
"Feature Concentration","https://github.com/18376108492/book_system"
"Feature Concentration","https://github.com/184024871/taotao"
"Feature Concentration","https://github.com/18419NakamuraTemma/android-yolov3-linealarm"
"Feature Concentration","https://github.com/1846018663/ict-ids"
"Feature Concentration","https://github.com/1847427213/MyAPP_EasyHttp"
"Feature Concentration","https://github.com/18476305640/smallarea"
"Feature Concentration","https://github.com/185137515/rock6"
"Feature Concentration","https://github.com/18581961702/red-tea"
"Feature Concentration","https://github.com/18616703217/gloryroad_autotest"
"Feature Concentration","https://github.com/18631323023/ZNA"
"Feature Concentration","https://github.com/18634779972/glassesAdmin"
"Feature Concentration","https://github.com/1864691/ThymeMatters"
"Feature Concentration","https://github.com/18672200484/YongLi_Applet"
"Feature Concentration","https://github.com/18709293275/WitmedProject"
"Feature Concentration","https://github.com/18710603308/Altman"
"Feature Concentration","https://github.com/18753377299/SpringCloudBorn"
"Feature Concentration","https://github.com/18755009786/ceshi"
"Feature Concentration","https://github.com/18801511618/myspringbootdemo"
"Feature Concentration","https://github.com/18826243776/media"
"Feature Concentration","https://github.com/18835572909/ailibaba-cloud"
"Feature Concentration","https://github.com/18838988676/tensquare_parent"
"Feature Concentration","https://github.com/18839779221/OnlinePartern"
"Feature Concentration","https://github.com/18847133483/bishe-parent"
"Feature Concentration","https://github.com/18848/git_repo"
"Feature Concentration","https://github.com/18850981235/gdznoa"
"Feature Concentration","https://github.com/18875274988/bbibm-kjds-test"
"Feature Concentration","https://github.com/18882341560/activiti-springboot"
"Feature Concentration","https://github.com/188867052/EFCore.CodeGenerator"
"Feature Concentration","https://github.com/188867052/OSharp"
"Feature Concentration","https://github.com/188867052/QuartzApi"
"Feature Concentration","https://github.com/188867052/osharp-master_TEMP"
"Feature Concentration","https://github.com/18895636682/hello-spring-cloud-alibaba-freeswitch"
"Feature Concentration","https://github.com/18895636682/hello-spring-cloud-alibaba-xxl-job"
"Feature Concentration","https://github.com/18925229353/smbms2"
"Feature Concentration","https://github.com/189569400/apollo-DuerOS"
"Feature Concentration","https://github.com/18Again/18Again-Android"
"Feature Concentration","https://github.com/18Again/18Again-Backend"
"Feature Concentration","https://github.com/18F/r2s"
"Feature Concentration","https://github.com/18SW62/MAD-Semester-Project"
"Feature Concentration","https://github.com/18dce057/Small-Basket"
"Feature Concentration","https://github.com/18rameez/book-mate"
"Feature Concentration","https://github.com/18sw60/MyObjectDetection"
"Feature Concentration","https://github.com/18swenskiq/SquidBot-Sharp"
"Feature Concentration","https://github.com/18t1021223/oauth2-springboot"
"Feature Concentration","https://github.com/19-20-1-PMi32/NotStackOverflow"
"Feature Concentration","https://github.com/19-20-1-PMi32/Sport-Betting-Trainer"
"Feature Concentration","https://github.com/19-20-1-PMi33/MyAirport"
"Feature Concentration","https://github.com/19-20-1-PMi35/ChatRepoNew"
"Feature Concentration","https://github.com/19-20-1-PMi35/FrankoMaps"
"Feature Concentration","https://github.com/19-20-1-PMo31/meetukrainetoday"
"Feature Concentration","https://github.com/19009772JiaYing/ACRS"
"Feature Concentration","https://github.com/1900Star/MusicPlayer-Smartisan"
"Feature Concentration","https://github.com/1908-aug19-java/core-java-reimerkp"
"Feature Concentration","https://github.com/1908-aug19-java/project2-joe-michael-backend"
"Feature Concentration","https://github.com/1909-blake-william/project-0-HaoSususudio"
"Feature Concentration","https://github.com/1909-blake-william/project-0-curecoma"
"Feature Concentration","https://github.com/1909-blake-william/project-0-goodSirTimothy"
"Feature Concentration","https://github.com/1909-sep30-net/Phat-Project1"
"Feature Concentration","https://github.com/1909-sep30-net/alberto-project1"
"Feature Concentration","https://github.com/1909-sep30-net/cgm-project2"
"Feature Concentration","https://github.com/1909-sep30-net/colton-project1"
"Feature Concentration","https://github.com/1909-sep30-net/gabriel-project0"
"Feature Concentration","https://github.com/1909-sep30-net/gabriel-project1"
"Feature Concentration","https://github.com/1909-sep30-net/girard-project1"
"Feature Concentration","https://github.com/1909-sep30-net/greg-project-1"
"Feature Concentration","https://github.com/1909-sep30-net/jacob-project1"
"Feature Concentration","https://github.com/1909-sep30-net/james-project1"
"Feature Concentration","https://github.com/1909-sep30-net/javon-project1"
"Feature Concentration","https://github.com/1909-sep30-net/joseph-project1"
"Feature Concentration","https://github.com/1909-sep30-net/marielle-project1"
"Feature Concentration","https://github.com/1909-sep30-net/sam-project1"
"Feature Concentration","https://github.com/1909-sep30-net/shawn-project1"
"Feature Concentration","https://github.com/1909-sep30-net/tcj-proj2"
"Feature Concentration","https://github.com/1909-sep30-net/trainer-code"
"Feature Concentration","https://github.com/1909-sep30-net/tri-project1"
"Feature Concentration","https://github.com/1909-sep30-net/victoria-project1"
"Feature Concentration","https://github.com/1909-sep30-net/wesley-proj1"
"Feature Concentration","https://github.com/1909sept03java/Fahim-Rashid"
"Feature Concentration","https://github.com/1909sept03java/Ilya-Shmyhol"
"Feature Concentration","https://github.com/1909sept03java/demo-reference"
"Feature Concentration","https://github.com/1909sept03java/p2-resident-sleeper"
"Feature Concentration","https://github.com/1910-oct21-dotnet/p1-MitchMittelstedt"
"Feature Concentration","https://github.com/1910-oct21-dotnet/p1-lisagee24"
"Feature Concentration","https://github.com/1910-oct21-dotnet/p2-familiar"
"Feature Concentration","https://github.com/191003/springmvc03"
"Feature Concentration","https://github.com/1910978246/wml-dongbao-mall"
"Feature Concentration","https://github.com/191118javaExt/project-1-smalagadev"
"Feature Concentration","https://github.com/1914526816lhw/loansystem"
"Feature Concentration","https://github.com/1917051016jihancahya/1917051016-TAM-A"
"Feature Concentration","https://github.com/1920WPL1Groep1/ProjectWPL"
"Feature Concentration","https://github.com/19231136/buaaoo-2021"
"Feature Concentration","https://github.com/19231219lsm/java_runday"
"Feature Concentration","https://github.com/192U1A0508/ApssdcProject"
"Feature Concentration","https://github.com/1935868896/product-mange"
"Feature Concentration","https://github.com/1935868896/zc-exam"
"Feature Concentration","https://github.com/1935868896/zcadmin"
"Feature Concentration","https://github.com/19424054/cnpm-19hc-group09"
"Feature Concentration","https://github.com/1943277891/eightsm"
"Feature Concentration","https://github.com/19522232/The-Life"
"Feature Concentration","https://github.com/195286381/vue-spring-admin-manage-system"
"Feature Concentration","https://github.com/1956025812/ts-web"
"Feature Concentration","https://github.com/1956025812/yss-shopping"
"Feature Concentration","https://github.com/1961117443/ids4"
"Feature Concentration","https://github.com/1962247851/hello-mircoservice"
"Feature Concentration","https://github.com/1962247851/jnuetc"
"Feature Concentration","https://github.com/1971943690/workplaceForCRM"
"Feature Concentration","https://github.com/1975929757ls/ls"
"Feature Concentration","https://github.com/1984shekhar/Fuse7_examples"
"Feature Concentration","https://github.com/1988tianyuan/easy-im"
"Feature Concentration","https://github.com/1989ARS198921/SewtrArtCentr.core.razor"
"Feature Concentration","https://github.com/19908362264/pro"
"Feature Concentration","https://github.com/19920625lsg/cv-learn"
"Feature Concentration","https://github.com/19920625lsg/java-thread"
"Feature Concentration","https://github.com/19930109/weatherapi11"
"Feature Concentration","https://github.com/19941229xz/msbd-server"
"Feature Concentration","https://github.com/19941229xz/user-server"
"Feature Concentration","https://github.com/1996Neil/projectSpike"
"Feature Concentration","https://github.com/1996Shubh/AspNet"
"Feature Concentration","https://github.com/1996dylanriley/StrictlyStats"
"Feature Concentration","https://github.com/1997CXyYhg/azServer"
"Feature Concentration","https://github.com/1997zyx/khgl2"
"Feature Concentration","https://github.com/1998Gang/uclass"
"Feature Concentration","https://github.com/1998dongzc/CrmAdmin"
"Feature Concentration","https://github.com/1998lixin/AutomationFramework"
"Feature Concentration","https://github.com/1999GersonMayamba/ProjectoAndroidSmartInfo"
"Feature Concentration","https://github.com/1999single/yourme_backend"
"Feature Concentration","https://github.com/19FTT2063/Appointments"
"Feature Concentration","https://github.com/19JoseMiguel96/TareaPMDM06"
"Feature Concentration","https://github.com/19MisterX98/Atomic"
"Feature Concentration","https://github.com/19WH1A1231-Preethi/II-IT-A-LAB"
"Feature Concentration","https://github.com/19ahmad/FYPrepo"
"Feature Concentration","https://github.com/19bibo85/GuessBeerCountry"
"Feature Concentration","https://github.com/19bibo85/GuessLicensePlate"
"Feature Concentration","https://github.com/19longdt/FirstWebOff"
"Feature Concentration","https://github.com/19username95/RemoteNotes.UI"
"Feature Concentration","https://github.com/19wh1a1204-Snigdha/II_ITA_LAB"
"Feature Concentration","https://github.com/19wh1a1256/II-ITA-Lab"
"Feature Concentration","https://github.com/19wh1a1263/JAVA-PROGRAMMING-LAB-"
"Feature Concentration","https://github.com/1Aurel1/miniBankAccount"
"Feature Concentration","https://github.com/1Aurel1/rest-blog---Spring"
"Feature Concentration","https://github.com/1Bulgarian/LBL_Project"
"Feature Concentration","https://github.com/1Hei/ChattingRoom"
"Feature Concentration","https://github.com/1InfinityDoesExist/KulizaAssignment1"
"Feature Concentration","https://github.com/1KimJiHyeon/SOTA_Project"
"Feature Concentration","https://github.com/1Lucifer1/NJUSE-courses-from-YuLinLiu"
"Feature Concentration","https://github.com/1LuisEnrique/springmvcjava"
"Feature Concentration","https://github.com/1Maximuse/canalis"
"Feature Concentration","https://github.com/1MikhailStepanov1/Lab7Server"
"Feature Concentration","https://github.com/1Programm/Scripty"
"Feature Concentration","https://github.com/1Sherlock/app-quiz-server"
"Feature Concentration","https://github.com/1SoulJo/chartrader"
"Feature Concentration","https://github.com/1Tunahan3/Mvc"
"Feature Concentration","https://github.com/1XDKYLEXD1/YugiohSoundboard"
"Feature Concentration","https://github.com/1aam2am1/SmartControlC3"
"Feature Concentration","https://github.com/1akram/web-application-for-hotels-reservation-system-with-JEE"
"Feature Concentration","https://github.com/1and1/cosmo"
"Feature Concentration","https://github.com/1and1/dim"
"Feature Concentration","https://github.com/1ansam/EnglishStudyApplication"
"Feature Concentration","https://github.com/1beric/ActionRpg"
"Feature Concentration","https://github.com/1boker1/TFG_RTS"
"Feature Concentration","https://github.com/1cao2mu/LineLayout"
"Feature Concentration","https://github.com/1cec0ld/PokemonIDs"
"Feature Concentration","https://github.com/1chaechae1/Object-0riented"
"Feature Concentration","https://github.com/1cr17cs051/FlyingFishGameApplication"
"Feature Concentration","https://github.com/1drturtle/cs4240"
"Feature Concentration","https://github.com/1eif/note-api"
"Feature Concentration","https://github.com/1eyewonder/CodeTogether_August"
"Feature Concentration","https://github.com/1ezio/Ietians_diary"
"Feature Concentration","https://github.com/1hakr/AnExplorer"
"Feature Concentration","https://github.com/1itachi/crack-it-up"
"Feature Concentration","https://github.com/1iveowl/MQTTClient.rx"
"Feature Concentration","https://github.com/1iveowl/SSDP.UPnP.PCL"
"Feature Concentration","https://github.com/1iveowl/Simple-Http-Listener-PCL"
"Feature Concentration","https://github.com/1iveowl/SocketLite"
"Feature Concentration","https://github.com/1kazakvadim/car-rent-webapp"
"Feature Concentration","https://github.com/1keai/ExpressCode"
"Feature Concentration","https://github.com/1kunqian1/An-Android-App-to-Post-and-Search-Events"
"Feature Concentration","https://github.com/1lch2/Cpp_Java_Exercise"
"Feature Concentration","https://github.com/1mgames/GameOff_2019"
"Feature Concentration","https://github.com/1natasa/DiplomskiRad"
"Feature Concentration","https://github.com/1natasa/ProgramiranjeProizvodnje"
"Feature Concentration","https://github.com/1ndong/Capitalism"
"Feature Concentration","https://github.com/1ndong/Tapas"
"Feature Concentration","https://github.com/1noseA/J1"
"Feature Concentration","https://github.com/1ou/blitzar"
"Feature Concentration","https://github.com/1sPerry/jt_permission"
"Feature Concentration","https://github.com/1seoyeon1/waltz_petSitter"
"Feature Concentration","https://github.com/1shruti/games-villa"
"Feature Concentration","https://github.com/1solomonking/Court-Counter"
"Feature Concentration","https://github.com/1stAlOmda/myDemo-file"
"Feature Concentration","https://github.com/1swaraj/NethTest"
"Feature Concentration","https://github.com/1t0XX/StarGame_LibGDX"
"Feature Concentration","https://github.com/1tacticalretard/206_Home"
"Feature Concentration","https://github.com/1vaPetkova/java.advanced_module"
"Feature Concentration","https://github.com/1vaPetkova/java.oop_module"
"Feature Concentration","https://github.com/1vaPetkova/java.programming_fundamentals"
"Feature Concentration","https://github.com/1xRat/Hackaton"
"Feature Concentration","https://github.com/1xiaokaige1/WriteAimlessly"
"Feature Concentration","https://github.com/1yx/leetcode.org"
"Feature Concentration","https://github.com/2000rosser/algorithms20290-2021-repository-2000rosser-main"
"Feature Concentration","https://github.com/200106-UTA-PRS-NET/P0-Jeremy-Ortega"
"Feature Concentration","https://github.com/200106-UTA-PRS-NET/P0-Kyle-Trost"
"Feature Concentration","https://github.com/200106-UTA-PRS-NET/P0-Therese-Parks_2"
"Feature Concentration","https://github.com/200106-UTA-PRS-NET/P0-Zach-Mueller"
"Feature Concentration","https://github.com/200106-UTA-PRS-NET/P1-Bryant-Reynoso"
"Feature Concentration","https://github.com/200106-UTA-PRS-NET/P1-Jacob-Fisher"
"Feature Concentration","https://github.com/200106-UTA-PRS-NET/P1-Jeremy-Ortega"
"Feature Concentration","https://github.com/200106-UTA-PRS-NET/P1-John-Filak"
"Feature Concentration","https://github.com/200106-UTA-PRS-NET/P1-John-Marquez"
"Feature Concentration","https://github.com/200106-UTA-PRS-NET/P1-Kyle-Trost"
"Feature Concentration","https://github.com/200106-UTA-PRS-NET/P1-Rodney-Canlas"
"Feature Concentration","https://github.com/200106-UTA-PRS-NET/P1-Steven-Alvarez"
"Feature Concentration","https://github.com/200106-UTA-PRS-NET/P1-Zach-Mueller"
"Feature Concentration","https://github.com/200106-UTA-PRS-NET/P1-antonio-delagarza"
"Feature Concentration","https://github.com/20017391-Guo-Jun-Yi/Renovation"
"Feature Concentration","https://github.com/2001adarsh/Java-For-Android"
"Feature Concentration","https://github.com/2002-feb24-net/ExpenseTracker-project2"
"Feature Concentration","https://github.com/2002-feb24-net/HealthPair-API"
"Feature Concentration","https://github.com/2002-feb24-net/abraham-project1"
"Feature Concentration","https://github.com/2002-feb24-net/anthony_project1"
"Feature Concentration","https://github.com/2002-feb24-net/haroldo-project1"
"Feature Concentration","https://github.com/2002-feb24-net/keshna-project0"
"Feature Concentration","https://github.com/2002-feb24-net/keshna-project1"
"Feature Concentration","https://github.com/2002-feb24-net/kyran-project0"
"Feature Concentration","https://github.com/2002-feb24-net/kyran-project1"
"Feature Concentration","https://github.com/2002-feb24-net/morgan-project1"
"Feature Concentration","https://github.com/2002-feb24-net/pauls-project0"
"Feature Concentration","https://github.com/2002-feb24-net/pauls-project1"
"Feature Concentration","https://github.com/2002-feb24-net/russell-project1"
"Feature Concentration","https://github.com/2002-feb24-net/stacey-code"
"Feature Concentration","https://github.com/2002-feb24-net/stacey-project0"
"Feature Concentration","https://github.com/2002-feb24-net/stacey-project1"
"Feature Concentration","https://github.com/2002-feb24-net/tod-code"
"Feature Concentration","https://github.com/2002-uta-java/batch-source"
"Feature Concentration","https://github.com/2002javareact/Curricula-Backend"
"Feature Concentration","https://github.com/2006-jun15-net/PoliceCase-RDBMS"
"Feature Concentration","https://github.com/2006-jun15-net/jordan-project-1"
"Feature Concentration","https://github.com/2006-jun15-net/nf-lg-kp-ms-Project2"
"Feature Concentration","https://github.com/200694133/horizontal"
"Feature Concentration","https://github.com/200713-dotnet/project-challenge-p0-kyeel1"
"Feature Concentration","https://github.com/200713-dotnet/project-challenge-p1-Acearl"
"Feature Concentration","https://github.com/200713-dotnet/project-challenge-p1-DevJamesC"
"Feature Concentration","https://github.com/200713-dotnet/project-challenge-p1-Ian-Gilbert"
"Feature Concentration","https://github.com/200713-dotnet/project-challenge-p1-LyndonS01"
"Feature Concentration","https://github.com/200713-dotnet/project-challenge-p1-Pyrodron"
"Feature Concentration","https://github.com/200713-dotnet/project-challenge-p1-cvchavez2"
"Feature Concentration","https://github.com/200713-dotnet/project-challenge-p1-dkdawkins"
"Feature Concentration","https://github.com/200713-dotnet/project-challenge-p1-droptophop"
"Feature Concentration","https://github.com/200713-dotnet/project-challenge-p1-jpittman23"
"Feature Concentration","https://github.com/200713-dotnet/project-challenge-p1-kguers"
"Feature Concentration","https://github.com/200713-dotnet/project-challenge-p1-kyeel1"
"Feature Concentration","https://github.com/200713-dotnet/project-challenge-p1-rennerpa93"
"Feature Concentration","https://github.com/2008PegaUSF/curley-repo"
"Feature Concentration","https://github.com/200Puls/darksky-forecast-api"
"Feature Concentration","https://github.com/201241/cashflow-front-v3"
"Feature Concentration","https://github.com/2012692013/demoProject"
"Feature Concentration","https://github.com/2012monk/copang-backend"
"Feature Concentration","https://github.com/201402407/myAlgorithm"
"Feature Concentration","https://github.com/2014058596/55555"
"Feature Concentration","https://github.com/2015211289/Core-Java-SE-9-for-the-imaptinet-Exercise-answer-"
"Feature Concentration","https://github.com/2015jstx/cacheTestProject"
"Feature Concentration","https://github.com/20161104607/Unban"
"Feature Concentration","https://github.com/201624133116/uni"
"Feature Concentration","https://github.com/20162430413/RainCloud"
"Feature Concentration","https://github.com/2016SCJ/PEsystem"
"Feature Concentration","https://github.com/2017011419/android-studio"
"Feature Concentration","https://github.com/201710757/planAppAD"
"Feature Concentration","https://github.com/20171086/JHK"
"Feature Concentration","https://github.com/201729101/Proyecto2_202010_sec4_team12"
"Feature Concentration","https://github.com/2017398956/AbcPermission"
"Feature Concentration","https://github.com/2017398956/libraryoflibrary"
"Feature Concentration","https://github.com/2017398956/packet-capture"
"Feature Concentration","https://github.com/2018-2019-backup/GCP"
"Feature Concentration","https://github.com/2018-2019-backup/Kilargo"
"Feature Concentration","https://github.com/2018030429/programacion-movil"
"Feature Concentration","https://github.com/2018091618010/sign_in_system"
"Feature Concentration","https://github.com/201811510215kjx/family-server-manage"
"Feature Concentration","https://github.com/201811671102/computerGo"
"Feature Concentration","https://github.com/2018shiji/cmdclient"
"Feature Concentration","https://github.com/2019-11-22/LearningUPM"
"Feature Concentration","https://github.com/2019-iuc-sw-skku/Lambda256"
"Feature Concentration","https://github.com/2019-scut-practical-training-team/webank"
"Feature Concentration","https://github.com/201903011/mini1"
"Feature Concentration","https://github.com/2019211001000707ZhengMengEn/2019211001000707ZhengMengen"
"Feature Concentration","https://github.com/20198191/SmartBuildingApplication"
"Feature Concentration","https://github.com/201983290498/aiphotoBack"
"Feature Concentration","https://github.com/2019Ganjil-RealitasVirtualDanAugmentasi/tugas-1-driving-simulation-ginkokuryuu"
"Feature Concentration","https://github.com/2019Ganjil-RealitasVirtualDanAugmentasi/tugas-1-driving-simulation-shakellzero"
"Feature Concentration","https://github.com/2020-09-14/LogisticsVehicleManagementAPI"
"Feature Concentration","https://github.com/20200829/Navidroid-1"
"Feature Concentration","https://github.com/20203tn082/SISO"
"Feature Concentration","https://github.com/2020Michal/Camera_Simulation_Images"
"Feature Concentration","https://github.com/2020NCOV/MiniProgram-server-JAVA"
"Feature Concentration","https://github.com/2021-Collathon-team-5/Mealacle_app"
"Feature Concentration","https://github.com/2021-Defi-Hackathon-NEC/2021-Defi"
"Feature Concentration","https://github.com/2021-Fall-Cohort/m3-reviews-site-code-blooded"
"Feature Concentration","https://github.com/2021-PROJETNFP121-10815F-10625F-P2/FINAL_PROJECT"
"Feature Concentration","https://github.com/2021-SMHRD-IITP-AI/YH_android"
"Feature Concentration","https://github.com/2021-SMHRD-IITP-AI/j_android"
"Feature Concentration","https://github.com/2021-SMHRD-IITP-AI/van_android2"
"Feature Concentration","https://github.com/2021-SMHRD-IITP-Bigdata-2/Dr.R"
"Feature Concentration","https://github.com/2021-SMHRD-IITP-Bigdata-3/AUTOBUY"
"Feature Concentration","https://github.com/2021-SMHRD-IITP-Bigdata-3/MSJJ"
"Feature Concentration","https://github.com/2021-SMHRD-IITP-Bigdata-3/Plogging"
"Feature Concentration","https://github.com/2021-SMHRD-IITP-Bigdata-3/VarChar"
"Feature Concentration","https://github.com/2021-SMHRD-IITP-Bigdata-3/plogging-source-"
"Feature Concentration","https://github.com/2021-SMHRD-IITP-Bigdata-4/ToonHub"
"Feature Concentration","https://github.com/2021-SMHRD-IITP-Bigdata-4/vipproject"
"Feature Concentration","https://github.com/2021-SMHRD-KDT-AI-1/JamMinWorld"
"Feature Concentration","https://github.com/2021-SMHRD-KDT-AI-4/NamGongBulLak_FINAL"
"Feature Concentration","https://github.com/2021-SMHRD-KDT-AI-4/YB"
"Feature Concentration","https://github.com/2021-SMHRD-KDT-AI-4/YB-server"
"Feature Concentration","https://github.com/2021-SMHRD-KDT-AI-5/Baedalground-App"
"Feature Concentration","https://github.com/2021-SMHRD-KDT-AI-5/hiTerminator"
"Feature Concentration","https://github.com/2021-SMHRD-KDT-Bigdata-5/PONGPONG"
"Feature Concentration","https://github.com/2021-SMHRD-KDT-IoT-1/PS_empty_bottle_bank"
"Feature Concentration","https://github.com/2021-SMHRD-KDT-IoT-1/cos_table"
"Feature Concentration","https://github.com/2021-SMHRD-KDT-IoT-4/SaltManager"
"Feature Concentration","https://github.com/2021-SMHRD-KDT-IoT-4/SmartManager"
"Feature Concentration","https://github.com/2021-SMHRD-KDT-IoT-4/SmartSalternManager2"
"Feature Concentration","https://github.com/2021-SMHRD-KDT-IoT-4/kimga_second"
"Feature Concentration","https://github.com/2021-SMHRD-KDT-IoT-4/smartsalt_app"
"Feature Concentration","https://github.com/2021-SMHRD-KDT-IoT-4/smartsalt_web"
"Feature Concentration","https://github.com/2021-SMHRD-KDT-New-AI-1/WOWBRO"
"Feature Concentration","https://github.com/2021-SMHRD-KDT-New-AI-1/thinkBig"
"Feature Concentration","https://github.com/2021-SMHRD-KDT-New-Bigdata-1/BEFAST"
"Feature Concentration","https://github.com/2021-SMHRD-KDT-New-Bigdata-1/whitebeard"
"Feature Concentration","https://github.com/2021-SMHRD-KDT-New-IoT-1/Pot"
"Feature Concentration","https://github.com/2021-SMHRD-KDT-New-IoT-1/SuperClass"
"Feature Concentration","https://github.com/2021-SW-6/opensource_zxing_repository"
"Feature Concentration","https://github.com/2021-contest-exhibit/modak-server"
"Feature Concentration","https://github.com/2021-ict-hanium/ezfarm-back"
"Feature Concentration","https://github.com/2021-innovation-hackathon/KimSsiPyoRyuKi"
"Feature Concentration","https://github.com/2021-innovation-hackathon/YuRiHanTeam_Sravel"
"Feature Concentration","https://github.com/2021-innovation-hackathon/stocker"
"Feature Concentration","https://github.com/2021-oasis-hackathon/Doctors"
"Feature Concentration","https://github.com/2021-oasis-hackathon/HamSeong"
"Feature Concentration","https://github.com/2021-oasis-hackathon/JeonWon_Concentration"
"Feature Concentration","https://github.com/2021-oasis-hackathon/granola"
"Feature Concentration","https://github.com/2021BIGDATARESEARCHER/Hadoop-Reasearch"
"Feature Concentration","https://github.com/2021Devops2019QxTeam/UsableCodes"
"Feature Concentration","https://github.com/2021TenGroup/LogisticsJava"
"Feature Concentration","https://github.com/20436-TomasJorge/20436_TomasJorge_20347_LuizFelhberg_TP02_PO2_2020-2021"
"Feature Concentration","https://github.com/206039/FileEditorApp"
"Feature Concentration","https://github.com/2084796919/ssmcurd"
"Feature Concentration","https://github.com/20IT032/sgp"
"Feature Concentration","https://github.com/20TECHRS/teExercises2021"
"Feature Concentration","https://github.com/20akumbhar/WA-TEXT"
"Feature Concentration","https://github.com/20centaurifux/mpcw"
"Feature Concentration","https://github.com/20inseong/opensourceproj_inseong"
"Feature Concentration","https://github.com/20it143fenilshiroya/20IT143-SGP-PROJECT-3RD-SEM"
"Feature Concentration","https://github.com/20kdc/gabien-common"
"Feature Concentration","https://github.com/20seok/CarSummary"
"Feature Concentration","https://github.com/210128/Tomasz_Zalejski-kodilla"
"Feature Concentration","https://github.com/210342/Sound-Processing"
"Feature Concentration","https://github.com/210503-Reston-KwikKoder/Back-End-Live-Competitions"
"Feature Concentration","https://github.com/210517-Enterprise/glance_p2"
"Feature Concentration","https://github.com/210614-JavaFS/project0-JphanACC"
"Feature Concentration","https://github.com/210614-JavaFS/project1-btoledo2"
"Feature Concentration","https://github.com/210614-JavaFS/project1-munibk22"
"Feature Concentration","https://github.com/210614-JavaFS/project1-tjwoods03"
"Feature Concentration","https://github.com/210628-UTA-NET/Julian-He-P1"
"Feature Concentration","https://github.com/210628-UTA-NET/P2-Songs-ink"
"Feature Concentration","https://github.com/210628-UTA-NET/Strong-Pi.html-P2"
"Feature Concentration","https://github.com/210628-UTA-NET/Thomas-Moerschel-P0"
"Feature Concentration","https://github.com/210628-UTA-NET/TutorConnect"
"Feature Concentration","https://github.com/210628-UTA-NET/hieu-phan-p1"
"Feature Concentration","https://github.com/2106Pega/Curriculum-Resources"
"Feature Concentration","https://github.com/210712-Richard/2107-Reactive"
"Feature Concentration","https://github.com/210712-Richard/alby.pawlisch.p1"
"Feature Concentration","https://github.com/210712-Richard/ellis.delgado.p1"
"Feature Concentration","https://github.com/210712-Richard/khine.thet.p1"
"Feature Concentration","https://github.com/210712-Richard/luke.claggett.p1"
"Feature Concentration","https://github.com/210712-Richard/michael.mcinerney.p0"
"Feature Concentration","https://github.com/210712-Richard/michael.mcinerney.p1"
"Feature Concentration","https://github.com/210712-Richard/siddhant.mohanty.p1"
"Feature Concentration","https://github.com/210712-Richard/team1.p2"
"Feature Concentration","https://github.com/210712-Richard/team2.p2"
"Feature Concentration","https://github.com/210712-Richard/team3.p2"
"Feature Concentration","https://github.com/210712jwa/Aromatic-Mountain-Technologies-amt-mvc"
"Feature Concentration","https://github.com/210712jwa/Project0_Haifeng"
"Feature Concentration","https://github.com/210712jwa/Project2_BachsBoys"
"Feature Concentration","https://github.com/210712jwa/Reci-Peas_Project2"
"Feature Concentration","https://github.com/210726-Enterprise/JDBC_p2"
"Feature Concentration","https://github.com/210726-java-react-serverless/Cody-Heather_api_p1"
"Feature Concentration","https://github.com/210726-java-react-serverless/SignMeUp-Api"
"Feature Concentration","https://github.com/210726-java-react-serverless/charles_mettee_p0"
"Feature Concentration","https://github.com/210726-java-react-serverless/cody_mcdonald_p0"
"Feature Concentration","https://github.com/210726-java-react-serverless/hiroshi_nobuoka_p0"
"Feature Concentration","https://github.com/210726-java-react-serverless/john-kim_api_p1"
"Feature Concentration","https://github.com/210726-java-react-serverless/jose-robert_api_p1"
"Feature Concentration","https://github.com/210726-java-react-serverless/luna_charles_api_p1"
"Feature Concentration","https://github.com/210726-java-react-serverless/marwan_bataineh_p0"
"Feature Concentration","https://github.com/210726-java-react-serverless/robert_ni_p0"
"Feature Concentration","https://github.com/210726-java-react-serverless/sean_dunn_p0"
"Feature Concentration","https://github.com/210726-wvu-net-ext/P1-Ashlie-Nguyen"
"Feature Concentration","https://github.com/210726-wvu-net-ext/P2-Group-1--Ryan-Earles--Liam-Sloan--Sean-Fitzmaurice"
"Feature Concentration","https://github.com/210823-Enterprise/Brink_p1"
"Feature Concentration","https://github.com/210823-Enterprise/Cataclysm"
"Feature Concentration","https://github.com/210823-Enterprise/NotBad-P1"
"Feature Concentration","https://github.com/210823-Enterprise/team2-project1"
"Feature Concentration","https://github.com/210823-java-msa-wvu/Jorge-Tinajero-p1"
"Feature Concentration","https://github.com/210823-java-msa-wvu/anthony_vu_project_one"
"Feature Concentration","https://github.com/210823-java-msa-wvu/james-scarnati-p0"
"Feature Concentration","https://github.com/210823-java-msa-wvu/jason-melick-p1"
"Feature Concentration","https://github.com/210823-java-msa-wvu/yungdrung_gurung_p1"
"Feature Concentration","https://github.com/2108Java/expense-reimbursement-tyler-claude-gene-baconbits"
"Feature Concentration","https://github.com/2108Java/project-0-Rsmith61979"
"Feature Concentration","https://github.com/2108Java/project-0-tanickl"
"Feature Concentration","https://github.com/210913-USF-NET/P0-Brian-Martinez"
"Feature Concentration","https://github.com/210913-USF-NET/P0-Carlos-Martinez"
"Feature Concentration","https://github.com/210913-USF-NET/P0-Hunter-Rose"
"Feature Concentration","https://github.com/210913-USF-NET/P1-Bao-Duong"
"Feature Concentration","https://github.com/210913-USF-NET/P1-Justin-Peifer"
"Feature Concentration","https://github.com/210913-USF-NET/P1-Karla-Rodriguez"
"Feature Concentration","https://github.com/210913-USF-NET/P1-Larry-Moua"
"Feature Concentration","https://github.com/210913-USF-NET/P1-Siavash-Nezhad"
"Feature Concentration","https://github.com/210913-USF-NET/P1-Tenzin-Woesel"
"Feature Concentration","https://github.com/210913-USF-NET/PO-Strickland"
"Feature Concentration","https://github.com/210913-USF-NET/p1_hao"
"Feature Concentration","https://github.com/210913-java-full-stack/Adam-Connor-Project-1"
"Feature Concentration","https://github.com/210913-java-full-stack/Erika-Kollier"
"Feature Concentration","https://github.com/210913-java-full-stack/Team_Excellence"
"Feature Concentration","https://github.com/210913-java-full-stack/andrew-petersen"
"Feature Concentration","https://github.com/210913-java-full-stack/kollier-martin"
"Feature Concentration","https://github.com/210927-JavaFS/project0-Doberman1"
"Feature Concentration","https://github.com/210927-JavaFS/project0-Karl-Model"
"Feature Concentration","https://github.com/210927-JavaFS/project0-SacredBovine"
"Feature Concentration","https://github.com/210927-JavaFS/project0-albertlixw"
"Feature Concentration","https://github.com/210927-JavaFS/project0-bucknermi"
"Feature Concentration","https://github.com/210927-JavaFS/project0-tubigervie"
"Feature Concentration","https://github.com/210927-JavaFS/project0-umi729"
"Feature Concentration","https://github.com/210927-JavaFS/project1-BryonConnolly"
"Feature Concentration","https://github.com/210927-JavaFS/project1-Build-coder"
"Feature Concentration","https://github.com/210927-JavaFS/project1-LurkingGarbage"
"Feature Concentration","https://github.com/210927-JavaFS/project1-chutieu312"
"Feature Concentration","https://github.com/210927-UTA-SH-Java-React-EM/EthansNotesAndExamples"
"Feature Concentration","https://github.com/211018jwa/jymm-repository"
"Feature Concentration","https://github.com/211101-java-react-enterprise/andrew_aslakson_p0"
"Feature Concentration","https://github.com/211101-java-react-enterprise/cole_paris_p0"
"Feature Concentration","https://github.com/211101-java-react-enterprise/frederick_hingst_p0"
"Feature Concentration","https://github.com/211101-java-react-enterprise/frederick_hingst_p0_delete"
"Feature Concentration","https://github.com/211101-java-react-enterprise/heather_z_p0"
"Feature Concentration","https://github.com/211101-java-react-enterprise/jonah_landry_p0"
"Feature Concentration","https://github.com/211101-java-react-enterprise/jongsoo_chong_p0"
"Feature Concentration","https://github.com/211101-java-react-enterprise/michael_chau_p0"
"Feature Concentration","https://github.com/211101-java-react-enterprise/qi_zhang_p0"
"Feature Concentration","https://github.com/211101-java-react-enterprise/william_nelson_p0"
"Feature Concentration","https://github.com/21141MENDO/EventosTec1"
"Feature Concentration","https://github.com/211724703/WeddingProject"
"Feature Concentration","https://github.com/211nikola/hackathon_2"
"Feature Concentration","https://github.com/2130-Programmers/AlphaRed"
"Feature Concentration","https://github.com/2130-Programmers/CoryXHatimFanficWIthAdditions"
"Feature Concentration","https://github.com/21503882/Hospital-appointment"
"Feature Concentration","https://github.com/21503882/Physical-manage"
"Feature Concentration","https://github.com/21503882/airplane-ticket"
"Feature Concentration","https://github.com/21503882/an-association"
"Feature Concentration","https://github.com/21503882/answer"
"Feature Concentration","https://github.com/21503882/association"
"Feature Concentration","https://github.com/21503882/bank-info"
"Feature Concentration","https://github.com/21503882/bank-mag"
"Feature Concentration","https://github.com/21503882/bike-rent"
"Feature Concentration","https://github.com/21503882/blogmany"
"Feature Concentration","https://github.com/21503882/car-hire"
"Feature Concentration","https://github.com/21503882/car-mag"
"Feature Concentration","https://github.com/21503882/car-maintain"
"Feature Concentration","https://github.com/21503882/car-sale"
"Feature Concentration","https://github.com/21503882/carsale"
"Feature Concentration","https://github.com/21503882/casehistory"
"Feature Concentration","https://github.com/21503882/checkon"
"Feature Concentration","https://github.com/21503882/citybus"
"Feature Concentration","https://github.com/21503882/client-relation"
"Feature Concentration","https://github.com/21503882/clothes"
"Feature Concentration","https://github.com/21503882/clothing"
"Feature Concentration","https://github.com/21503882/communication-ssh"
"Feature Concentration","https://github.com/21503882/company-CRM"
"Feature Concentration","https://github.com/21503882/company-sale"
"Feature Concentration","https://github.com/21503882/companydoor"
"Feature Concentration","https://github.com/21503882/companydoor2"
"Feature Concentration","https://github.com/21503882/companyfinancial-"
"Feature Concentration","https://github.com/21503882/companypublish"
"Feature Concentration","https://github.com/21503882/device-manage"
"Feature Concentration","https://github.com/21503882/distributor"
"Feature Concentration","https://github.com/21503882/examanalysis"
"Feature Concentration","https://github.com/21503882/examination1"
"Feature Concentration","https://github.com/21503882/exammany"
"Feature Concentration","https://github.com/21503882/filemanage"
"Feature Concentration","https://github.com/21503882/film-choose"
"Feature Concentration","https://github.com/21503882/friend"
"Feature Concentration","https://github.com/21503882/fuzhuang"
"Feature Concentration","https://github.com/21503882/gym-club"
"Feature Concentration","https://github.com/21503882/hair-mag"
"Feature Concentration","https://github.com/21503882/hismanager"
"Feature Concentration","https://github.com/21503882/hotel-manage"
"Feature Concentration","https://github.com/21503882/house-decorate"
"Feature Concentration","https://github.com/21503882/house-pet"
"Feature Concentration","https://github.com/21503882/house-property"
"Feature Concentration","https://github.com/21503882/houseing"
"Feature Concentration","https://github.com/21503882/invite"
"Feature Concentration","https://github.com/21503882/logisticsmanage"
"Feature Concentration","https://github.com/21503882/machine-room"
"Feature Concentration","https://github.com/21503882/merchandise-jxc"
"Feature Concentration","https://github.com/21503882/name-service"
"Feature Concentration","https://github.com/21503882/net-book"
"Feature Concentration","https://github.com/21503882/net-cosmetic"
"Feature Concentration","https://github.com/21503882/net-dinner"
"Feature Concentration","https://github.com/21503882/net-flower"
"Feature Concentration","https://github.com/21503882/net-flowery"
"Feature Concentration","https://github.com/21503882/net-gym"
"Feature Concentration","https://github.com/21503882/net-photo"
"Feature Concentration","https://github.com/21503882/net-shop"
"Feature Concentration","https://github.com/21503882/net-shopp"
"Feature Concentration","https://github.com/21503882/net-shopping"
"Feature Concentration","https://github.com/21503882/netpharmacy"
"Feature Concentration","https://github.com/21503882/netstudy"
"Feature Concentration","https://github.com/21503882/network-flower"
"Feature Concentration","https://github.com/21503882/networkbook"
"Feature Concentration","https://github.com/21503882/online-film"
"Feature Concentration","https://github.com/21503882/onmusic"
"Feature Concentration","https://github.com/21503882/part"
"Feature Concentration","https://github.com/21503882/pharmacyjxc"
"Feature Concentration","https://github.com/21503882/phymanage"
"Feature Concentration","https://github.com/21503882/property-manage"
"Feature Concentration","https://github.com/21503882/reading"
"Feature Concentration","https://github.com/21503882/relationclient"
"Feature Concentration","https://github.com/21503882/road-mag"
"Feature Concentration","https://github.com/21503882/sales"
"Feature Concentration","https://github.com/21503882/school-purchase"
"Feature Concentration","https://github.com/21503882/school-used"
"Feature Concentration","https://github.com/21503882/schoolnet"
"Feature Concentration","https://github.com/21503882/seafood"
"Feature Concentration","https://github.com/21503882/second-car"
"Feature Concentration","https://github.com/21503882/secondshop"
"Feature Concentration","https://github.com/21503882/shoping"
"Feature Concentration","https://github.com/21503882/sportnews"
"Feature Concentration","https://github.com/21503882/stadium-manage"
"Feature Concentration","https://github.com/21503882/stu-news"
"Feature Concentration","https://github.com/21503882/stuchoosecourse"
"Feature Concentration","https://github.com/21503882/student-file"
"Feature Concentration","https://github.com/21503882/student-info"
"Feature Concentration","https://github.com/21503882/student-job"
"Feature Concentration","https://github.com/21503882/studentinfo"
"Feature Concentration","https://github.com/21503882/studentinfossh"
"Feature Concentration","https://github.com/21503882/studentschoolroom"
"Feature Concentration","https://github.com/21503882/studentscore"
"Feature Concentration","https://github.com/21503882/stusushe"
"Feature Concentration","https://github.com/21503882/tea-jxc"
"Feature Concentration","https://github.com/21503882/teacher"
"Feature Concentration","https://github.com/21503882/teachertask"
"Feature Concentration","https://github.com/21503882/teaching"
"Feature Concentration","https://github.com/21503882/teaching-material"
"Feature Concentration","https://github.com/21503882/teaching-resources"
"Feature Concentration","https://github.com/21503882/tearch-file"
"Feature Concentration","https://github.com/21503882/ticket-car"
"Feature Concentration","https://github.com/21503882/trip"
"Feature Concentration","https://github.com/21503882/university-student"
"Feature Concentration","https://github.com/21503882/used"
"Feature Concentration","https://github.com/21503882/vote1"
"Feature Concentration","https://github.com/21503882/work-submit"
"Feature Concentration","https://github.com/215062264/Assignment12"
"Feature Concentration","https://github.com/2160781/RA2PI_FINAL"
"Feature Concentration","https://github.com/217853/PT2019"
"Feature Concentration","https://github.com/218492/pempera"
"Feature Concentration","https://github.com/2199robolions/2021Code"
"Feature Concentration","https://github.com/21Joakim/Jockie-Utils"
"Feature Concentration","https://github.com/21MRR/dscatalog-final"
"Feature Concentration","https://github.com/21SOX-internship/diary0200"
"Feature Concentration","https://github.com/21Xue/Splider"
"Feature Concentration","https://github.com/21albertoff/MDS2"
"Feature Concentration","https://github.com/21ca/selenium-testng-template"
"Feature Concentration","https://github.com/21pchangkachith/Galago"
"Feature Concentration","https://github.com/21thCenturyBoy/Simulation-StateMachine"
"Feature Concentration","https://github.com/2212021/Android-File-Manager"
"Feature Concentration","https://github.com/2212021/Android-Stopwatch"
"Feature Concentration","https://github.com/2214525284/majiang"
"Feature Concentration","https://github.com/22222bh/SketchTogether"
"Feature Concentration","https://github.com/2224248204/huskyChat"
"Feature Concentration","https://github.com/2227324689/concurrent-case"
"Feature Concentration","https://github.com/2227324689/gpmall"
"Feature Concentration","https://github.com/2227324689/lottery-redis"
"Feature Concentration","https://github.com/2227324689/sharding-sphere-source"
"Feature Concentration","https://github.com/2227558856/JavaWeb-Hospital"
"Feature Concentration","https://github.com/2229499815/jdm"
"Feature Concentration","https://github.com/2232408653/wxxx"
"Feature Concentration","https://github.com/22557i/LeetCodeEasy"
"Feature Concentration","https://github.com/228525125/emr"
"Feature Concentration","https://github.com/229932Kucharski/MovieCollection"
"Feature Concentration","https://github.com/22CB7139/Jcoffe"
"Feature Concentration","https://github.com/22MadhumithaSri/ElderCareApp"
"Feature Concentration","https://github.com/22hours/HIS"
"Feature Concentration","https://github.com/22hours/typress"
"Feature Concentration","https://github.com/22pheobi22/NettyServerCenter2"
"Feature Concentration","https://github.com/22pheobi22/nettyTest_Client4"
"Feature Concentration","https://github.com/22pheobi22/nettyTest_Client5"
"Feature Concentration","https://github.com/22pheobi22/nettyTest_Client6"
"Feature Concentration","https://github.com/23/23-api-dotnet"
"Feature Concentration","https://github.com/23021985/Idrunk-booking-system"
"Feature Concentration","https://github.com/23021985/springboot-eindproject-novi"
"Feature Concentration","https://github.com/231021083dap/DoofenshmirtzWebShop"
"Feature Concentration","https://github.com/231021083dap/Orangular"
"Feature Concentration","https://github.com/2318279444/xiaoshixun1_1"
"Feature Concentration","https://github.com/232179773/t9"
"Feature Concentration","https://github.com/2322974451/XProjects"
"Feature Concentration","https://github.com/2333174/MailBox_FYCC"
"Feature Concentration","https://github.com/23456-Tony-Larrea/afectacionweb"
"Feature Concentration","https://github.com/23456-Tony-Larrea/zooLine"
"Feature Concentration","https://github.com/2345free/gs-tdd"
"Feature Concentration","https://github.com/235/gwt-pf"
"Feature Concentration","https://github.com/2359451d/lightweight-blog-backend"
"Feature Concentration","https://github.com/2374/Season2020"
"Feature Concentration","https://github.com/2387744807/WeMusic"
"Feature Concentration","https://github.com/2390438889/IO"
"Feature Concentration","https://github.com/2395121y/ProjectFinal2"
"Feature Concentration","https://github.com/2396BAR/appdeva"
"Feature Concentration","https://github.com/239yash/Team-App-Android"
"Feature Concentration","https://github.com/23Chromosomes/Kassasysteem"
"Feature Concentration","https://github.com/23jonathan23/aspect-oriented-programming-unipampa-2021"
"Feature Concentration","https://github.com/23jonathan23/design-patterns-in-java"
"Feature Concentration","https://github.com/23maxb/dndtest"
"Feature Concentration","https://github.com/23quan/colortumodule"
"Feature Concentration","https://github.com/23u18u24/BackgroundStudy"
"Feature Concentration","https://github.com/2402575933/Vue-Back"
"Feature Concentration","https://github.com/2403102119/ShengQian_android"
"Feature Concentration","https://github.com/241262211/apptool"
"Feature Concentration","https://github.com/2413Team/BookShop"
"Feature Concentration","https://github.com/2427691354/siitep"
"Feature Concentration","https://github.com/2445221583/my_spring"
"Feature Concentration","https://github.com/2445221583/myredpacket"
"Feature Concentration","https://github.com/2450099/testGameCopy"
"Feature Concentration","https://github.com/2452862704/PeopleDaliy"
"Feature Concentration","https://github.com/2452862704/ppjoke"
"Feature Concentration","https://github.com/245553473/cyb-pro"
"Feature Concentration","https://github.com/24628/java-finalassignment"
"Feature Concentration","https://github.com/24628/nosql-project"
"Feature Concentration","https://github.com/2468581628/TeamOA"
"Feature Concentration","https://github.com/2474942479/fake_foreigner"
"Feature Concentration","https://github.com/24986810/SFTR_HRTA"
"Feature Concentration","https://github.com/2499603447/ICCECarkey"
"Feature Concentration","https://github.com/24BLOOM/Snake-Unit-Test"
"Feature Concentration","https://github.com/24Kshign/OKHttpDemo"
"Feature Concentration","https://github.com/24Saloni/WMAutomationProject"
"Feature Concentration","https://github.com/24akhil/DotNetCoreMVC3.1"
"Feature Concentration","https://github.com/24fisher/metron"
"Feature Concentration","https://github.com/24twelve/Contests"
"Feature Concentration","https://github.com/24wings/dingding-saas"
"Feature Concentration","https://github.com/2504816574/DataStructuresAndAlgorithm"
"Feature Concentration","https://github.com/2508606867/dataops"
"Feature Concentration","https://github.com/251006339/Java-Senior"
"Feature Concentration","https://github.com/251538232/ItStudyTokyoOp"
"Feature Concentration","https://github.com/252217616/Messy"
"Feature Concentration","https://github.com/254475503/FiveAlgorithmsPractice"
"Feature Concentration","https://github.com/2551607429/curriculum_assessment"
"Feature Concentration","https://github.com/2571138262/RabbitMQ-Learning"
"Feature Concentration","https://github.com/2575688848/power-music"
"Feature Concentration","https://github.com/25LioN52/SmartApartmentSystem"
"Feature Concentration","https://github.com/25samyu/bms-kafka"
"Feature Concentration","https://github.com/260446015/portal-engine"
"Feature Concentration","https://github.com/2605759123/DriverAPP"
"Feature Concentration","https://github.com/2605759123/DriverCarAPP"
"Feature Concentration","https://github.com/2605759123/SmartHome"
"Feature Concentration","https://github.com/2605759123/SmartRubbish"
"Feature Concentration","https://github.com/260724860/LEL"
"Feature Concentration","https://github.com/2610MO/TP2020-2"
"Feature Concentration","https://github.com/2635064692/SourceCode-learning"
"Feature Concentration","https://github.com/2635Lakemonsters/Scoutnet-Client"
"Feature Concentration","https://github.com/2637977081/SpringBootDC"
"Feature Concentration","https://github.com/2645318626/2645318626"
"Feature Concentration","https://github.com/2666fff/ChineseAlmanac"
"Feature Concentration","https://github.com/2669220171/xiaomi-ssm"
"Feature Concentration","https://github.com/26mayyav/Vaishnavi"
"Feature Concentration","https://github.com/26moorca/Repository-Name"
"Feature Concentration","https://github.com/26vaidha/season2021"
"Feature Concentration","https://github.com/270686992/fumeng-staging"
"Feature Concentration","https://github.com/270901801/learnRoot"
"Feature Concentration","https://github.com/2720851545/netty-learn"
"Feature Concentration","https://github.com/2729StormRobotics/StormAppMaster2020"
"Feature Concentration","https://github.com/2729StormRobotics/StormAppUser2020"
"Feature Concentration","https://github.com/2745635513/AlgorithmDemo"
"Feature Concentration","https://github.com/275282657/chenfan-finance"
"Feature Concentration","https://github.com/275779273/zrzk"
"Feature Concentration","https://github.com/276255322/FTPManage"
"Feature Concentration","https://github.com/278363011/yuanyuanbao"
"Feature Concentration","https://github.com/278770902/evm-wasu"
"Feature Concentration","https://github.com/279328316/JcApiHelper"
"Feature Concentration","https://github.com/279328316/JcCore"
"Feature Concentration","https://github.com/279328316/MLStudy"
"Feature Concentration","https://github.com/27chandler/SpaceProject"
"Feature Concentration","https://github.com/27sravanthi/OrangeHRM01_Repositry"
"Feature Concentration","https://github.com/27sravanthi/OrangrHRM27_Remote"
"Feature Concentration","https://github.com/2803404074/Rxjava2Retrofit2NetFrame-master"
"Feature Concentration","https://github.com/2803404074/RxjavaRetrofit2-master"
"Feature Concentration","https://github.com/2805651606/gmall2020"
"Feature Concentration","https://github.com/280780363/guc"
"Feature Concentration","https://github.com/2820881540/my_endwork"
"Feature Concentration","https://github.com/28235997/wjmall"
"Feature Concentration","https://github.com/2823761854/SystemCharting"
"Feature Concentration","https://github.com/283006603/jetpack-WanAndroid"
"Feature Concentration","https://github.com/2834895397-lu/erpapp"
"Feature Concentration","https://github.com/285551339/nebulaol-parent"
"Feature Concentration","https://github.com/2857944093/springboot-series"
"Feature Concentration","https://github.com/2879924329/SsmTest"
"Feature Concentration","https://github.com/2881099/FightLandlord"
"Feature Concentration","https://github.com/2881099/FreeSql.Tools"
"Feature Concentration","https://github.com/2881099/csredis"
"Feature Concentration","https://github.com/289/jstest"
"Feature Concentration","https://github.com/2892931976/Algorithms-in-Go"
"Feature Concentration","https://github.com/2893348004/BankingApplication"
"Feature Concentration","https://github.com/289562326/bigdata_mhm"
"Feature Concentration","https://github.com/28Emc/biclapp"
"Feature Concentration","https://github.com/28Pollux28/ImageWorldGenerator"
"Feature Concentration","https://github.com/28yashverma/schoolmonitor-backend"
"Feature Concentration","https://github.com/291421358/MrTang"
"Feature Concentration","https://github.com/295647706/gow-electricity"
"Feature Concentration","https://github.com/29574196/TimeTableApp"
"Feature Concentration","https://github.com/2986015536/myapp1"
"Feature Concentration","https://github.com/2995248390/A7_MY_PM"
"Feature Concentration","https://github.com/29DCH/Imitation-nowcoder-questionbank-background-system"
"Feature Concentration","https://github.com/29DCH/LovingHome-Real-Estate-Platform"
"Feature Concentration","https://github.com/29yang/DhySet"
"Feature Concentration","https://github.com/2Checkout/2checkout-java"
"Feature Concentration","https://github.com/2Dlesha/WT2019.SimpleLibraryCRUD"
"Feature Concentration","https://github.com/2JeongYun/NTPver1"
"Feature Concentration","https://github.com/2Kalnov/printed-server"
"Feature Concentration","https://github.com/2TTeam/LAB211---OOP-with-Java-Lab"
"Feature Concentration","https://github.com/2XUID/FIT1051"
"Feature Concentration","https://github.com/2XX-TEAM/ConfinApp"
"Feature Concentration","https://github.com/2Y2s1mple/xintent"
"Feature Concentration","https://github.com/2apoorva5/COVID-19_Tracker---Application-for-Android"
"Feature Concentration","https://github.com/2apoorva5/FitBeetles---Fitness-Centre-Booking"
"Feature Concentration","https://github.com/2apoorva5/FoodDoor---Food-Ordering-Application-for-Android"
"Feature Concentration","https://github.com/2apoorva5/FoodDoor-Server"
"Feature Concentration","https://github.com/2apoorva5/Hashtag---Social-Media-App"
"Feature Concentration","https://github.com/2b2ttanxiu/Functions"
"Feature Concentration","https://github.com/2b2ttanxiu/Functions-old"
"Feature Concentration","https://github.com/2catycm/VisualKnowledgeReview_for_Java"
"Feature Concentration","https://github.com/2daAlbertoCardenas/mis_proyectos_2"
"Feature Concentration","https://github.com/2dohee/homepaintings"
"Feature Concentration","https://github.com/2dukes/PROJ1_SDIS_2021"
"Feature Concentration","https://github.com/2dukes/PROJ2_SDIS_2021"
"Feature Concentration","https://github.com/2dukes/PROJ_COMP_2021"
"Feature Concentration","https://github.com/2dust/v2rayN"
"Feature Concentration","https://github.com/2everlove/JavaAlgorithmPractice"
"Feature Concentration","https://github.com/2fat2furious/monitoring"
"Feature Concentration","https://github.com/2ggg/java08_1"
"Feature Concentration","https://github.com/2gis/Winium.Cruciatus"
"Feature Concentration","https://github.com/2gis/Winium.StoreApps"
"Feature Concentration","https://github.com/2gis/windows-universal-app-driver"
"Feature Concentration","https://github.com/2haa0/spring_beginning"
"Feature Concentration","https://github.com/2hundred2ne2/-PEEPS-"
"Feature Concentration","https://github.com/2izo/dotnet_noobieMVC"
"Feature Concentration","https://github.com/2jigoo/daangnmungcat"
"Feature Concentration","https://github.com/2jooho/public_medi_dna_app"
"Feature Concentration","https://github.com/2k1p/grproject"
"Feature Concentration","https://github.com/2kchan/JSP_Board"
"Feature Concentration","https://github.com/2lstudios-mc/AntiBot"
"Feature Concentration","https://github.com/2m/cats"
"Feature Concentration","https://github.com/2m94/Contacts-App"
"Feature Concentration","https://github.com/2miri/megait-java"
"Feature Concentration","https://github.com/2ndReallyCoolName/Evy"
"Feature Concentration","https://github.com/2ntngfrd/1917051045-TAM-A"
"Feature Concentration","https://github.com/2oublePeace/MyagkoeMesto"
"Feature Concentration","https://github.com/2pacalypse/EPFL_CS"
"Feature Concentration","https://github.com/2quokka/demo-payment-rest-api"
"Feature Concentration","https://github.com/2redlight/cakeyum_android"
"Feature Concentration","https://github.com/2rohyun/pandasaza"
"Feature Concentration","https://github.com/2rohyun/patron-renewal"
"Feature Concentration","https://github.com/2ruslan/Anki_Games"
"Feature Concentration","https://github.com/2sagardeshmukh/AssignmentsandClassWorks"
"Feature Concentration","https://github.com/2sic/2sxc"
"Feature Concentration","https://github.com/2sic/poc-2sxc-mvc-website"
"Feature Concentration","https://github.com/2sohyun/bus_ticket"
"Feature Concentration","https://github.com/2toria/Excel-Quiz"
"Feature Concentration","https://github.com/2w1nd/SpringCloud-study"
"Feature Concentration","https://github.com/2whassan/Comparison-of-ADWIN-variants"
"Feature Concentration","https://github.com/2wiktor2/UdemyMyMovies"
"Feature Concentration","https://github.com/2wiktor2/UdemyMyMovies2"
"Feature Concentration","https://github.com/2wiktor2/UdemyRazdel9"
"Feature Concentration","https://github.com/2winsen/lu"
"Feature Concentration","https://github.com/2xOu7/GentleRain"
"Feature Concentration","https://github.com/2xsaiko/crogamp"
"Feature Concentration","https://github.com/2zlight/Udemy-ASP.NET"
"Feature Concentration","https://github.com/3-5Team/skanu"
"Feature Concentration","https://github.com/3-eyed-raven/ddd-framework"
"Feature Concentration","https://github.com/30003457/COMP7211A2Repo"
"Feature Concentration","https://github.com/300aj11/Job_Portal"
"Feature Concentration","https://github.com/301083645/HelpForAss5"
"Feature Concentration","https://github.com/301710017/TICACController"
"Feature Concentration","https://github.com/3017218182/softwareTesting"
"Feature Concentration","https://github.com/3017218198/Software-Testing-public"
"Feature Concentration","https://github.com/303084687/sshr-job"
"Feature Concentration","https://github.com/303084687/sshr-job-admin"
"Feature Concentration","https://github.com/3059485516/NeteaseIMSDK"
"Feature Concentration","https://github.com/307209239/CamstarApiBuilder"
"Feature Concentration","https://github.com/30783-isel/binance"
"Feature Concentration","https://github.com/308twin/InventoryWebApi"
"Feature Concentration","https://github.com/309893147/education_resources_service"
"Feature Concentration","https://github.com/309893147/teacher_service"
"Feature Concentration","https://github.com/30Code/utilsextend"
"Feature Concentration","https://github.com/30Gabriela/SmurfGame"
"Feature Concentration","https://github.com/310369677/ycd-framework"
"Feature Concentration","https://github.com/310695702/webforum"
"Feature Concentration","https://github.com/310Lucas013/climbingRest"
"Feature Concentration","https://github.com/31181025846/Asssignment01"
"Feature Concentration","https://github.com/31181025846/demochoHuy"
"Feature Concentration","https://github.com/312888601/_540final"
"Feature Concentration","https://github.com/3137392887/myVet"
"Feature Concentration","https://github.com/314863336/jeemes-base"
"Feature Concentration","https://github.com/314R-Salles/multiWork"
"Feature Concentration","https://github.com/31545518/ttShoping"
"Feature Concentration","https://github.com/3158907221/springboot-manager"
"Feature Concentration","https://github.com/316189693/xoshop"
"Feature Concentration","https://github.com/3169581458/Spring_boot_demo"
"Feature Concentration","https://github.com/319zhouhaiwen/GF"
"Feature Concentration","https://github.com/321lichao123/bilibili_java"
"Feature Concentration","https://github.com/3222696700/xcedu"
"Feature Concentration","https://github.com/3232731490/StudentManegeSystem"
"Feature Concentration","https://github.com/326-163/timeSheet"
"Feature Concentration","https://github.com/326660884/maillog"
"Feature Concentration","https://github.com/3297364807/xiaozhi"
"Feature Concentration","https://github.com/329937249/syn-test"
"Feature Concentration","https://github.com/32kda/maploader"
"Feature Concentration","https://github.com/32v/goggles"
"Feature Concentration","https://github.com/330093922/springboot-mybatis"
"Feature Concentration","https://github.com/330132662/eyecool-demo"
"Feature Concentration","https://github.com/335134701/C_Vistual_Demo"
"Feature Concentration","https://github.com/335747949/training_system"
"Feature Concentration","https://github.com/337062213/springboot-test-project"
"Feature Concentration","https://github.com/33Infinity/SwissPairings"
"Feature Concentration","https://github.com/33abrar/ACR_voiceAdded"
"Feature Concentration","https://github.com/3420580499/Learning-of-SSM-framework"
"Feature Concentration","https://github.com/343702729/ElectronicSeal"
"Feature Concentration","https://github.com/343702729/HuiZhi"
"Feature Concentration","https://github.com/343757500/UnesShop"
"Feature Concentration","https://github.com/345531063/elecService"
"Feature Concentration","https://github.com/345ZhangRy/ZiceRichTextSample"
"Feature Concentration","https://github.com/346058210/huate"
"Feature Concentration","https://github.com/346180990/My-study-LeetCode-DesignMode"
"Feature Concentration","https://github.com/3465276922ww/alx"
"Feature Concentration","https://github.com/348183437/gxjh-springboot"
"Feature Concentration","https://github.com/348683013/mgtcom"
"Feature Concentration","https://github.com/348683013/xncommunity"
"Feature Concentration","https://github.com/357712148/bodygit"
"Feature Concentration","https://github.com/35p32/ssmmaven"
"Feature Concentration","https://github.com/360Ceeee/WeChatMoments"
"Feature Concentration","https://github.com/360GroupProject/vantageProCodeRepo"
"Feature Concentration","https://github.com/360matt-archives/Sokeese"
"Feature Concentration","https://github.com/360matt/FastMongo-v2"
"Feature Concentration","https://github.com/360matt/Sokeese-v2"
"Feature Concentration","https://github.com/360matt/UlityCore-v1"
"Feature Concentration","https://github.com/361387670/sunyanwen"
"Feature Concentration","https://github.com/361way/safe"
"Feature Concentration","https://github.com/3623/InfiniteRecharge2021"
"Feature Concentration","https://github.com/36239741/AlmoxarifadoMagaiver"
"Feature Concentration","https://github.com/362738232/Unity-Game-Frame"
"Feature Concentration","https://github.com/364825469/yuzhongkeji"
"Feature Concentration","https://github.com/3658BOSONS/UG3"
"Feature Concentration","https://github.com/365group06/AirlineReservation"
"Feature Concentration","https://github.com/36952362/MiniXimalaya"
"Feature Concentration","https://github.com/36px/passport"
"Feature Concentration","https://github.com/373675032/Molihub"
"Feature Concentration","https://github.com/373675032/su-share"
"Feature Concentration","https://github.com/373974360/deyatech"
"Feature Concentration","https://github.com/374564448/NodeApp"
"Feature Concentration","https://github.com/376453716/zookeeper-x"
"Feature Concentration","https://github.com/378978764/Snipaste-Android"
"Feature Concentration","https://github.com/379753498/bridge"
"Feature Concentration","https://github.com/386959653/javaWebDemo"
"Feature Concentration","https://github.com/3888/JavaTrainingProjects"
"Feature Concentration","https://github.com/389273716/RxJavaMonitor"
"Feature Concentration","https://github.com/389431880/icloud"
"Feature Concentration","https://github.com/391129243/guankong"
"Feature Concentration","https://github.com/392369223/BookBorrowSystem"
"Feature Concentration","https://github.com/395751618/xxphoto_android"
"Feature Concentration","https://github.com/39domia/code-coffee"
"Feature Concentration","https://github.com/39wLan/xk39-live"
"Feature Concentration","https://github.com/3A43Mka/oop"
"Feature Concentration","https://github.com/3Alouch1/datingssss"
"Feature Concentration","https://github.com/3D-e-Chem/knime-gpcrdb"
"Feature Concentration","https://github.com/3DRing/YamblzWeather"
"Feature Concentration","https://github.com/3Dawyat/Laptop-Store"
"Feature Concentration","https://github.com/3F/DllExport"
"Feature Concentration","https://github.com/3F/vsCommandEvent"
"Feature Concentration","https://github.com/3F/vsSolutionBuildEvent"
"Feature Concentration","https://github.com/3FK/BookAPI"
"Feature Concentration","https://github.com/3GF/era_dev"
"Feature Concentration","https://github.com/3HJack/SmartWidget"
"Feature Concentration","https://github.com/3LakesLand/BackingApp"
"Feature Concentration","https://github.com/3M-Company/azure-iot-platform-dotnet"
"Feature Concentration","https://github.com/3NinjaCoders/ChexSpring"
"Feature Concentration","https://github.com/3PowerPuffGirls/Eventbrite-webapp"
"Feature Concentration","https://github.com/3RD-Dimension/3RDD-GCode-Sender-Issues"
"Feature Concentration","https://github.com/3RSH/MyFirstSpringApp"
"Feature Concentration","https://github.com/3Seventy/vector370-dotnet"
"Feature Concentration","https://github.com/3Seventy/vector370-java"
"Feature Concentration","https://github.com/3TUSK/FrogCraft-Rebirth"
"Feature Concentration","https://github.com/3Tn0/android-courses-stepanenko"
"Feature Concentration","https://github.com/3aharius/GorClinic"
"Feature Concentration","https://github.com/3att3/NotificationReplyer"
"Feature Concentration","https://github.com/3azvar/radar"
"Feature Concentration","https://github.com/3bdelrahmann/cafeteria-ordering-system"
"Feature Concentration","https://github.com/3breadt/dd-plist"
"Feature Concentration","https://github.com/3cky/usb-i2c-android"
"Feature Concentration","https://github.com/3da/JsonSettingsManager"
"Feature Concentration","https://github.com/3dangs28/bioLector"
"Feature Concentration","https://github.com/3dcitydb/extension-test-ade"
"Feature Concentration","https://github.com/3dcitydb/swingx-ws"
"Feature Concentration","https://github.com/3dcitydb/texture-atlas-creator"
"Feature Concentration","https://github.com/3dotsDev/Hex_Example_CQRS"
"Feature Concentration","https://github.com/3e2j/StatuesNRunes"
"Feature Concentration","https://github.com/3ggoxie/Student_IMS_TheFinal"
"Feature Concentration","https://github.com/3idev/pivo-cloud"
"Feature Concentration","https://github.com/3instein/AFLMovieDB"
"Feature Concentration","https://github.com/3kba/TrashCan"
"Feature Concentration","https://github.com/3mcloud/GFC-Grouper-Foundation-Classes"
"Feature Concentration","https://github.com/3mrdev/gamechanic"
"Feature Concentration","https://github.com/3ono3/jianzhiOffer"
"Feature Concentration","https://github.com/3qilabs/salesforce-testng-framework"
"Feature Concentration","https://github.com/3rrhe/chequealo-v2"
"Feature Concentration","https://github.com/3sanjeet/EPIServerDemo"
"Feature Concentration","https://github.com/3sidedcube/Android-LightningUi"
"Feature Concentration","https://github.com/3sss123/forge-1.16.5-mod"
"Feature Concentration","https://github.com/3sss123/forge-mod"
"Feature Concentration","https://github.com/3times3equals9/lbcode2021"
"Feature Concentration","https://github.com/3tipo/fininvest.ao"
"Feature Concentration","https://github.com/3tipo/fininveste"
"Feature Concentration","https://github.com/3tipo/fininvesteangola"
"Feature Concentration","https://github.com/3ufear/DRA"
"Feature Concentration","https://github.com/3urningChrome/battlecode2015"
"Feature Concentration","https://github.com/3v4m4r14/msc-pod"
"Feature Concentration","https://github.com/3venjd/ShipOps"
"Feature Concentration","https://github.com/3xtasio/AlphaBox"
"Feature Concentration","https://github.com/3xtasio/lifecraft-soup"
"Feature Concentration","https://github.com/3yakuya/Quantum-Shell"
"Feature Concentration","https://github.com/4-Roads/FourRoads.Common"
"Feature Concentration","https://github.com/401648921/quirybox"
"Feature Concentration","https://github.com/403462630/FCNestedScrollView"
"Feature Concentration","https://github.com/4036tlh/Badminton-Court-Booking-System"
"Feature Concentration","https://github.com/404Enigma/enlist-app"
"Feature Concentration","https://github.com/404Kartik/Black-Jack-Card-Game"
"Feature Concentration","https://github.com/404NotFound2020/MiniSQLDefinitive"
"Feature Concentration","https://github.com/404V5/TestJavaSE"
"Feature Concentration","https://github.com/404errrror/-Unity-StiffBug"
"Feature Concentration","https://github.com/404mj/fanfou"
"Feature Concentration","https://github.com/404name/QMX-Summer-Institute"
"Feature Concentration","https://github.com/404nofound/MBTA_Boston_Transit"
"Feature Concentration","https://github.com/405990230/boot-boss"
"Feature Concentration","https://github.com/405990230/server-demo"
"Feature Concentration","https://github.com/409582940/Wiki"
"Feature Concentration","https://github.com/409a206/sopung"
"Feature Concentration","https://github.com/40Simran/Perfect_plate"
"Feature Concentration","https://github.com/410063005/cmdemo"
"Feature Concentration","https://github.com/410919244/wmeimob"
"Feature Concentration","https://github.com/411212376/shiyanlou-002"
"Feature Concentration","https://github.com/4115019/thor"
"Feature Concentration","https://github.com/4132tester/java_pft"
"Feature Concentration","https://github.com/413767955/HongQiaoTiYu"
"Feature Concentration","https://github.com/413831/ejercicios_laboratorio_5"
"Feature Concentration","https://github.com/413889948/NineDesignPattern"
"Feature Concentration","https://github.com/41412179/daxuepai"
"Feature Concentration","https://github.com/414507259/face"
"Feature Concentration","https://github.com/415192022/LMWRefreLayout"
"Feature Concentration","https://github.com/417-72KI/orm4j8"
"Feature Concentration","https://github.com/41k/ta-sandbox"
"Feature Concentration","https://github.com/4201VitruvianBots/Jango2.0"
"Feature Concentration","https://github.com/4201VitruvianBots/Swervy2020"
"Feature Concentration","https://github.com/4201VitruvianBots/TRex2021"
"Feature Concentration","https://github.com/425868307/Rca"
"Feature Concentration","https://github.com/429ers/OOPBoy"
"Feature Concentration","https://github.com/42BV/beanmapper"
"Feature Concentration","https://github.com/42Crunch/cicd-core-java"
"Feature Concentration","https://github.com/42Lines/wicket-css-scope"
"Feature Concentration","https://github.com/42Sun/my-forum"
"Feature Concentration","https://github.com/42ama/EulerProblems"
"Feature Concentration","https://github.com/4311-Swampscott-Currents/SerpentFramework"
"Feature Concentration","https://github.com/43244733/xiaochengxu"
"Feature Concentration","https://github.com/4340000/GiftBot"
"Feature Concentration","https://github.com/43863198/aizhixin_student_dynamics"
"Feature Concentration","https://github.com/438972218/bladx-boot"
"Feature Concentration","https://github.com/438972218/interaction-engine"
"Feature Concentration","https://github.com/438972218/ztb"
"Feature Concentration","https://github.com/43907800/zfile"
"Feature Concentration","https://github.com/43TH3R/rp-robogame"
"Feature Concentration","https://github.com/444flex/444flex_cote_api"
"Feature Concentration","https://github.com/444knig/Algorithm-part-1"
"Feature Concentration","https://github.com/448808614/ToolQ-1"
"Feature Concentration","https://github.com/449627440/TimeSaving"
"Feature Concentration","https://github.com/44nash/GrapeViineDSU"
"Feature Concentration","https://github.com/452/USBHIDTerminal"
"Feature Concentration","https://github.com/4534-WiredWizards/DeepSpace2019"
"Feature Concentration","https://github.com/454076513/quanquanshare"
"Feature Concentration","https://github.com/4563599/fw"
"Feature Concentration","https://github.com/457049726/openjad"
"Feature Concentration","https://github.com/457376245/guli_edu"
"Feature Concentration","https://github.com/4639RoboSpartans/2020-Test"
"Feature Concentration","https://github.com/4639RoboSpartans/2021-Beskar-LimeLight"
"Feature Concentration","https://github.com/466152112/redcannon"
"Feature Concentration","https://github.com/466741865/qh_cloud"
"Feature Concentration","https://github.com/472405746/ganjie-kernel"
"Feature Concentration","https://github.com/474408578/java-common-mistakes"
"Feature Concentration","https://github.com/476308241/MVVMFramework"
"Feature Concentration","https://github.com/479493023/car_nav"
"Feature Concentration","https://github.com/47GasparianTatul47/MoviesTimeWRB"
"Feature Concentration","https://github.com/47hao/TransamericaGame"
"Feature Concentration","https://github.com/482-932-csce-capstone-sp-2019/weightlift"
"Feature Concentration","https://github.com/483759/Square4Us"
"Feature Concentration","https://github.com/489282795/template-project"
"Feature Concentration","https://github.com/491134648/UnionIOV"
"Feature Concentration","https://github.com/499196191/label-platform"
"Feature Concentration","https://github.com/4A69616E67/DHat"
"Feature Concentration","https://github.com/4A69616E67/TransLocationDetection"
"Feature Concentration","https://github.com/4AL2-B-Lego-R-Baris-M-ISHII/code-fit-api"
"Feature Concentration","https://github.com/4COLORPENS/YEOKKU-backend"
"Feature Concentration","https://github.com/4Dev-Up/TimeSheet-Devops"
"Feature Concentration","https://github.com/4H-Botsmiths/FTC-18693-Programs"
"Feature Concentration","https://github.com/4Heals/Heart-Rate"
"Feature Concentration","https://github.com/4Kaze/PASWebApp"
"Feature Concentration","https://github.com/4Kaze/tpr-zad1"
"Feature Concentration","https://github.com/4L4M1N/RescueWaste"
"Feature Concentration","https://github.com/4ND3R50N/endstation-beverage-machine-service"
"Feature Concentration","https://github.com/4RG0S/2021-Summer-Jookgorithm"
"Feature Concentration","https://github.com/4SohyunChoi4/dentist-in-my-hand"
"Feature Concentration","https://github.com/4Techknowledgists/Insurance-WebAPI"
"Feature Concentration","https://github.com/4TwentySolutions/FourTwenty.Xamarin.ColorPickerView"
"Feature Concentration","https://github.com/4TwentySolutions/FourTwenty.XamarinBase"
"Feature Concentration","https://github.com/4a7g0018/pixel_game"
"Feature Concentration","https://github.com/4ahsanul/Kelompok-7-PBO"
"Feature Concentration","https://github.com/4dolfo/castGroup"
"Feature Concentration","https://github.com/4dsistemi/SunmiPaxxPrinter"
"Feature Concentration","https://github.com/4e6yPaLIIKa228/StoragePC_V_1.1"
"Feature Concentration","https://github.com/4egod/Bots"
"Feature Concentration","https://github.com/4elus/Examenator"
"Feature Concentration","https://github.com/4fit/x4fit"
"Feature Concentration","https://github.com/4headk50/COM405"
"Feature Concentration","https://github.com/4iot-dev/ID-SDK"
"Feature Concentration","https://github.com/4ixSer/docker"
"Feature Concentration","https://github.com/4kpros/FireFIghters"
"Feature Concentration","https://github.com/4lexDel/Open_world"
"Feature Concentration","https://github.com/4linjie/Parksystem"
"Feature Concentration","https://github.com/4mbilal/ROS_Android_Sensors_Simulink"
"Feature Concentration","https://github.com/4nisargab/Melanoma-Classification-using-CNN"
"Feature Concentration","https://github.com/4nub1s/infoGym"
"Feature Concentration","https://github.com/4o66/KSP-Mod-Admin"
"Feature Concentration","https://github.com/4opsis/BookStore.API2"
"Feature Concentration","https://github.com/4po/kernal-src-2.1"
"Feature Concentration","https://github.com/4romgod/SNIPPETS_ANDROID"
"Feature Concentration","https://github.com/4sskick/dicoding_bfaa"
"Feature Concentration","https://github.com/4sunshine/LessonAssistant"
"Feature Concentration","https://github.com/4uf04eG/android_view_test"
"Feature Concentration","https://github.com/4uva/SyndicationFeed"
"Feature Concentration","https://github.com/4wl/XG42"
"Feature Concentration","https://github.com/4xMafole/BossaApp"
"Feature Concentration","https://github.com/4yafes6/C-Sharp-Restaurant-Automation"
"Feature Concentration","https://github.com/4zaran/ChimpModerator"
"Feature Concentration","https://github.com/5-SH/design_pattern_java"
"Feature Concentration","https://github.com/500a5/Belgorod_travel_guide"
"Feature Concentration","https://github.com/5015BuffaloWings-FTC/SkyStone-5015BuffaloWings-FTC"
"Feature Concentration","https://github.com/502051565/dragonGame"
"Feature Concentration","https://github.com/502513206/Thread-Learn"
"Feature Concentration","https://github.com/502627670/needle-store"
"Feature Concentration","https://github.com/503319972/key"
"Feature Concentration","https://github.com/503602501/cloudservice"
"Feature Concentration","https://github.com/503612012/springboot_chowder"
"Feature Concentration","https://github.com/504479518/Thread-Learning"
"Feature Concentration","https://github.com/50588252/592community"
"Feature Concentration","https://github.com/506340601/2020year"
"Feature Concentration","https://github.com/50ButtonsEach/flic2lib-android"
"Feature Concentration","https://github.com/50centsl/cloud-biz-application"
"Feature Concentration","https://github.com/50centsl/cloud-gateway-application"
"Feature Concentration","https://github.com/50centsl/cloud-iot-application"
"Feature Concentration","https://github.com/50rubasov/Trigger-based-rules"
"Feature Concentration","https://github.com/510home/GearVR-StarWars-Fan-Game"
"Feature Concentration","https://github.com/511shy/blog-wind"
"Feature Concentration","https://github.com/512439130/Flutter_Plugin_KLine"
"Feature Concentration","https://github.com/514687572/NewStipDoubles"
"Feature Concentration","https://github.com/514840279/danyuan-application"
"Feature Concentration","https://github.com/514840279/danyuan-healthy-report"
"Feature Concentration","https://github.com/515779838/Yiliao"
"Feature Concentration","https://github.com/516457377/XFOSD"
"Feature Concentration","https://github.com/51721198/JavaRoad"
"Feature Concentration","https://github.com/517435708/TIP"
"Feature Concentration","https://github.com/518H0090/Lab_Tdtu"
"Feature Concentration","https://github.com/519421214/hhczy"
"Feature Concentration","https://github.com/51Star/jhipster6-demo"
"Feature Concentration","https://github.com/51enra/AndroidArchitectureExamples"
"Feature Concentration","https://github.com/520156723/leetcodeNote"
"Feature Concentration","https://github.com/520156723/springCloudAlibaba"
"Feature Concentration","https://github.com/520Li/gun"
"Feature Concentration","https://github.com/520chenqiang/kafka-eagle"
"Feature Concentration","https://github.com/521-A19/tp2-wiltar-maxaug-tp2"
"Feature Concentration","https://github.com/521masong/ja0224"
"Feature Concentration","https://github.com/522803365/HangfireJob"
"Feature Concentration","https://github.com/523179414/zb-blog"
"Feature Concentration","https://github.com/52733011/loan_background"
"Feature Concentration","https://github.com/527515025/springBoot"
"Feature Concentration","https://github.com/529106896/HeavyTeam"
"Feature Concentration","https://github.com/52Hertz-C/onlinebuy_learning"
"Feature Concentration","https://github.com/52Jolynn/MyTv"
"Feature Concentration","https://github.com/52North/GeologicToolbox"
"Feature Concentration","https://github.com/52North/SWE-Ingestion-Service"
"Feature Concentration","https://github.com/52North/arcgis-pro-wps-client"
"Feature Concentration","https://github.com/52North/javaPS-docker-backend"
"Feature Concentration","https://github.com/52North/triturus"
"Feature Concentration","https://github.com/52North/wps-client-lib"
"Feature Concentration","https://github.com/531524318/Control_experiment"
"Feature Concentration","https://github.com/531953392/OSU-API"
"Feature Concentration","https://github.com/532629/umsl"
"Feature Concentration","https://github.com/540928898/sparktest"
"Feature Concentration","https://github.com/5420-Velocity/5420-JAVA-DRIVE-2020"
"Feature Concentration","https://github.com/54376/Retos"
"Feature Concentration","https://github.com/544037232/roletask-cloud-platform"
"Feature Concentration","https://github.com/544lu/hrm-app"
"Feature Concentration","https://github.com/5484-Enderbots-FTC/Ultimate-Goal"
"Feature Concentration","https://github.com/5490darkbyte/2021Season"
"Feature Concentration","https://github.com/54linxiu/q-blog"
"Feature Concentration","https://github.com/550690513/spring-cloud-projects"
"Feature Concentration","https://github.com/5530-Lawnmowers/2020-Codebase"
"Feature Concentration","https://github.com/5530-Lawnmowers/2021-Codebase"
"Feature Concentration","https://github.com/553474628/Arithmetic"
"Feature Concentration","https://github.com/553474628/Oldwounds"
"Feature Concentration","https://github.com/554393109/RSS_ITHOME"
"Feature Concentration","https://github.com/55985221/shop-web"
"Feature Concentration","https://github.com/559945/projectmanagerapp"
"Feature Concentration","https://github.com/55Anand55/AnandRepo"
"Feature Concentration","https://github.com/5674345/crowpi"
"Feature Concentration","https://github.com/568163103/lessonxq"
"Feature Concentration","https://github.com/569858125/apk_GponSettings"
"Feature Concentration","https://github.com/572031690/fwwbBehind"
"Feature Concentration","https://github.com/578034/Dat110-project3"
"Feature Concentration","https://github.com/578038/dat110prosjekt3"
"Feature Concentration","https://github.com/578150-Wilhelm-Wehl/PRG282Project"
"Feature Concentration","https://github.com/57xiaoyu/Hiot"
"Feature Concentration","https://github.com/5800LDW/Project_Robot_NanNing"
"Feature Concentration","https://github.com/5801mvv/gearscreator"
"Feature Concentration","https://github.com/5801pia/shockabsorb"
"Feature Concentration","https://github.com/5802cvi/monitor"
"Feature Concentration","https://github.com/580861/Dat110Oblig3"
"Feature Concentration","https://github.com/5810110140/Tablayout-master1-master"
"Feature Concentration","https://github.com/582709003/sjdRep"
"Feature Concentration","https://github.com/584178942/ztmdm"
"Feature Concentration","https://github.com/591285327/jiaxie"
"Feature Concentration","https://github.com/59160272/RenewService"
"Feature Concentration","https://github.com/591studybar/springbootpf4jdemo"
"Feature Concentration","https://github.com/593022731/ddyh-root"
"Feature Concentration","https://github.com/596030631/AppDemo"
"Feature Concentration","https://github.com/598572/xzll"
"Feature Concentration","https://github.com/599031/dat100public"
"Feature Concentration","https://github.com/59ocean/cloudspring"
"Feature Concentration","https://github.com/5Dong-GA/squat_challenge"
"Feature Concentration","https://github.com/5FE3PM/SQLite"
"Feature Concentration","https://github.com/5GCity/5GCity-SDK"
"Feature Concentration","https://github.com/5GEVE/5geve-wp3-rc-handler"
"Feature Concentration","https://github.com/5GZORRO/governance-manager"
"Feature Concentration","https://github.com/5aled01/GetionLocation"
"Feature Concentration","https://github.com/5arg/DinoISukiAndroid"
"Feature Concentration","https://github.com/5ganes/miu-mpp"
"Feature Concentration","https://github.com/5hasis/KhAcademy"
"Feature Concentration","https://github.com/5hyunseok/boj"
"Feature Concentration","https://github.com/5l1v3r1/Answers-for-My-LZU-UG-Courses"
"Feature Concentration","https://github.com/5l1v3r1/LazenLang"
"Feature Concentration","https://github.com/5l1v3r1/instfollower"
"Feature Concentration","https://github.com/5l1v3r1/task_five"
"Feature Concentration","https://github.com/5putejayesh/complete-java-course-master"
"Feature Concentration","https://github.com/5ran6/mSkola"
"Feature Concentration","https://github.com/5up3rN00b/QuizYou"
"Feature Concentration","https://github.com/5ycrow/jeecg-boot-wyc"
"Feature Concentration","https://github.com/5z1punch/AutoTypeDiscovery"
"Feature Concentration","https://github.com/5zig-reborn/server-api"
"Feature Concentration","https://github.com/6009000134/MyPlatform"
"Feature Concentration","https://github.com/601824142/Java-Sky"
"Feature Concentration","https://github.com/602122993/zhai-mall"
"Feature Concentration","https://github.com/602723113/UvisOS"
"Feature Concentration","https://github.com/605775776/imooc_mall"
"Feature Concentration","https://github.com/60rzvvbj/ProgrammingProject"
"Feature Concentration","https://github.com/60rzvvbj/shenzhouServer"
"Feature Concentration","https://github.com/6110110108/Pokemon_6110110108"
"Feature Concentration","https://github.com/614674490/Android_Example"
"Feature Concentration","https://github.com/614674490/Dial_Helper"
"Feature Concentration","https://github.com/614AC/INTQ"
"Feature Concentration","https://github.com/616272776/MyApplicationdfsd"
"Feature Concentration","https://github.com/6162942/PharmaPlus.API"
"Feature Concentration","https://github.com/616slayer616/closure-stylesheets"
"Feature Concentration","https://github.com/617218557/ParkinglotServer"
"Feature Concentration","https://github.com/619Code/Robot2019"
"Feature Concentration","https://github.com/619Code/Robot2020CommandBased"
"Feature Concentration","https://github.com/61crossroad/vuejs-springboot-h2"
"Feature Concentration","https://github.com/623nana/clean-code-with-java"
"Feature Concentration","https://github.com/63/instagram4j"
"Feature Concentration","https://github.com/6304062630202/Halloween-Game"
"Feature Concentration","https://github.com/631700492/springboot_vue"
"Feature Concentration","https://github.com/6324/xxl-job-admin-postgre"
"Feature Concentration","https://github.com/634930172/JohnGreenDao"
"Feature Concentration","https://github.com/6369Designosars/Summer_Software_6.2"
"Feature Concentration","https://github.com/6391-Ursuline-Bearbotics/2020_UARobotics_Infinite_Recharge"
"Feature Concentration","https://github.com/6391-Ursuline-Bearbotics/2021_UARobotics_Infinite_Recharge"
"Feature Concentration","https://github.com/641006548/THEPractice"
"Feature Concentration","https://github.com/642010742/androidcontact"
"Feature Concentration","https://github.com/643063150/ZQRcode"
"Feature Concentration","https://github.com/6441kjy/pet-thing"
"Feature Concentration","https://github.com/645187919/Stock-APP"
"Feature Concentration","https://github.com/648131867/648131867"
"Feature Concentration","https://github.com/648669556/netty_redis_zookeeper"
"Feature Concentration","https://github.com/64bleat/Euler-Solver"
"Feature Concentration","https://github.com/65350611/Fallstudie"
"Feature Concentration","https://github.com/65487123/Dracc"
"Feature Concentration","https://github.com/654984799/study1"
"Feature Concentration","https://github.com/657122411/photon-counting-bathymetry"
"Feature Concentration","https://github.com/657122411/seckillboot"
"Feature Concentration","https://github.com/657704095/ruoyi_frame"
"Feature Concentration","https://github.com/65shutosh/Virtuality"
"Feature Concentration","https://github.com/662781/Java_Fundamentals_Opdrachten"
"Feature Concentration","https://github.com/66668/AnimationStudy"
"Feature Concentration","https://github.com/66668/MediaPlayerDemo"
"Feature Concentration","https://github.com/668mt/mt-spring-web"
"Feature Concentration","https://github.com/670848654/Dilidili"
"Feature Concentration","https://github.com/670848654/Silisili"
"Feature Concentration","https://github.com/675275824/chess_javaSubject"
"Feature Concentration","https://github.com/678601/wm"
"Feature Concentration","https://github.com/68652667/yapx3"
"Feature Concentration","https://github.com/690839320/drugstore"
"Feature Concentration","https://github.com/695213119-code/train_java"
"Feature Concentration","https://github.com/6960-Rusty-Huskies/2020-infinite-recharge"
"Feature Concentration","https://github.com/6D1996/zz_ijkplayer-master"
"Feature Concentration","https://github.com/6DDUU6/SchoolAuthentication"
"Feature Concentration","https://github.com/6a6bb/sharingplatform"
"Feature Concentration","https://github.com/6aRi/FundamentosdeProgamacion-Java"
"Feature Concentration","https://github.com/6atuhan/SchoolOX"
"Feature Concentration","https://github.com/6bee/Remote.Linq"
"Feature Concentration","https://github.com/6bee/aqua-core"
"Feature Concentration","https://github.com/6bstkc1/Video-Game-CSC335-Project"
"Feature Concentration","https://github.com/6carlitos-elcrack/Pantallas-de-Proyecto"
"Feature Concentration","https://github.com/6d6a/hms-personmgr"
"Feature Concentration","https://github.com/6d6a/hms-rc-staff"
"Feature Concentration","https://github.com/6d6a/hms-rc-user"
"Feature Concentration","https://github.com/6liuke/mmssm"
"Feature Concentration","https://github.com/6point6/carpo"
"Feature Concentration","https://github.com/6point6/process-automation-advisor-restapi"
"Feature Concentration","https://github.com/6rui/xxl-job2"
"Feature Concentration","https://github.com/6westboy9/distributed-file-system"
"Feature Concentration","https://github.com/6wunderkinder/SolidNavigation"
"Feature Concentration","https://github.com/6xiaodian6/changgou_parent"
"Feature Concentration","https://github.com/6xiaodian6/health-parent"
"Feature Concentration","https://github.com/6yi/NettyLearn-Demo"
"Feature Concentration","https://github.com/6ymu/Store.Books.Web"
"Feature Concentration","https://github.com/6ymu/Store.Books.WebZERO"
"Feature Concentration","https://github.com/7-L/md_blockchain_client"
"Feature Concentration","https://github.com/700t/TruckManage"
"Feature Concentration","https://github.com/704266213/DataBinding"
"Feature Concentration","https://github.com/704720467/ZpBaseLib"
"Feature Concentration","https://github.com/70Song/Submarine-Song"
"Feature Concentration","https://github.com/70kg/weibo"
"Feature Concentration","https://github.com/70rellay/70rellay.github.io"
"Feature Concentration","https://github.com/71000011081075587324/FeedApp"
"Feature Concentration","https://github.com/721-organisation/721-frontend-android"
"Feature Concentration","https://github.com/721806280/healthy-security"
"Feature Concentration","https://github.com/724555508/watermark"
"Feature Concentration","https://github.com/727021/MCSong"
"Feature Concentration","https://github.com/72services/jooq-hr"
"Feature Concentration","https://github.com/72services/vaadin-jooq-demo"
"Feature Concentration","https://github.com/72worthyTh/Bus-payment"
"Feature Concentration","https://github.com/730JustGod/ARMuseum"
"Feature Concentration","https://github.com/739568808/sso-oauth2"
"Feature Concentration","https://github.com/741996196/maomi-boot"
"Feature Concentration","https://github.com/742672654/kaiza31"
"Feature Concentration","https://github.com/742672654/parking2"
"Feature Concentration","https://github.com/746345/Sistemas-y-tecnologias-web"
"Feature Concentration","https://github.com/747Sgr/agriculture-server"
"Feature Concentration","https://github.com/752659984/PixivDown"
"Feature Concentration","https://github.com/753kg/KOSTA"
"Feature Concentration","https://github.com/75481-Alvaro-Reartes/ISW2021-Grupo9"
"Feature Concentration","https://github.com/756161135/gmall-Cloud"
"Feature Concentration","https://github.com/756859752/hr_devl"
"Feature Concentration","https://github.com/756915370/LuaRuntimeHotfix"
"Feature Concentration","https://github.com/759713112/leetcode_notes"
"Feature Concentration","https://github.com/760541509/EasyToCloud"
"Feature Concentration","https://github.com/760691212/frame-system-java"
"Feature Concentration","https://github.com/76238849sb/TMBookStroe"
"Feature Concentration","https://github.com/763525854/CodeSnippet"
"Feature Concentration","https://github.com/764990722/MvpDemos"
"Feature Concentration","https://github.com/765199214/springcloud2.0-detailConfig"
"Feature Concentration","https://github.com/767641495/DemoForSpringSecurity-master"
"Feature Concentration","https://github.com/76jin/bootProject"
"Feature Concentration","https://github.com/774122/crm_project"
"Feature Concentration","https://github.com/77492124/paipai-dev"
"Feature Concentration","https://github.com/7760476962/Bank-Application"
"Feature Concentration","https://github.com/776225930/PlayDemo"
"Feature Concentration","https://github.com/776903455/forumwebapp"
"Feature Concentration","https://github.com/777Egor777/emailBase"
"Feature Concentration","https://github.com/778627421/PanoCamera"
"Feature Concentration","https://github.com/7788wangzi/LearnSelenium"
"Feature Concentration","https://github.com/7788wangzi/bibleprogress"
"Feature Concentration","https://github.com/77ilogin/training"
"Feature Concentration","https://github.com/780nm/DrawSynth"
"Feature Concentration","https://github.com/782271752/Ble"
"God Component","/home/rahel/eclipse-modelingws/NEMoCloudRoutePlanSystem/Designite/routedetailsSmellAnalysis/"
"God Component","dsafa"
"God Component","fdslafakl"
"God Component","gldkjgdlsj"
"God Component","https://git.cs.dal.ca/courses/2022-winter/csci-5308/group19,https://git.cs.dal.ca/courses/2022-winter/csci-5308/group19"
"God Component","https://git.cs.dal.ca/courses/2022-winter/csci-5308/group20.git"
"God Component","https://git.cs.dal.ca/courses/2022-winter/csci-5308/group6+"
"God Component","https://github.com/0-Vector/leetcode-ex"
"God Component","https://github.com/00-Evan/shattered-pixel-dungeon-gdx"
"God Component","https://github.com/007anshul/friendrecommandation"
"God Component","https://github.com/0212kr/JavaWork"
"God Component","https://github.com/0226minji/projectFile"
"God Component","https://github.com/04551lh/dvr"
"God Component","https://github.com/04sohyun/self1"
"God Component","https://github.com/0532/JXLS"
"God Component","https://github.com/05saitejaswi/Cognizant-s-Digital-Nurture-"
"God Component","https://github.com/0608chenyugithub/miaoShaProject"
"God Component","https://github.com/0776375064/doan4"
"God Component","https://github.com/07jerin/spring-boot-lvc"
"God Component","https://github.com/08162021-dotnet-uta/P2_TheTofuWarriors"
"God Component","https://github.com/0868307/Project78"
"God Component","https://github.com/08aleksandar24/votChallengePrivate"
"God Component","https://github.com/09123363503/spa-webapi-angularjs-master"
"God Component","https://github.com/0RootLoL0/YaM"
"God Component","https://github.com/0ceanCat/LeetCode_Exs"
"God Component","https://github.com/0cw/Bolt"
"God Component","https://github.com/0high-fly0/fresh-goods-distribution"
"God Component","https://github.com/0install/0install-java"
"God Component","https://github.com/0ldMaid/Krypton-Android"
"God Component","https://github.com/0r0loo/spring5-mvc-study"
"God Component","https://github.com/0rganIzedKa0s/Mechanum-Drive-Train-Practice"
"God Component","https://github.com/0sektor0/Sekougi.MessagePack"
"God Component","https://github.com/0sektor0/vkpostliker"
"God Component","https://github.com/0wanglei0/yunwang"
"God Component","https://github.com/0x0ade/CelesteNet"
"God Component","https://github.com/0x48lab/android-recipe"
"God Component","https://github.com/0xC0DEF/TeraTale"
"God Component","https://github.com/0xCopy/RelaxFactory"
"God Component","https://github.com/0xDelco/1inch-api-v3"
"God Component","https://github.com/0xJonas/Phi"
"God Component","https://github.com/0xLogic/Hyper_Reclass"
"God Component","https://github.com/0xWaleed/GTA5-Native-Caller"
"God Component","https://github.com/0xd4d/de4dot"
"God Component","https://github.com/0xd4d/dnSpy"
"God Component","https://github.com/0xd4d/dnlib"
"God Component","https://github.com/0xdeafcafe/SnapDotNet"
"God Component","https://github.com/0xkaede/JuicySwapperv1"
"God Component","https://github.com/0yusufokur0/Chatify"
"God Component","https://github.com/0zul/ClaraJDA"
"God Component","https://github.com/1-bits/irpgeditor"
"God Component","https://github.com/1007169527/JAVABasic"
"God Component","https://github.com/100winone/javaStandard"
"God Component","https://github.com/10101818/atoi2"
"God Component","https://github.com/1015770492/JDK14SourceCodeInterpretation"
"God Component","https://github.com/1019238091/Unity3dForShareSDK"
"God Component","https://github.com/102345/ImpulsoTeste.Marcilio"
"God Component","https://github.com/1024-lab/smartdb"
"God Component","https://github.com/102747419/sudoku-swe20001"
"God Component","https://github.com/1030907690/spring-boot-2.0.4.RELEASE"
"God Component","https://github.com/1031918012/ManageApi"
"God Component","https://github.com/103style/calendarLibrary"
"God Component","https://github.com/103style/paho.mqtt.java"
"God Component","https://github.com/1041533501/sharedparking"
"God Component","https://github.com/105032013072/activiti01"
"God Component","https://github.com/105032013072/installer"
"God Component","https://github.com/10546039/PlanEng"
"God Component","https://github.com/106-NCHU-MIS-Project/Bento"
"God Component","https://github.com/1065464173/JVM-notes"
"God Component","https://github.com/1065464173/java-language-basic"
"God Component","https://github.com/1084597302/Game-Development-Task-2"
"God Component","https://github.com/1084790527/YiChat-master"
"God Component","https://github.com/1091128818/DataStruct"
"God Component","https://github.com/1092682749/7cj"
"God Component","https://github.com/1095897429/KotlinPratice"
"God Component","https://github.com/1095897429/NiaoGeBiJi2.0"
"God Component","https://github.com/1095897429/SecondApplication-Normal"
"God Component","https://github.com/10969aimyon/springboot01"
"God Component","https://github.com/10AMiT/Data-Structure-Algorithm-unacademyDS"
"God Component","https://github.com/10h137/LateBindingSolitaireModel"
"God Component","https://github.com/10soos17/lecture_choongang"
"God Component","https://github.com/10soos17/mangae_web"
"God Component","https://github.com/1106898736/yunguo_jeecg_serve"
"God Component","https://github.com/1109815292/video_share"
"God Component","https://github.com/110V/Electromagnetic-Induction-simulator"
"God Component","https://github.com/1112222d/asset_management_mobile_app"
"God Component","https://github.com/111Online/nhs111-itk-dispatcher-api"
"God Component","https://github.com/1123581321345589/Misc-Java-Projects"
"God Component","https://github.com/1126608981/tmall"
"God Component","https://github.com/1127140426/leetCodeAndThreadLocal"
"God Component","https://github.com/1160827860/studyjava2019"
"God Component","https://github.com/1171000712/little-try"
"God Component","https://github.com/1191830/SuperFoot"
"God Component","https://github.com/11abuyaman/itstuff"
"God Component","https://github.com/1203064111/java_huixiang2"
"God Component","https://github.com/1206gogogo-plus/shareShop-backend-"
"God Component","https://github.com/1206gogogo-plus/shareShop-backend-admin-"
"God Component","https://github.com/123099/Bounce"
"God Component","https://github.com/1234Vinicius/Java-Concept"
"God Component","https://github.com/123DMWM/ProCraft"
"God Component","https://github.com/123asdfghgfds/FTC-Tiers"
"God Component","https://github.com/123jiangkang/tests"
"God Component","https://github.com/123namitha/ExampleAutomation"
"God Component","https://github.com/123youyouer/cyworld"
"God Component","https://github.com/1249993110/LSTY.Sdtd-5.X"
"God Component","https://github.com/1250446609/powersite"
"God Component","https://github.com/12Memories/CustomSevenZipSharp"
"God Component","https://github.com/12afaelPereira/Java-LP2"
"God Component","https://github.com/12manel123/Java_DAW_ManelCC"
"God Component","https://github.com/12security/bizconf-android-app"
"God Component","https://github.com/12security/zhumu-android-app"
"God Component","https://github.com/1302cb/customer_service"
"God Component","https://github.com/13063096342/Anime"
"God Component","https://github.com/1308024507pkh/Distributed-MiniSQL"
"God Component","https://github.com/13107FF/ARpet"
"God Component","https://github.com/1313ou/TreebolicLib"
"God Component","https://github.com/1313ou/sqlunet-browser"
"God Component","https://github.com/1326670425/TIJ"
"God Component","https://github.com/13302864582/baifen_parent_app"
"God Component","https://github.com/13308350476/mini-project-survey"
"God Component","https://github.com/13348670849/mybatislearnparent"
"God Component","https://github.com/1336037686/learing-online"
"God Component","https://github.com/13407196713/javawokspace"
"God Component","https://github.com/13416494311/tduck"
"God Component","https://github.com/13439300301/KunlunLPSWorker_3_19"
"God Component","https://github.com/1351530910/456-bst-backend"
"God Component","https://github.com/1357885013/MediaCenter"
"God Component","https://github.com/1362420246/boca"
"God Component","https://github.com/1366001909/express"
"God Component","https://github.com/1372501851/pnt"
"God Component","https://github.com/1377093782/liuanLib"
"God Component","https://github.com/13797891312/WhereCollect"
"God Component","https://github.com/13960699696/netcore-template"
"God Component","https://github.com/1399948273/rent"
"God Component","https://github.com/1422084460/fuxi"
"God Component","https://github.com/143prudhvi/flashadeal1"
"God Component","https://github.com/14misbah98/first-lab-work"
"God Component","https://github.com/1504/Robot_Framework"
"God Component","https://github.com/15082003164/fabos_demo"
"God Component","https://github.com/1508816494/OfferFight"
"God Component","https://github.com/15131009532qq/market_cal"
"God Component","https://github.com/15164920125/red-oleversion-repository"
"God Component","https://github.com/1521zxc/Bus"
"God Component","https://github.com/15281046619/classroomlib"
"God Component","https://github.com/15333888147/geography-mapping-project"
"God Component","https://github.com/1543749470/ChildrenSong"
"God Component","https://github.com/15605271916/java14rep"
"God Component","https://github.com/15607521232/eclipseworkspace"
"God Component","https://github.com/156076769/mimaxue"
"God Component","https://github.com/15608447849/erp"
"God Component","https://github.com/15618384280/tjcloud-match"
"God Component","https://github.com/15629013633/hmx_project_master"
"God Component","https://github.com/15831944/RabCab"
"God Component","https://github.com/15838028035/common-code-generate"
"God Component","https://github.com/1586951660/bs"
"God Component","https://github.com/15874134131/xutils"
"God Component","https://github.com/15915763299/AlgorithmAndTools"
"God Component","https://github.com/1595Dragons/FTC-TeamCode"
"God Component","https://github.com/15Galan/asignatura-207"
"God Component","https://github.com/15Galan/asignatura-302"
"God Component","https://github.com/1606884098/JEEL"
"God Component","https://github.com/161250197/advanced_algorithm_oj"
"God Component","https://github.com/161360238/stu_manage"
"God Component","https://github.com/1628103949/enjoySDK"
"God Component","https://github.com/169cmharu/Bread-Winner"
"God Component","https://github.com/16angie/BaseDatosBoyacaApp"
"God Component","https://github.com/16jalayt/SapphireExtract-Legacy"
"God Component","https://github.com/1751010033ngochan/GiaiDe_LTCSDL"
"God Component","https://github.com/17621062512/springmall"
"God Component","https://github.com/17734576784/sdweb_sts_f"
"God Component","https://github.com/17743257942/scx040407"
"God Component","https://github.com/17751332867/kesheProjects"
"God Component","https://github.com/17785408624/mass-control"
"God Component","https://github.com/17891691876/TestMy"
"God Component","https://github.com/17IT089/WCMC_Practical"
"God Component","https://github.com/17tanya/Leetcode-Data-Structures-and-Algorithms"
"God Component","https://github.com/181085hammadabdullah/EasyTickets-Android"
"God Component","https://github.com/18238831810/india"
"God Component","https://github.com/18270862829/x-workspace"
"God Component","https://github.com/1830879724/yeb"
"God Component","https://github.com/18312106568/unit_test"
"God Component","https://github.com/1833200/SD-Semester2"
"God Component","https://github.com/18351001571/bssp-cloud"
"God Component","https://github.com/18419NakamuraTemma/android-yolov3-linealarm"
"God Component","https://github.com/18631323023/ZNA"
"God Component","https://github.com/1864691/ThymeMatters"
"God Component","https://github.com/18835572909/ailibaba-cloud"
"God Component","https://github.com/18850981235/gdznoa"
"God Component","https://github.com/18875274988/bbibm-kjds-test"
"God Component","https://github.com/188867052/OSharp"
"God Component","https://github.com/188867052/osharp-master_TEMP"
"God Component","https://github.com/189569400/apollo-DuerOS"
"God Component","https://github.com/18F/r2s"
"God Component","https://github.com/1900Star/MusicPlayer-Smartisan"
"God Component","https://github.com/19029489/The_Greek_Goodies"
"God Component","https://github.com/19231136/buaaoo-2021"
"God Component","https://github.com/192U1A0508/ApssdcProject"
"God Component","https://github.com/19424054/cnpm-19hc-group09"
"God Component","https://github.com/19522232/The-Life"
"God Component","https://github.com/1988tianyuan/easy-im"
"God Component","https://github.com/19908362264/pro"
"God Component","https://github.com/19920625lsg/cv-learn"
"God Component","https://github.com/19920625lsg/java-thread"
"God Component","https://github.com/19930109/weatherapi11"
"God Component","https://github.com/19941229xz/user-server"
"God Component","https://github.com/1997zyx/khgl2"
"God Component","https://github.com/19WH1A1231-Preethi/II-IT-A-LAB"
"God Component","https://github.com/19longdt/FirstWebOff"
"God Component","https://github.com/19username95/RemoteNotes.UI"
"God Component","https://github.com/19wh1a1204-Snigdha/II_ITA_LAB"
"God Component","https://github.com/19wh1a1256/II-ITA-Lab"
"God Component","https://github.com/19wh1a1263/JAVA-PROGRAMMING-LAB-"
"God Component","https://github.com/1KimJiHyeon/SOTA_Project"
"God Component","https://github.com/1LuisEnrique/springmvcjava"
"God Component","https://github.com/1XDKYLEXD1/YugiohSoundboard"
"God Component","https://github.com/1and1/cosmo"
"God Component","https://github.com/1and1/dim"
"God Component","https://github.com/1chaechae1/Object-0riented"
"God Component","https://github.com/1drturtle/cs4240"
"God Component","https://github.com/1hakr/AnExplorer"
"God Component","https://github.com/1itachi/crack-it-up"
"God Component","https://github.com/1mgames/GameOff_2019"
"God Component","https://github.com/1swaraj/NethTest"
"God Component","https://github.com/1tacticalretard/206_Home"
"God Component","https://github.com/1yx/leetcode.org"
"God Component","https://github.com/201402407/myAlgorithm"
"God Component","https://github.com/2015211289/Core-Java-SE-9-for-the-imaptinet-Exercise-answer-"
"God Component","https://github.com/201624133116/uni"
"God Component","https://github.com/2017011419/android-studio"
"God Component","https://github.com/20171086/JHK"
"God Component","https://github.com/2017398956/libraryoflibrary"
"God Component","https://github.com/2018091618010/sign_in_system"
"God Component","https://github.com/201811510215kjx/family-server-manage"
"God Component","https://github.com/201811671102/computerGo"
"God Component","https://github.com/2019-11-22/LearningUPM"
"God Component","https://github.com/2019Ganjil-RealitasVirtualDanAugmentasi/tugas-1-driving-simulation-ginkokuryuu"
"God Component","https://github.com/2019Ganjil-RealitasVirtualDanAugmentasi/tugas-1-driving-simulation-shakellzero"
"God Component","https://github.com/2021-SMHRD-IITP-AI/YH_android"
"God Component","https://github.com/2021-SMHRD-IITP-AI/j_android"
"God Component","https://github.com/2021-SMHRD-IITP-AI/van_android2"
"God Component","https://github.com/2021-SMHRD-KDT-AI-4/YB"
"God Component","https://github.com/2021-SMHRD-KDT-AI-5/Baedalground-App"
"God Component","https://github.com/2021-SMHRD-KDT-New-AI-1/LikeCafe"
"God Component","https://github.com/2021-SMHRD-KDT-New-AI-1/WOWBRO"
"God Component","https://github.com/2021-SW-6/opensource_zxing_repository"
"God Component","https://github.com/2021-oasis-hackathon/JeonWon_Concentration"
"God Component","https://github.com/20A4040177/Projekt001"
"God Component","https://github.com/20inseong/opensourceproj_inseong"
"God Component","https://github.com/20kdc/gabien-common"
"God Component","https://github.com/2106Pega/Curriculum-Resources"
"God Component","https://github.com/210712-Richard/2107-Reactive"
"God Component","https://github.com/2139555/Cybernetics3"
"God Component","https://github.com/2144815/Cybernetics2"
"God Component","https://github.com/215062264/Assignment12"
"God Component","https://github.com/2199robolions/2021Code"
"God Component","https://github.com/21albertoff/MDS2"
"God Component","https://github.com/2212021/Android-File-Manager"
"God Component","https://github.com/2227324689/concurrent-case"
"God Component","https://github.com/2227324689/gpmall"
"God Component","https://github.com/22449/AzureFunctionForSplunk"
"God Component","https://github.com/22557i/LeetCodeEasy"
"God Component","https://github.com/23/23-api-dotnet"
"God Component","https://github.com/2318279444/xiaoshixun1_1"
"God Component","https://github.com/232179773/t9"
"God Component","https://github.com/2322974451/XProjects"
"God Component","https://github.com/23jonathan23/design-patterns-in-java"
"God Component","https://github.com/23quan/colortumodule"
"God Component","https://github.com/2403102119/ShengQian_android"
"God Component","https://github.com/2413Team/BookShop"
"God Component","https://github.com/2427691354/siitep"
"God Component","https://github.com/24Kshign/OKHttpDemo"
"God Component","https://github.com/24twelve/Contests"
"God Component","https://github.com/251006339/Java-Senior"
"God Component","https://github.com/254-Ninja/Localization-and-Internationalization"
"God Component","https://github.com/254475503/FiveAlgorithmsPractice"
"God Component","https://github.com/2551607429/curriculum_assessment"
"God Component","https://github.com/256481788jianghao/stock_cshap"
"God Component","https://github.com/2605759123/SmartHome"
"God Component","https://github.com/260724860/LEL"
"God Component","https://github.com/2635064692/SourceCode-learning"
"God Component","https://github.com/26mayyav/Vaishnavi"
"God Component","https://github.com/26moorca/Repository-Name"
"God Component","https://github.com/26vaidha/season2021"
"God Component","https://github.com/2720851545/netty-learn"
"God Component","https://github.com/2745635513/AlgorithmDemo"
"God Component","https://github.com/275282657/chenfan-finance"
"God Component","https://github.com/275779273/zrzk"
"God Component","https://github.com/28235997/wjmall"
"God Component","https://github.com/2881099/csredis"
"God Component","https://github.com/2892931976/Algorithms-in-Go"
"God Component","https://github.com/289562326/bigdata_mhm"
"God Component","https://github.com/28Emc/biclapp"
"God Component","https://github.com/291421358/MrTang"
"God Component","https://github.com/2995248390/A7_MY_PM"
"God Component","https://github.com/2apoorva5/FitBeetles---Fitness-Centre-Booking"
"God Component","https://github.com/2b2ttanxiu/Functions"
"God Component","https://github.com/2b2ttanxiu/Functions-old"
"God Component","https://github.com/2dukes/PROJ_COMP_2021"
"God Component","https://github.com/2dust/v2rayN"
"God Component","https://github.com/2fat2furious/monitoring"
"God Component","https://github.com/2hundred2ne2/-PEEPS-"
"God Component","https://github.com/2jigoo/daangnmungcat"
"God Component","https://github.com/2jooho/public_medi_dna_app"
"God Component","https://github.com/2m/cats"
"God Component","https://github.com/3-5Team/skanu"
"God Component","https://github.com/3017218182/softwareTesting"
"God Component","https://github.com/3017218198/Software-Testing-public"
"God Component","https://github.com/3059485516/NeteaseIMSDK"
"God Component","https://github.com/307209239/CamstarApiBuilder"
"God Component","https://github.com/31545518/ttShoping"
"God Component","https://github.com/326660884/maillog"
"God Component","https://github.com/32kda/maploader"
"God Component","https://github.com/32v/goggles"
"God Component","https://github.com/330093922/springboot-mybatis"
"God Component","https://github.com/335747949/training_system"
"God Component","https://github.com/33Infinity/SwissPairings"
"God Component","https://github.com/343702729/HuiZhi"
"God Component","https://github.com/343757500/UnesShop"
"God Component","https://github.com/346058210/huate"
"God Component","https://github.com/361way/safe"
"God Component","https://github.com/3623/InfiniteRecharge2021"
"God Component","https://github.com/362738232/Unity-Game-Frame"
"God Component","https://github.com/3658BOSONS/UG3"
"God Component","https://github.com/37176427/DotaTool"
"God Component","https://github.com/373974360/deyatech"
"God Component","https://github.com/376453716/zookeeper-x"
"God Component","https://github.com/3A43Mka/oop"
"God Component","https://github.com/3Alouch1/datingssss"
"God Component","https://github.com/3D-e-Chem/knime-gpcrdb"
"God Component","https://github.com/3DSIM/simulation-csharp-client"
"God Component","https://github.com/3F/DllExport"
"God Component","https://github.com/3F/vsCommandEvent"
"God Component","https://github.com/3F/vsSolutionBuildEvent"
"God Component","https://github.com/3GF/era_dev"
"God Component","https://github.com/3Seventy/vector370-dotnet"
"God Component","https://github.com/3dprintscanner/PhotoAnalyser"
"God Component","https://github.com/3mrdev/gamechanic"
"God Component","https://github.com/3ono3/jianzhiOffer"
"God Component","https://github.com/3qilabs/salesforce-testng-framework"
"God Component","https://github.com/3sidedcube/Android-LightningUi"
"God Component","https://github.com/3times3equals9/lbcode2021"
"God Component","https://github.com/3urningChrome/battlecode2015"
"God Component","https://github.com/3venjd/ShipOps"
"God Component","https://github.com/404V5/TestJavaSE"
"God Component","https://github.com/404errrror/-Unity-StiffBug"
"God Component","https://github.com/404name/QMX-Summer-Institute"
"God Component","https://github.com/404nofound/MBTA_Boston_Transit"
"God Component","https://github.com/409582940/Wiki"
"God Component","https://github.com/409a206/sopung"
"God Component","https://github.com/4115019/thor"
"God Component","https://github.com/4132tester/java_pft"
"God Component","https://github.com/413767955/HongQiaoTiYu"
"God Component","https://github.com/4201VitruvianBots/Jango2.0"
"God Component","https://github.com/429ers/OOPBoy"
"God Component","https://github.com/42BV/beanmapper"
"God Component","https://github.com/42Lines/wicket-css-scope"
"God Component","https://github.com/42ama/EulerProblems"
"God Component","https://github.com/43863198/aizhixin_student_dynamics"
"God Component","https://github.com/438972218/ztb"
"God Component","https://github.com/444knig/Algorithm-part-1"
"God Component","https://github.com/448808614/ToolQ-1"
"God Component","https://github.com/4563599/fw"
"God Component","https://github.com/4639RoboSpartans/2020-Test"
"God Component","https://github.com/4639RoboSpartans/2021-Beskar-LimeLight"
"God Component","https://github.com/470838237/UnityDemo"
"God Component","https://github.com/483759/Square4Us"
"God Component","https://github.com/491134648/UnionIOV"
"God Component","https://github.com/499196191/label-platform"
"God Component","https://github.com/4AL2-B-Lego-R-Baris-M-ISHII/code-fit-api"
"God Component","https://github.com/4H-Botsmiths/FTC-18693-Programs"
"God Component","https://github.com/4RG0S/2021-Summer-Jookgorithm"
"God Component","https://github.com/4ixSer/docker"
"God Component","https://github.com/4linjie/Parksystem"
"God Component","https://github.com/4mbilal/ROS_Android_Sensors_Simulink"
"God Component","https://github.com/4nisargab/Melanoma-Classification-using-CNN"
"God Component","https://github.com/4nub1s/infoGym"
"God Component","https://github.com/4o66/KSP-Mod-Admin"
"God Component","https://github.com/4po/kernal-src-2.1"
"God Component","https://github.com/5-SH/design_pattern_java"
"God Component","https://github.com/5015BuffaloWings-FTC/SkyStone-5015BuffaloWings-FTC"
"God Component","https://github.com/502051565/dragonGame"
"God Component","https://github.com/503602501/cloudservice"
"God Component","https://github.com/503612012/springboot_chowder"
"God Component","https://github.com/506340601/2020year"
"God Component","https://github.com/50ButtonsEach/flic2lib-android"
"God Component","https://github.com/50Cube/Technologie-Programowania"
"God Component","https://github.com/515779838/Yiliao"
"God Component","https://github.com/51721198/JavaRoad"
"God Component","https://github.com/517435708/TIP"
"God Component","https://github.com/520156723/leetcodeNote"
"God Component","https://github.com/52733011/loan_background"
"God Component","https://github.com/527515025/springBoot"
"God Component","https://github.com/52North/triturus"
"God Component","https://github.com/5420-Velocity/5420-JAVA-DRIVE-2020"
"God Component","https://github.com/5433/POP_SERVER"
"God Component","https://github.com/5484-Enderbots-FTC/Ultimate-Goal"
"God Component","https://github.com/550690513/spring-cloud-projects"
"God Component","https://github.com/5530-Lawnmowers/2020-Codebase"
"God Component","https://github.com/553474628/Arithmetic"
"God Component","https://github.com/5674345/crowpi"
"God Component","https://github.com/59160272/RenewService"
"God Component","https://github.com/599031/dat100public"
"God Component","https://github.com/5Dong-GA/squat_challenge"
"God Component","https://github.com/5FE3PM/SQLite"
"God Component","https://github.com/5GCity/5GCity-SDK"
"God Component","https://github.com/5hyunseok/boj"
"God Component","https://github.com/5l1v3r1/Answers-for-My-LZU-UG-Courses"
"God Component","https://github.com/5l1v3r1/instfollower"
"God Component","https://github.com/5ran6/mSkola"
"God Component","https://github.com/5ycrow/jeecg-boot-wyc"
"God Component","https://github.com/60rzvvbj/shenzhouServer"
"God Component","https://github.com/616272776/MyApplicationdfsd"
"God Component","https://github.com/616slayer616/closure-stylesheets"
"God Component","https://github.com/63/instagram4j"
"God Component","https://github.com/6369Designosars/Summer_Software_6.2"
"God Component","https://github.com/64bleat/Euler-Solver"
"God Component","https://github.com/6520874/zhuxianzhen"
"God Component","https://github.com/654984799/study1"
"God Component","https://github.com/6atuhan/SchoolOX"
"God Component","https://github.com/6bee/Remote.Linq"
"God Component","https://github.com/6d6a/hms-personmgr"
"God Component","https://github.com/6d6a/hms-rc-user"
"God Component","https://github.com/6westboy9/distributed-file-system"
"God Component","https://github.com/700t/TruckManage"
"God Component","https://github.com/724555508/watermark"
"God Component","https://github.com/727021/MCSong"
"God Component","https://github.com/730JustGod/ARMuseum"
"God Component","https://github.com/742672654/kaiza31"
"God Component","https://github.com/753kg/KOSTA"
"God Component","https://github.com/756859752/hr_devl"
"God Component","https://github.com/756915370/LuaRuntimeHotfix"
"God Component","https://github.com/760541509/EasyToCloud"
"God Component","https://github.com/763525854/CodeSnippet"
"God Component","https://github.com/765199214/springcloud2.0-detailConfig"
"God Component","https://github.com/77492124/paipai-dev"
"God Component","https://github.com/776903455/forumwebapp"
"God Component","https://github.com/778627421/PanoCamera"
"God Component","https://github.com/77ilogin/training"
"God Component","https://github.com/784682065/dingyi"
"God Component","https://github.com/791180116/Crazy_MVP"
"God Component","https://github.com/79121262/apache-tomcat-9.0.16-src"
"God Component","https://github.com/794963/APCS_Ajsigel2"
"God Component","https://github.com/7Harish7/Inventory-Management-System-Java-Project-Source-Code"
"God Component","https://github.com/7LuxinC/Mooc-Java-course"
"God Component","https://github.com/7NeVeS7/-Unknown-Prototype"
"God Component","https://github.com/7OH/test"
"God Component","https://github.com/7Princesses/ComeHere"
"God Component","https://github.com/7ares/Sofra"
"God Component","https://github.com/7cool/java-basico"
"God Component","https://github.com/7dayz-ramesh/CBS"
"God Component","https://github.com/7lc/LongchangCuis_Tetris"
"God Component","https://github.com/7nimvb55/ru.newcontrol.ncfv"
"God Component","https://github.com/7phorse/phorse-monkey"
"God Component","https://github.com/7ramesh/Eveningjavaclass"
"God Component","https://github.com/7shravan7/PracticeLeetcode"
"God Component","https://github.com/7yrionLannister/mines-weeper"
"God Component","https://github.com/7zism3/QuanLy-ChungCu-backend-gradle"
"God Component","https://github.com/806330706/springcloud_study2"
"God Component","https://github.com/810230010/techstack-examples"
"God Component","https://github.com/810411/spark-in-action"
"God Component","https://github.com/812406210/maxwell-ha"
"God Component","https://github.com/824494376/test01"
"God Component","https://github.com/834116404/concurrence"
"God Component","https://github.com/834250018/lucene-demo"
"God Component","https://github.com/8373956398/All-in-one-short-projects"
"God Component","https://github.com/8373956398/BackGroundServicesApp"
"God Component","https://github.com/8373956398/BasicDataBinding"
"God Component","https://github.com/8373956398/MvvmDataBinding"
"God Component","https://github.com/852015496/hotting_server"
"God Component","https://github.com/854anil854/JavaCamp"
"God Component","https://github.com/861407735/book_New"
"God Component","https://github.com/869324/4th-year-project"
"God Component","https://github.com/870235784/project_demo"
"God Component","https://github.com/873191303/homeLog"
"God Component","https://github.com/8802/8802_ftc_app"
"God Component","https://github.com/886Vmedical/vmed"
"God Component","https://github.com/8872/RoverRuckus"
"God Component","https://github.com/888xin/multiMavenWeb"
"God Component","https://github.com/894236285/BGTZ"
"God Component","https://github.com/8BitBird/Schoolwork"
"God Component","https://github.com/8Roxyrox8/DBCase3.0"
"God Component","https://github.com/8anilkumar/CreditMoneyApp"
"God Component","https://github.com/8lack5nake/AoC"
"God Component","https://github.com/906522290/tetHttps"
"God Component","https://github.com/91ZacMeli/Tarefas-Meli-DH-Reestruturado"
"God Component","https://github.com/920651004/Wanandroid"
"God Component","https://github.com/928095762/SQLParser"
"God Component","https://github.com/928787773/dah"
"God Component","https://github.com/936187425/OCR_Andorid_server"
"God Component","https://github.com/958824/road-to-java"
"God Component","https://github.com/9601dani/RevistaItecion1"
"God Component","https://github.com/965310001/HuaRunQiHuo"
"God Component","https://github.com/965917582/java-learn-projects"
"God Component","https://github.com/971021hr/dandan_app_final"
"God Component","https://github.com/97world/97world_UpYun"
"God Component","https://github.com/99dogs/backend-api"
"God Component","https://github.com/99xiewilliam/hadoop-homework1"
"God Component","https://github.com/9Ge/yichun"
"God Component","https://github.com/9ins/TCPProxy"
"God Component","https://github.com/9ins/chaos-dashboard"
"God Component","https://github.com/9ins/porta"
"God Component","https://github.com/A-Cubic/zhuae-server"
"God Component","https://github.com/A-E-Enterprises/RackDrawingApp"
"God Component","https://github.com/A-Fitz/CollegeOrganizer"
"God Component","https://github.com/A-G-U-P-T-A/3dengine_test"
"God Component","https://github.com/A-Ih/ITMO-Java-homeworks"
"God Component","https://github.com/A-Nosenko/trainee"
"God Component","https://github.com/A-Steeves/SEG2105-TermProject"
"God Component","https://github.com/A-portfolio/HuashiApp"
"God Component","https://github.com/A-safarji/java-mini-project"
"God Component","https://github.com/A-tanaka11/WebSystem2"
"God Component","https://github.com/A00233642/Blank_Xamarin"
"God Component","https://github.com/A1ex2/Terminal_v2"
"God Component","https://github.com/A1r33s-thewarman/sewa_buddy"
"God Component","https://github.com/A2010I1-DoVietDangKhoa/A2010-DoVietDangKhoa"
"God Component","https://github.com/A24Group/ssGWT-lib"
"God Component","https://github.com/A2Bcorp/RW_A2B"
"God Component","https://github.com/A360JMaxxgamer/bloodyplumber"
"God Component","https://github.com/A3DV/VIRec"
"God Component","https://github.com/AAAAAlois/GoodJam-1.5"
"God Component","https://github.com/AACJ/Star_of_Tomorrow"
"God Component","https://github.com/AAFC-BICoE/seqdb-api"
"God Component","https://github.com/AAJAAJ/eclipse-workspace"
"God Component","https://github.com/AAUITSPlatform/AAUWebMgmt"
"God Component","https://github.com/AAces/KTaNE-ComplexKeypads"
"God Component","https://github.com/ABHISHARMAV/signal-sarver"
"God Component","https://github.com/ABRAHAM-1998/newtextMe"
"God Component","https://github.com/ABTSoftware/SciChart.Wpf.Examples"
"God Component","https://github.com/ABasral/YoShow"
"God Component","https://github.com/ACBrNet/ACBr.Net.Sat"
"God Component","https://github.com/ACEAkmoon/UnityAndroid.Bird"
"God Component","https://github.com/ACEDUJ/TOPICOS"
"God Component","https://github.com/ACMREN/smartBox-video"
"God Component","https://github.com/ACRCode/RadElementAPI"
"God Component","https://github.com/ACassimiro/TSNsched"
"God Component","https://github.com/AChubatova/NupkgWrench"
"God Component","https://github.com/ADDPALADIN1983/A_Gregos_Capstone"
"God Component","https://github.com/ADVIKON/ApiCode"
"God Component","https://github.com/ADVIKON/StoreAndForward-Player"
"God Component","https://github.com/ADeltaX/ProtoBuildBot"
"God Component","https://github.com/ADeveloperH/GPUImageTest"
"God Component","https://github.com/ADrobots/filosofiaJava"
"God Component","https://github.com/ADuckWithAPassion/SavageClasses"
"God Component","https://github.com/AEFaour/DesignPatternsCSharp"
"God Component","https://github.com/AEGarten/CS401_SU21_BankProj"
"God Component","https://github.com/AElfProject/aelf-blockchain"
"God Component","https://github.com/AElfProject/aelf-sdk.java"
"God Component","https://github.com/AEliu/CS61B-Spring-2020"
"God Component","https://github.com/AFDia/umlet"
"God Component","https://github.com/AFIRO/CompSci-Java-Year-1"
"God Component","https://github.com/AFMS-Rowan-Software-Projects/Estimation-Tool-Fall-2019"
"God Component","https://github.com/AFOFerreira/AppShopping--MVVM"
"God Component","https://github.com/AFOFerreira/Maps-Xamarin"
"God Component","https://github.com/AGESIC-UY/cliente-java-plataforma-interoperabilidad"
"God Component","https://github.com/AGoblinKing/theia.games-desktop"
"God Component","https://github.com/AHS-FTC/BFR-Ultimate-Goal"
"God Component","https://github.com/AHeartMan/simple-java"
"God Component","https://github.com/AHmims/SimplonLine-Briefs-2eme"
"God Component","https://github.com/AIBrain/Librainian"
"God Component","https://github.com/AIINIRII/carbon_info_sys_backend"
"God Component","https://github.com/AIValkyries/AssetBundleUpdate"
"God Component","https://github.com/AIWolfSharp/AIWolf_NET"
"God Component","https://github.com/AIlinSoft/Thresher"
"God Component","https://github.com/AInvader/StuffIDon-tDo"
"God Component","https://github.com/AIqbal1/Mockito"
"God Component","https://github.com/AJIngenieria/Leal_Enterprise"
"God Component","https://github.com/AJPerriello/RaspberryPi"
"God Component","https://github.com/AJYI/FabflixProject"
"God Component","https://github.com/AJarombek/misc-code-samples"
"God Component","https://github.com/AKAaayush/BetterBuy-Application"
"God Component","https://github.com/AKSW/Cetus"
"God Component","https://github.com/AKSW/SmartDataWebKG"
"God Component","https://github.com/AKSW/aksw-commons"
"God Component","https://github.com/AKaporov/2021-03-otus-spring-akaporov"
"God Component","https://github.com/AL-AmeenS/JAVA-lab"
"God Component","https://github.com/ALEXGREENALEX/SharpSmartMath"
"God Component","https://github.com/ALEXGREENCH/jimm-0.4.3-mod"
"God Component","https://github.com/ALEXLANGLANG/RISK-GAME"
"God Component","https://github.com/ALLISWELL-REPO/Welcome"
"God Component","https://github.com/ALMikhai/CCompiler"
"God Component","https://github.com/ALabrada/Neuronic.CollectionModel"
"God Component","https://github.com/ALangsdale-Foster/Service-Centric_and_Cloud_Computing_Assignment-22-01-20"
"God Component","https://github.com/ALequinox/LeetCodeRecording"
"God Component","https://github.com/AM021708/NPOIDemo"
"God Component","https://github.com/AM1CODES/Java-Practise-Problems"
"God Component","https://github.com/AMALTS9645/Sem2_Java"
"God Component","https://github.com/AMGITTEAM/itteamapp-beta"
"God Component","https://github.com/AMIVAYUN/CapstoneDesign"
"God Component","https://github.com/AMK9978/ProgrammingProblems"
"God Component","https://github.com/AMLA-DEV-POOL/Capture-piece-didentit-"
"God Component","https://github.com/AMOL-Neel/Java_Programming_Scenario"
"God Component","https://github.com/AMOSUTCD2021/TESIS2.1"
"God Component","https://github.com/AMPnet/trade-serivce"
"God Component","https://github.com/AMReamer/Under-Fire"
"God Component","https://github.com/AMendoza2021/webapiChecador"
"God Component","https://github.com/ANASDAVOODTK/Clean_water_and_sanitation"
"God Component","https://github.com/ANIKET7419/GPMS"
"God Component","https://github.com/ANRCorleone/2D-Detective-Game"
"God Component","https://github.com/ANSHIKA1806/Leetcode_solutions_java"
"God Component","https://github.com/ANTAEGYU/Ntok"
"God Component","https://github.com/ANUJTIWARI007/program.java"
"God Component","https://github.com/ANgajasinghe/EmployeeManagementSystem"
"God Component","https://github.com/AOI-dev/my-ACMP-tasks"
"God Component","https://github.com/AOSPK/packages_apps_Car_Settings"
"God Component","https://github.com/AOSPK/packages_apps_TvSettings"
"God Component","https://github.com/AOSPK/packages_providers_CalendarProvider"
"God Component","https://github.com/AOSiP/platform_packages_apps_DeskClock"
"God Component","https://github.com/AOSiP/platform_vendor_aosip"
"God Component","https://github.com/AP-Computer-Science-A-Preparation/moocfi"
"God Component","https://github.com/AP-Elektronica-ICT/intprojectrepo-thermo-team"
"God Component","https://github.com/AP-IT-GH/rocket-assignment-part-1-TibeauDegraeve"
"God Component","https://github.com/AP-Skill-Development-Corporation/AAD-SRM-Internship-2K21"
"God Component","https://github.com/AP2305/offstage"
"God Component","https://github.com/APIHub-CdC/rcc-client-java"
"God Component","https://github.com/APIHub-CdC/rcc-ficoscore-client-java"
"God Component","https://github.com/APNIC-net/rdap-conformance"
"God Component","https://github.com/APRStudy/FixIngredient"
"God Component","https://github.com/APUGames/Diversion"
"God Component","https://github.com/APUGames/The-Missing-One-Game"
"God Component","https://github.com/AR1988/telran_16"
"God Component","https://github.com/ARA-Trans/iAM"
"God Component","https://github.com/ARA-Trans/iAM-legacy"
"God Component","https://github.com/ARAVINDH17/codekata"
"God Component","https://github.com/ARC96/Baseprogamming"
"God Component","https://github.com/ARCJ137442/XuphoriumCraft"
"God Component","https://github.com/ARGorji/Ranjbaran"
"God Component","https://github.com/ARH-23/absolute-assignment"
"God Component","https://github.com/ARH-23/assignment-1"
"God Component","https://github.com/ARH-23/grid-exercise-1-"
"God Component","https://github.com/ARH-23/grid-exercise-2-"
"God Component","https://github.com/ARH-23/slider"
"God Component","https://github.com/ARIPerm/GGB"
"God Component","https://github.com/ARIT0/MealPlanner"
"God Component","https://github.com/ARKAGEDON/ChanFighting"
"God Component","https://github.com/ARTaylor1502/one-day-wiser"
"God Component","https://github.com/ASD-GmbH/P-PLUS_DM7_Integration"
"God Component","https://github.com/ASF-Framework/ASF"
"God Component","https://github.com/ASIMWELA/sell-it-client"
"God Component","https://github.com/ASKYI/-staff-time"
"God Component","https://github.com/ASNProject/Venergio"
"God Component","https://github.com/ASStoredProcedures/ASStoredProcedures"
"God Component","https://github.com/ASUBEDI0722/springprojects"
"God Component","https://github.com/ASVO962/PROYECTO-FINAL-IIIP"
"God Component","https://github.com/ASYYGT/PingPong3D"
"God Component","https://github.com/ASak1104/DARI_proto"
"God Component","https://github.com/ASaull/earth-defence-contractors"
"God Component","https://github.com/ASnailman/VirtualRobotJava"
"God Component","https://github.com/AT3140/DSA-Pranay-Gupta"
"God Component","https://github.com/ATANKERA/TacoShell"
"God Component","https://github.com/ATHIRA-P-B/Oops"
"God Component","https://github.com/ATai2/ppxbi"
"God Component","https://github.com/AUGUSTUNE/peptiSoft"
"God Component","https://github.com/AUTOMATIC1111/Radiology"
"God Component","https://github.com/AVBLANCO/JavaWebSmart"
"God Component","https://github.com/AVICCII/AlgorithmInLeetCode"
"God Component","https://github.com/AVNV2201/News-Feed-App-Using-In-app-ML-"
"God Component","https://github.com/AVcodeMaverick7/Flutter-Portfolio"
"God Component","https://github.com/AWinterFox/Spades"
"God Component","https://github.com/AYCHGIT/aex.xmr"
"God Component","https://github.com/AYLIEN/aylien_textapi_csharp"
"God Component","https://github.com/Aainaa0/project-kbs"
"God Component","https://github.com/Aakash-Agrawal-ui/SalonBusiness"
"God Component","https://github.com/Aakash-Pandey/ICP_Sem1"
"God Component","https://github.com/Aakash145/Aakash145-W21G4_FeedTheBelly"
"God Component","https://github.com/AakashBiyani26/GitLearning"
"God Component","https://github.com/AakashPradeep/cloudfs"
"God Component","https://github.com/AakashSharma8/CRMnextAutomationAppiumRepo"
"God Component","https://github.com/Aakriti28/Red-Plag"
"God Component","https://github.com/Aalk4308/Words"
"God Component","https://github.com/AantCoder/OnlineCity"
"God Component","https://github.com/Aantique/muzi"
"God Component","https://github.com/Aarju02/hacktoberfestcodeput"
"God Component","https://github.com/Aaron-Sauter/Mcreator"
"God Component","https://github.com/Aaron-cdx/swordoffer"
"God Component","https://github.com/AaronCore/EL"
"God Component","https://github.com/AaronFang123/java_course"
"God Component","https://github.com/AaronFriesenhahn/Echo_Backup"
"God Component","https://github.com/AaronGorlitz/c-code-28"
"God Component","https://github.com/AaronGorlitz/c-code-282"
"God Component","https://github.com/AaronHezq/lock"
"God Component","https://github.com/AaronHuange/gidder-fork"
"God Component","https://github.com/AaronMathew11/All-Projects"
"God Component","https://github.com/AaronMyra/Mobile-Dev"
"God Component","https://github.com/AaronS28/androidMercadoPago"
"God Component","https://github.com/AaronXYZ/BYSJ"
"God Component","https://github.com/AarthiRavi29/Aarthi-R-845011"
"God Component","https://github.com/Aaryatech/BMS_App"
"God Component","https://github.com/Aaryatech/DutyApp"
"God Component","https://github.com/Aaryatech/Gate_Sale_Monginis"
"God Component","https://github.com/Aaryatech/HREasy"
"God Component","https://github.com/Aaryatech/Monginis_Communication"
"God Component","https://github.com/Aaryatech/SamarthaJuiceApp"
"God Component","https://github.com/Aaryatech/monginis_frontend"
"God Component","https://github.com/Aasathmani/organ"
"God Component","https://github.com/Aasathmani/organdonation"
"God Component","https://github.com/AasawariBhavsar/electronicstore"
"God Component","https://github.com/Aashishkebab/Sorting-Simulator"
"God Component","https://github.com/AashutoshAgrawal/sawaal"
"God Component","https://github.com/AathmanT/SL-Cricket"
"God Component","https://github.com/Aatish13/AugmentedBook"
"God Component","https://github.com/Aayushjshah/lic2"
"God Component","https://github.com/AayzStha37/SpamShield"
"God Component","https://github.com/AbD-hashmi/Video-chat"
"God Component","https://github.com/Abagnale92/BattleTankAR"
"God Component","https://github.com/Abagnale92/VirusSmasher"
"God Component","https://github.com/AbarnaRavi/Abarna-Ravi-845211"
"God Component","https://github.com/AbbTek/framework"
"God Component","https://github.com/AbbyW89/something-real"
"God Component","https://github.com/Abbyddybbuk/LearnJava8"
"God Component","https://github.com/Abc-Arbitrage/Zebus"
"God Component","https://github.com/Abc-Arbitrage/Zerio"
"God Component","https://github.com/AbdelrahmanEssamA/Rental-System-Java"
"God Component","https://github.com/Abdesol/YoChat"
"God Component","https://github.com/AbdoAhmedAbdelaleem/Algorithmic-Toolbox-San-Diego"
"God Component","https://github.com/Abdqadr1/FUTA_SPGS_CLOUD"
"God Component","https://github.com/AbdulAzizAbdulAziz/python_antlr"
"God Component","https://github.com/AbdulBasit074/helpinghandscoology"
"God Component","https://github.com/Abdullah-Al-Taawab/CSE110"
"God Component","https://github.com/Abdullah-Meda/IZ0-816-Java-SE-11-Developer"
"God Component","https://github.com/Abdullah-ohida/Java_Deitel_clone"
"God Component","https://github.com/Abdullahos/computer-Shop-app"
"God Component","https://github.com/AbdullayevNicat/BaselApp_ASP_Core_MVC"
"God Component","https://github.com/Abdulvahap-65/KMWG_MVCApp"
"God Component","https://github.com/Abdur-samad-siham/Medi-Care"
"God Component","https://github.com/AbdurRahimRatulAliKhan/Consume-REST-web-services-in-Xamarin"
"God Component","https://github.com/AbdurRahimRatulAliKhan/Consume-REST-web-services-in-Xamarin-apps-v2"
"God Component","https://github.com/Abdykarov/spring-boot-eshop"
"God Component","https://github.com/AbeRobotics/TeamOrange2019-2020"
"God Component","https://github.com/Abealkindy/PenebusanResepDokter"
"God Component","https://github.com/AbelaTs/Competetive-Programming"
"God Component","https://github.com/Aberlier/ResumeIMS"
"God Component","https://github.com/Abhay0809/JAVA-CWH"
"God Component","https://github.com/Abhaysingh10/easyApp"
"God Component","https://github.com/Abhi1997-art/BCCS"
"God Component","https://github.com/AbhiJay-K/LocADoc_App"
"God Component","https://github.com/AbhiZatch/SpringLearningMain"
"God Component","https://github.com/Abhiishekak/Car-Rent"
"God Component","https://github.com/Abhijnya002/java-A1-1BM18CS002"
"God Component","https://github.com/Abhinav-Telukunta/Elite_FS"
"God Component","https://github.com/Abhishek-123-sasale/Pepcoding-Notes-And-Codes"
"God Component","https://github.com/Abhishek-Chathumal/DemoInterface1"
"God Component","https://github.com/Abhishek-Diaspark/The-WeatherMan"
"God Component","https://github.com/Abhishek-Diaspark/The-WeatherManApp"
"God Component","https://github.com/Abhishek-cdac/android_PlayDate"
"God Component","https://github.com/AbhishekSamuelY/hakerrank"
"God Component","https://github.com/AbhishekScariyaMB/S2_Abhishek_Scariya_OOP"
"God Component","https://github.com/AbhishekSinhaCoder/Map-SQL"
"God Component","https://github.com/AbidAhmed2018831062/ARSHB"
"God Component","https://github.com/AbidAhmed2018831062/Blood-Donor"
"God Component","https://github.com/AbigailJoseph/SAC"
"God Component","https://github.com/Abingcbc/EportBackend"
"God Component","https://github.com/Abir66/CSE-108-OOP-Language-Sessional"
"God Component","https://github.com/AbleLynn/AIalgorithm"
"God Component","https://github.com/AboPlus/SpringProfessional"
"God Component","https://github.com/AbolfazlHosseini200/Clash-Royal"
"God Component","https://github.com/Abooow/PixelEngine"
"God Component","https://github.com/AboutTreeFittyy/BabblesGame"
"God Component","https://github.com/Abraarkhan/Java_Algorithms"
"God Component","https://github.com/AbrahamCaiJin/CommonUtilLibrary"
"God Component","https://github.com/AbrahamEzMn/Ejemplo-ProtocolBuffers"
"God Component","https://github.com/AbrahamSantos97/PSBW-ProyectoSGCFIEE"
"God Component","https://github.com/AbrahamWang484/JavaProgrammingB23"
"God Component","https://github.com/Abraxas213/Prog2_MS2_SS20-master"
"God Component","https://github.com/AbstractMenus/configurate"
"God Component","https://github.com/AbuMandour/InteractiveApp"
"God Component","https://github.com/AbuMandour/MvvmWhite"
"God Component","https://github.com/Abukhalid22/ConsultantsDatabase-Forms"
"God Component","https://github.com/AbyssOfMisery/GAME3030"
"God Component","https://github.com/AcadUp/AcadUpApp"
"God Component","https://github.com/Acander/AI_DD2380"
"God Component","https://github.com/AccFerreira/AEDS2"
"God Component","https://github.com/AcceNoi/accenbot"
"God Component","https://github.com/AcceNoi/dmzjbot"
"God Component","https://github.com/AccesoDatosHarnina/Patrones-clase"
"God Component","https://github.com/Ace8Underscore/CousinWare1.12.2Updated"
"God Component","https://github.com/Aceba1/Control-Blocks"
"God Component","https://github.com/Aceba1/TTQMM-Nuterra-Block-Injector-Library"
"God Component","https://github.com/Acelyy/BusinessCard"
"God Component","https://github.com/Acerinth/MyStockManager"
"God Component","https://github.com/AchieveItProject/AISystemTest"
"God Component","https://github.com/Acidburn0zzz/atlassian-amps"
"God Component","https://github.com/Acidmanic/pactbroker-server"
"God Component","https://github.com/Acivev/osu-Droid-1"
"God Component","https://github.com/Ackermann32/SocialNotes"
"God Component","https://github.com/Ackermann32/SocialNotesBackup1.0"
"God Component","https://github.com/AcolyteVerd/vCampus"
"God Component","https://github.com/AcquaWh/leapmotion-audio-visualizer"
"God Component","https://github.com/Actemium-Schkeuditz/ComosToEplan"
"God Component","https://github.com/ActiveForums/ActiveForums"
"God Component","https://github.com/Activiti/Activiti"
"God Component","https://github.com/AcumaticaDeveloperNetwork/Acumatica-Surveys"
"God Component","https://github.com/AdaCore/Ada-IntelliJ"
"God Component","https://github.com/AdaWataya/smart-travel"
"God Component","https://github.com/AdamArthurF/Belajar-Greenfoot"
"God Component","https://github.com/AdamCaviness/ODataAddRelatedObject"
"God Component","https://github.com/AdamDTak2112/cs3200"
"God Component","https://github.com/AdamEcoTest/EcoCollect"
"God Component","https://github.com/AdamHerman69/Thebes"
"God Component","https://github.com/AdamKakuba/Java-tutorial"
"God Component","https://github.com/AdamMGardner/cellPAINT2D"
"God Component","https://github.com/Adambots-245/Adambots2020"
"God Component","https://github.com/AdamerGitHub/Multiplayer-Project3"
"God Component","https://github.com/AdamosABC/smart-farming"
"God Component","https://github.com/AdamsLair/duality"
"God Component","https://github.com/AdamsLair/farseerduality"
"God Component","https://github.com/AdamsLair/nvorbis"
"God Component","https://github.com/AdamsLair/treeviewadv"
"God Component","https://github.com/AdamsLair/winforms"
"God Component","https://github.com/AdamskiR/BD2-Sklep"
"God Component","https://github.com/AdaptiveConsulting/ReactiveTrader"
"God Component","https://github.com/AdaptiveMe/adaptive-arp-api-lib-java"
"God Component","https://github.com/AdaptiveTechnologies/AircraftForSale"
"God Component","https://github.com/AdarshRao10/GreenLiv"
"God Component","https://github.com/AdarshVijayakumar/Social-and-Professional-Networking-Web-Application"
"God Component","https://github.com/Adarshv12/S2_Adarsh_V_OOP"
"God Component","https://github.com/Adastr4/rulerem"
"God Component","https://github.com/AddKey/AndroidKey"
"God Component","https://github.com/AddOn7756/class"
"God Component","https://github.com/AddstarMC/BungeeChat"
"God Component","https://github.com/Adeel-59/18SW59-Adeel"
"God Component","https://github.com/Adeline-Chew/Zombies-And-Braaaains"
"God Component","https://github.com/Ades-Angel/TU-2IP90"
"God Component","https://github.com/Adetiya21/TA_TSApps"
"God Component","https://github.com/AdiGisthebest/AdithyaCode"
"God Component","https://github.com/AdiRobertus/Module2"
"God Component","https://github.com/Adil09/Harshvardhan_Bajpai_user"
"God Component","https://github.com/AdithyaBhat17/interview-cookbook"
"God Component","https://github.com/Adithyabinu/OOPLAB-adithya"
"God Component","https://github.com/Adithyasai2000/HostelBookingApplication"
"God Component","https://github.com/Aditisharma198/netbeans-backup"
"God Component","https://github.com/Adittya/ACSL"
"God Component","https://github.com/Aditya-Chowdhry/ComicStrip"
"God Component","https://github.com/Aditya-shahh/Tour-mate"
"God Component","https://github.com/AdityaGawde97/FundooNotesReactNative"
"God Component","https://github.com/AdityaRaj2025/iPodDemo_Xamarin"
"God Component","https://github.com/AdityaRawat96/MSCC-Sharjah-Android"
"God Component","https://github.com/AdityaSurya01/JAVA_dasar_programming"
"God Component","https://github.com/AdlerLima/Comandas"
"God Component","https://github.com/Administracions/XicXanac"
"God Component","https://github.com/Admol/Java-learning-examples"
"God Component","https://github.com/AdmondGuo/Flume-Custom"
"God Component","https://github.com/Adn1217/Ciclo2"
"God Component","https://github.com/AdnanIT/eTeatar"
"God Component","https://github.com/AdnaneEz-zaim/Application-Client-android"
"God Component","https://github.com/Adolligit/Udemy-NelioAlves-JavaPOO"
"God Component","https://github.com/Adona12/A2SV2-Competitive-Programming"
"God Component","https://github.com/AdoptOpenJDK/jitwatch"
"God Component","https://github.com/AdoreZL/awesome"
"God Component","https://github.com/Adosorken/queststudio"
"God Component","https://github.com/Adr1anL0p32/EstructurasInformacion"
"God Component","https://github.com/Adrian-Eapinal/Calidad-Proyecto"
"God Component","https://github.com/Adrian-Lopz17/App_Ahorcado_GUI"
"God Component","https://github.com/Adrian-Piwin/VimJam"
"God Component","https://github.com/AdrianN17/Juego_Hockey"
"God Component","https://github.com/AdrianSaueressig/DiscordBot"
"God Component","https://github.com/AdrianStrugala/AvroConvert"
"God Component","https://github.com/AdrianTM26/planilla-heroku"
"God Component","https://github.com/AdrianValentinS/SCIT_GR6"
"God Component","https://github.com/AdrianVarelaG/Cfdi-model"
"God Component","https://github.com/Adriano-Santtos/Trilha-Java-Alura"
"God Component","https://github.com/AdrielPresley/project-data-structure"
"God Component","https://github.com/Adry256/DesarrolloMovilIntegral"
"God Component","https://github.com/Advanced-Programming-2021/project-team-01"
"God Component","https://github.com/Advanced-Programming-2021/project-team-05"
"God Component","https://github.com/Advanced-Programming-2021/project-team-08"
"God Component","https://github.com/Advanced-Programming-2021/project-team-09"
"God Component","https://github.com/Advanced-Programming-2021/project-team-11"
"God Component","https://github.com/Advanced-Programming-2021/project-team-18"
"God Component","https://github.com/Advanced-Programming-2021/project-team-23"
"God Component","https://github.com/Advanced-Programming-2021/project-team-25"
"God Component","https://github.com/Advanced-Programming-2021/project-team-26"
"God Component","https://github.com/Advanced-Programming-2021/project-team-28"
"God Component","https://github.com/Advanced-Programming-2021/project-team-29"
"God Component","https://github.com/Advanced-Programming-2021/project-team-30"
"God Component","https://github.com/Advanced-Programming-2021/project-team-33"
"God Component","https://github.com/Advanced-Programming-2021/project-team-38"
"God Component","https://github.com/Advanced-Programming-2021/project-team-40"
"God Component","https://github.com/Advanced-Programming-2021/project-team-54"
"God Component","https://github.com/Advanced-Programming-2021/project-team-55"
"God Component","https://github.com/Advanced-Programming-2021/project-team-60"
"God Component","https://github.com/Advanced-Programming-2021/project-team-7"
"God Component","https://github.com/Advanced-Programming-2021/project_team_17"
"God Component","https://github.com/Advoni/MCreator1"
"God Component","https://github.com/AdyaZalfaZahirah/Kelompok2_AplikasiMobile_GolonganA-B"
"God Component","https://github.com/Aedificatores8581/ultimate-goal"
"God Component","https://github.com/Aeonitis/ThinkTrySelect"
"God Component","https://github.com/AeroLink/AeroLink-source"
"God Component","https://github.com/AeroOneq/SDWP"
"God Component","https://github.com/AeroOneq/TrustFrontend"
"God Component","https://github.com/Aeroluna/NoodleExtensions"
"God Component","https://github.com/AerreRomania/Sinotico"
"God Component","https://github.com/AerreRomania/Tablets"
"God Component","https://github.com/Aery9527/misty"
"God Component","https://github.com/Aethernite/Softuni-Java-Advanced"
"God Component","https://github.com/Afael/Candahar"
"God Component","https://github.com/AfkBranta/Cosmos-1.0.0-Src"
"God Component","https://github.com/Afloatz/Traffic_System_gRPC"
"God Component","https://github.com/AfnanCSE98/-CSE-308-Software-Engineering-Sessional"
"God Component","https://github.com/AfnanMousa/DBMS-JDBC"
"God Component","https://github.com/Afnidou/mobile-app-angular-laravel"
"God Component","https://github.com/Afohns24-Lab/kenyaSchoolsExams-master"
"God Component","https://github.com/AfreecanWeed-123/Intro-To-Java-Files"
"God Component","https://github.com/AfricaUtilitySolutions/AUSMDM"
"God Component","https://github.com/AfricasTalkingLtd/africastalking.Net"
"God Component","https://github.com/Aftnet/OTPManager"
"God Component","https://github.com/Afueru/COO"
"God Component","https://github.com/AfvanMoopen/Survival-Shooter-Game"
"God Component","https://github.com/AgID/espd-builder"
"God Component","https://github.com/AgafonovTimur/Zombi-Killer-demo"
"God Component","https://github.com/AgenciaVehiculo/CarSoft"
"God Component","https://github.com/Agent215/Balance-Game"
"God Component","https://github.com/AgentMC/power8"
"God Component","https://github.com/Agezma/TP---IA-2"
"God Component","https://github.com/Agiek/library-demo"
"God Component","https://github.com/Agil13/file-manager"
"God Component","https://github.com/Agil13/postman"
"God Component","https://github.com/AgileKip/myAppAgilekipCommunity"
"God Component","https://github.com/AgileTeamKS/OurProjectsAPI"
"God Component","https://github.com/AgilistITOpenHack/202006-Vodafone-DevOps-2.0-DryRun"
"God Component","https://github.com/Agnael/Sero"
"God Component","https://github.com/Agnaev/csharp_staff"
"God Component","https://github.com/Agnesxxw/CS61b_sp18"
"God Component","https://github.com/Agneypraseed/Mooc.fi-Java-Programming-II"
"God Component","https://github.com/AgoRapide/AgoRapide"
"God Component","https://github.com/Agonizedcupid/Cake-VPN"
"God Component","https://github.com/AgoraIO-Usecase/AgoraLive"
"God Component","https://github.com/AgoraIO-Usecase/AgoraVoice"
"God Component","https://github.com/Agriad/ID1018-Programming-I"
"God Component","https://github.com/Agriad/ID1020-Algorithms-and-Data-Structures"
"God Component","https://github.com/AgungSahrulBahri/unity-zombie-FPS-Multiplayer"
"God Component","https://github.com/AgungSahrulBahri/unity-zombie-FPS-single-player"
"God Component","https://github.com/AgusSubaktiar/Pemograman-Game"
"God Component","https://github.com/Agy98Vic/New-Go-Delivery-App"
"God Component","https://github.com/Aha43/knowitkodekalender19"
"God Component","https://github.com/AhlamHassen/NHRM-Admin-API"
"God Component","https://github.com/Ahmad-AZ/INLOOP"
"God Component","https://github.com/Ahmad-Aqrbawi/ecommerce-website-master"
"God Component","https://github.com/Ahmad-Salem/Ma7latCom"
"God Component","https://github.com/AhmadMunir/aplikasi-seni-grafis"
"God Component","https://github.com/AhmadYasien/AhmadYasien"
"God Component","https://github.com/Ahmed-Araby/Computional_Geometry_Library"
"God Component","https://github.com/Ahmed-Hosssam/DB-Engine"
"God Component","https://github.com/Ahmed-Mumi/GssZenicaApp"
"God Component","https://github.com/Ahmed15486/Employees"
"God Component","https://github.com/Ahmed17Hamdy/IttezanPos"
"God Component","https://github.com/AhmedAdelGadElkareeem/Four1Property"
"God Component","https://github.com/AhmedAlJabal/ASPNETC-Site"
"God Component","https://github.com/AhmedEssoubai/ChessAndroid"
"God Component","https://github.com/AhmedEssoubai/MiniJam60-Crime"
"God Component","https://github.com/AhmedGamal1496/UBCx-Software-Construction-edX"
"God Component","https://github.com/AhmedHamzaSaifi/Fitness-First"
"God Component","https://github.com/AhmedMansour9/shamaa"
"God Component","https://github.com/AhmedMohamedAteya/TheKey"
"God Component","https://github.com/AhmedRmadn/GUCera"
"God Component","https://github.com/Ahmedamk95/M-Learning-using-FuzzyLogic"
"God Component","https://github.com/Ahmedjjj/QueryOptimizer"
"God Component","https://github.com/AhmetEminSaglik/Library_first_automation"
"God Component","https://github.com/AhmetErciyas/SistemERP-main"
"God Component","https://github.com/AhmetFurkanDEMIR/OpenCV-for-Android"
"God Component","https://github.com/AhmetHaci/Syntax"
"God Component","https://github.com/AhmetTavli/Hospital-Information-System"
"God Component","https://github.com/AhnBCILab/MindCar_Mobile"
"God Component","https://github.com/Ahnkyuwon504/BaekJoon_Java"
"God Component","https://github.com/AhriHaran/DeltaTeam"
"God Component","https://github.com/Ahsan-dev/jotno_alt"
"God Component","https://github.com/AhxanFarooq/CollegeManagementSys"
"God Component","https://github.com/AidanDuffy/BUMETMSSD"
"God Component","https://github.com/AidanMaraschiello/The-Bugs-Bunny-Game-"
"God Component","https://github.com/AidanofVT/Goliad"
"God Component","https://github.com/AidarSyrdybaev/Deadline9"
"God Component","https://github.com/Aidynuly/Sql"
"God Component","https://github.com/AigioL/xamarin-bindings"
"God Component","https://github.com/AiiDeHua/NEU_INFO6205"
"God Component","https://github.com/AikaMinami/Jobsheet-Kelas1H"
"God Component","https://github.com/AilsaGirl/Android_ShanYang"
"God Component","https://github.com/AiltonJose/rederconsignado"
"God Component","https://github.com/AimeeBorda/ACSP-Compiler"
"God Component","https://github.com/AimoYang/jingshuiqi"
"God Component","https://github.com/AimoYang/phonecard"
"God Component","https://github.com/AinTunez/Zeditor"
"God Component","https://github.com/AirCoder89/PopConnect-ECS-Prototype-"
"God Component","https://github.com/AirKuma/AirProject"
"God Component","https://github.com/AirYoukai/an-ze-xian"
"God Component","https://github.com/AirpayAutomationQA/Airpay_Appium"
"God Component","https://github.com/AirportAdmins/airport_lab"
"God Component","https://github.com/Ais9701/PersonalCards"
"God Component","https://github.com/Aisdissanayaka/Project-MEDUZA"
"God Component","https://github.com/Aishasunztech/Secure-VPN"
"God Component","https://github.com/AishwaryaDeshpande/UpgradBackendRepository"
"God Component","https://github.com/Aiswaryaraghusp/Javaprogramme"
"God Component","https://github.com/Aitalas/Breadcrumbs492"
"God Component","https://github.com/AixNPanes/genealogy"
"God Component","https://github.com/Aj-KamaL/MobileComputing"
"God Component","https://github.com/Aj7t/placement-22"
"God Component","https://github.com/Ajahni1016/CS-441-Non-Trivial-API"
"God Component","https://github.com/Ajay-Git-Code/Java-Live-Class"
"God Component","https://github.com/Ajay1729/Consultation-"
"God Component","https://github.com/Ajay3007/Learn-Java"
"God Component","https://github.com/Ajay8979/GSTProject"
"God Component","https://github.com/AjayBhat29/DSA-Java"
"God Component","https://github.com/AjayUmasankar/Action-Puzzle-Game"
"God Component","https://github.com/Ajayrajan7/File-Reader-Task-Final"
"God Component","https://github.com/Ajayrajan7/parking"
"God Component","https://github.com/Ajin28/E-Cattle"
"God Component","https://github.com/Ajithra7/Java_OOPS"
"God Component","https://github.com/Ajlag/AgriculturalPharmacy"
"God Component","https://github.com/AjudeMais/ajudeMais-android"
"God Component","https://github.com/Ak55073/BVICAM-BS"
"God Component","https://github.com/AkaShark/LeetCode_java_implement"
"God Component","https://github.com/AkakiZZ/freeuni-oop"
"God Component","https://github.com/Akamic/SandraRefactoring"
"God Component","https://github.com/Akangl/hejiayun"
"God Component","https://github.com/AkankshaDash26/redhat_java_codes"
"God Component","https://github.com/Akarin-project/Minecraft"
"God Component","https://github.com/Akash-Bhimani/INFO6205_Assign_3"
"God Component","https://github.com/Akash-Kunwar/SportsFeed"
"God Component","https://github.com/Akash-Ramjyothi/RxJava-Sample-Application"
"God Component","https://github.com/Akash-goyal-github/CodeWithAkash"
"God Component","https://github.com/AkashMaharana/Functional_And_Reactive_Programming_In_JAVA"
"God Component","https://github.com/AkashMaharana/Playing_With_DS_ALGO"
"God Component","https://github.com/AkashRepository/problem-solving-practice"
"God Component","https://github.com/Akhil-Reddy-Challa/Algorithms-and-DS-In-Java"
"God Component","https://github.com/AkhilGandhi1999/Medicine-Reminder-App"
"God Component","https://github.com/Akhileshpraza/LyondryAppAndroid"
"God Component","https://github.com/Akhlys/Furry-Crossposter"
"God Component","https://github.com/Akhmetshin575/Scoring"
"God Component","https://github.com/AkhonaMngqibisa/Group16_DDD"
"God Component","https://github.com/Aki0326/Garffiti"
"God Component","https://github.com/Akileshgit/GroceryVendor"
"God Component","https://github.com/AkilovM/GamedevWeekends2019"
"God Component","https://github.com/Akinohakar/BancodeTiempoDeluxe"
"God Component","https://github.com/Akish0711/StartUp"
"God Component","https://github.com/Akkarthi/MySportsBook-WithAsyncTask"
"God Component","https://github.com/Akmanos/Class-Projects"
"God Component","https://github.com/Akshat16012001/My_blood_donation_SBB"
"God Component","https://github.com/AkshatJain1/JavaCourseSite"
"God Component","https://github.com/AkshatTukn/WIKIPEDIA-FETCHER-API"
"God Component","https://github.com/Akshay2015M/TEST"
"God Component","https://github.com/Akshay8797/Project_dir"
"God Component","https://github.com/AkshayAnil1080/InterViewBit"
"God Component","https://github.com/AkshayMetry/Clinic-Appointment-System"
"God Component","https://github.com/AkshayPradeep6152/letshack"
"God Component","https://github.com/Akshaya-04/Fandom-Shop"
"God Component","https://github.com/Akshayavij4/OOPLAB_akshaya"
"God Component","https://github.com/Akshayrrao/Shop-management-system"
"God Component","https://github.com/Akshit6828/Traverse-Indoor"
"God Component","https://github.com/Akshive/Sharing-App---Coursera-Capstone"
"God Component","https://github.com/AksineD/MaterialSkin-1"
"God Component","https://github.com/Akteur/RunAndDestroyPiglet"
"God Component","https://github.com/Akvel/spring-xml-to-java-converter"
"God Component","https://github.com/Akvelon2014/YAppiDays"
"God Component","https://github.com/AlFasGD/GDAPI"
"God Component","https://github.com/AlYusril/TokoKita"
"God Component","https://github.com/Alagris/Pipeline"
"God Component","https://github.com/AlaiUy/Cuentas"
"God Component","https://github.com/AlaminRonya/Varsity-Core-Java"
"God Component","https://github.com/Alan668899/78"
"God Component","https://github.com/Alan69/Simple_platformer"
"God Component","https://github.com/AlanGustav0/Java-Exercicios"
"God Component","https://github.com/AlanJacobdev/SI"
"God Component","https://github.com/AlanKilby/ProjetLaZona"
"God Component","https://github.com/AlanLoveCod1ng/InterestingAlgorithm"
"God Component","https://github.com/AlanPL/Metheor"
"God Component","https://github.com/AlanShiai/IrrigatedManager"
"God Component","https://github.com/Alann27/LoginMVVM"
"God Component","https://github.com/Alanyx/JVM"
"God Component","https://github.com/Alanyx/staffjoy-learn"
"God Component","https://github.com/Alayala/phonegap_template"
"God Component","https://github.com/Albert-Bennett/DesignPatterns"
"God Component","https://github.com/AlbertKobyakov/DotaSearch"
"God Component","https://github.com/AlbertMihawk/Zleida"
"God Component","https://github.com/AlbertOchieng/movie-app"
"God Component","https://github.com/AlbertProfe/cifojava2021-javase-2"
"God Component","https://github.com/AlbertSi-Huang/idCheck"
"God Component","https://github.com/AlbertSu123/var"
"God Component","https://github.com/AlbertWilaras/DungeonCrawler"
"God Component","https://github.com/Albertkaruna/SymbolMatch"
"God Component","https://github.com/AlbertoConchas/WHIIT"
"God Component","https://github.com/AlbertoGarciaDomenech/TP"
"God Component","https://github.com/AlbertoSousaSantana/MICROSERVICES_WORK"
"God Component","https://github.com/AlbiKusari/Java-Masterclass"
"God Component","https://github.com/AlbieLiang/IPCInvoker"
"God Component","https://github.com/Alchemy-GPS/pullpay-wallet-android"
"God Component","https://github.com/Alchyr/Chen"
"God Component","https://github.com/Alchyr/mirthandmalice"
"God Component","https://github.com/Aldaviva/WebAutoType"
"God Component","https://github.com/Aldmi/CWS"
"God Component","https://github.com/AldoValdezS/AcademiaBackendJavaCDMX"
"God Component","https://github.com/Aldwin99/GraficasconMPChart"
"God Component","https://github.com/Ale-Ivan/ARChessGame"
"God Component","https://github.com/Ale709/EscapeGame3monsters"
"God Component","https://github.com/AleC58/5IA-F1"
"God Component","https://github.com/AleOladayoTosin/SDSD"
"God Component","https://github.com/Alec-Kritsonis/litematica-pixelart"
"God Component","https://github.com/AlecDTucker/AzurePushNotifications"
"God Component","https://github.com/Alecadabra/DisplacementMonitor"
"God Component","https://github.com/Alecadabra/OOPD"
"God Component","https://github.com/AlecinVan/kafkaTridentPostgres"
"God Component","https://github.com/Alediran/ExaltedOnline"
"God Component","https://github.com/AlehinDenis/CG-lab1-image-processing"
"God Component","https://github.com/AlejandrVilla/ReposDesBasPlat"
"God Component","https://github.com/AlejandroIbarraC/Pandemica"
"God Component","https://github.com/AlejandroNieto-DAM/JAVA_Exercises"
"God Component","https://github.com/AlejandroOgando/MobileRegistration"
"God Component","https://github.com/AlejandroSolares/TurismoAPP"
"God Component","https://github.com/Alejo0701/CICLO_II_MINTIC"
"God Component","https://github.com/AlejoAchury/cODIGOSPOO"
"God Component","https://github.com/AlejoSev/SimuladorContagios-GCS"
"God Component","https://github.com/Alejooxavier/S7LopezA"
"God Component","https://github.com/Alejowilches0112/Portal_Agentes_MX"
"God Component","https://github.com/Alekhine161/cast2jira"
"God Component","https://github.com/Alekhyagnv/Eventium"
"God Component","https://github.com/AleksStudent/compiler-bau"
"God Component","https://github.com/AleksandarBoev/Softuni-Data-Structures-Java"
"God Component","https://github.com/AleksandarRA190/XML-I-WS"
"God Component","https://github.com/AleksandarTrajkovic996/FarmManager"
"God Component","https://github.com/AleksandarTulic/ProgramskiJezici2"
"God Component","https://github.com/AleksanderSadov/tutorials-and-examples"
"God Component","https://github.com/Aleksey-M/RiseDiary"
"God Component","https://github.com/AlekseyChunihin/nix_7"
"God Component","https://github.com/AlekseyJava/BY_Java"
"God Component","https://github.com/AlekseySemenov1/ProgaLabs2Semestr"
"God Component","https://github.com/Aleksjjj11/BadDriver"
"God Component","https://github.com/AlenToma/Youtube.Manager"
"God Component","https://github.com/Aleroms/Space-Trucker"
"God Component","https://github.com/Alesiai/KMSLab14"
"God Component","https://github.com/Aless1313/Proyecto-Tutorias-EIPTPL"
"God Component","https://github.com/AlessandroBagnoli/pivotal-certified-pro-spring-dev-exam-02"
"God Component","https://github.com/AlessandroRusso839/MARS-DEF-FORSE"
"God Component","https://github.com/AlessioBorriello/ProgettoBaseDatiObject2021"
"God Component","https://github.com/AlessioDP/Parties"
"God Component","https://github.com/AlessioToniolo/DogeCV-Quickstart"
"God Component","https://github.com/AlessioToniolo/FTC-lib"
"God Component","https://github.com/AlessioToniolo/Odometry-Quickstart"
"God Component","https://github.com/AlessioToniolo/Road-Runner-FTC"
"God Component","https://github.com/Alesta00103/Go4MyTrip"
"God Component","https://github.com/AlettaChens/recipeApp"
"God Component","https://github.com/Alex-Abrahamsson/DijabloGrail"
"God Component","https://github.com/Alex-Cheng/rule_engine"
"God Component","https://github.com/Alex-Maimaduc/tournaments-api"
"God Component","https://github.com/Alex-a-n/We_Goods"
"God Component","https://github.com/Alex-ok2005/ClinicApp"
"God Component","https://github.com/Alex-the-666/VanBuren"
"God Component","https://github.com/AlexBar/MvcExtensionsCore"
"God Component","https://github.com/AlexBogdanov/SoftUni-JavaAdvanced"
"God Component","https://github.com/AlexBondor/seaplol"
"God Component","https://github.com/AlexBowsunowski/BaseballElimination"
"God Component","https://github.com/AlexBowsunowski/WordNet"
"God Component","https://github.com/AlexBurmatov/DataImporter"
"God Component","https://github.com/AlexCip07/TM-SkyStone"
"God Component","https://github.com/AlexClaggett/ChallengerApproaching"
"God Component","https://github.com/AlexFinney/TalesOfCaelkirk"
"God Component","https://github.com/AlexFredesLopez/NoMasAccidentesDesktop"
"God Component","https://github.com/AlexGearX/MineBreaker"
"God Component","https://github.com/AlexGhiondea/DrawIt"
"God Component","https://github.com/AlexGhiondea/SmugMug.NET"
"God Component","https://github.com/AlexGor-dev/contract_manager"
"God Component","https://github.com/AlexHeavens/EasySim"
"God Component","https://github.com/AlexHeyman/TiledReader"
"God Component","https://github.com/AlexJalkanen/StudBud"
"God Component","https://github.com/AlexKennethMiles/job4j_tracker_practice"
"God Component","https://github.com/AlexKovzolovich/DeveloperCRUD"
"God Component","https://github.com/AlexKyriacou/Research-Project-Code"
"God Component","https://github.com/AlexLatz/APCS-A"
"God Component","https://github.com/AlexLazarenko/OnlineStoreWebProject"
"God Component","https://github.com/AlexLiuD/Finance"
"God Component","https://github.com/AlexMGalan/APIA_Womans"
"God Component","https://github.com/AlexNPavel/APCompSciStuff"
"God Component","https://github.com/AlexNajem/PEX-Funding-Scheduler"
"God Component","https://github.com/AlexNewsham/biosys"
"God Component","https://github.com/AlexPasheva/Internship-Training"
"God Component","https://github.com/AlexPoint/OpenNlp"
"God Component","https://github.com/AlexRos101/QURAS_SMARTCONTRACT"
"God Component","https://github.com/AlexS98/FaceApp"
"God Component","https://github.com/AlexSierraTI/solution-shelves"
"God Component","https://github.com/AlexWFreitas/build-full-stack-react-spring"
"God Component","https://github.com/AlexWFreitas/spring-boot-2.0"
"God Component","https://github.com/AlexWaller1/practice1"
"God Component","https://github.com/AlexZhangrj/ep-core"
"God Component","https://github.com/AlexZhelepov/collaborative-system"
"God Component","https://github.com/AlexZhitin/testng_maven"
"God Component","https://github.com/AlexaAk/reExam-java-labs-praks-"
"God Component","https://github.com/AlexanDelimi/Ceid-projects"
"God Component","https://github.com/Alexand3r/Group5_ThinkGearApp"
"God Component","https://github.com/Alexander-Redwinter/bug-tracker"
"God Component","https://github.com/Alexander144/MysilUnity"
"God Component","https://github.com/Alexander8651/inndex-java"
"God Component","https://github.com/AlexanderChiuluvB/Wheel-Reinventing-Code"
"God Component","https://github.com/AlexanderDzhoganov/Skylines-ModTools"
"God Component","https://github.com/AlexanderGoncharovD/Hackdone"
"God Component","https://github.com/AlexanderPer/SapperNET"
"God Component","https://github.com/AlexanderReshetov/2021-03-otus-spring-reshetov"
"God Component","https://github.com/AlexanderStreng-Aviva/Kentico12"
"God Component","https://github.com/Alexandr-Kulbachka/Kontur-Csharp-course"
"God Component","https://github.com/AlexandrKaleganov/akaleganov_junior"
"God Component","https://github.com/AlexandrPeshkov/Tigra-Remake"
"God Component","https://github.com/Alexandra99/ATM"
"God Component","https://github.com/AlexandraBulaceanu/Java-1-A-curs-Vara-2021"
"God Component","https://github.com/AlexandraBulaceanu/java1P-MARTIE-2020"
"God Component","https://github.com/AlexandraBulaceanu/step-intern-week2-bulaceanu"
"God Component","https://github.com/AlexandraDotlic/TestingSystem"
"God Component","https://github.com/Alexandre-Lacoste/RpgProjet"
"God Component","https://github.com/Alexandre-Lacoste/projetRpg"
"God Component","https://github.com/Alexandresl/Curso-java-1"
"God Component","https://github.com/Alexandros5880/Assigments_School"
"God Component","https://github.com/Alexandru-Dascalu/Swansea-Lib"
"God Component","https://github.com/AlexandruM-hub/POO_UTM"
"God Component","https://github.com/AlexandruSte/100Challenge"
"God Component","https://github.com/Alexbg08/Compiladores-Proyecto_1"
"God Component","https://github.com/Alexcandra22/Stack"
"God Component","https://github.com/Alexcoghlan98/INDE601-Netscapes"
"God Component","https://github.com/AlexeyBelyaev-hub/rates"
"God Component","https://github.com/AlexeyDolgov/Harvest_Project"
"God Component","https://github.com/AlexeyLz/EatFood"
"God Component","https://github.com/AlexeyParfimovich/AT_jlessons"
"God Component","https://github.com/AlexeyShirshov/om-ml2"
"God Component","https://github.com/AlexeySidorov/photoviewer"
"God Component","https://github.com/AlexeyTipunin-cg/Balls-game"
"God Component","https://github.com/AlexeyZAA/ISPDnDoc"
"God Component","https://github.com/Alexi71/SchedulerTest"
"God Component","https://github.com/Alexis-Mercado-Marquez/Briefcase"
"God Component","https://github.com/Alexis-P252/ProgAplicaciones-LAB3"
"God Component","https://github.com/AlexisAbrate/Projet1CDA12_annuaire"
"God Component","https://github.com/AlexisTak/Kiba-MCP-1.13.2"
"God Component","https://github.com/AlexusConstantin/Alexus"
"God Component","https://github.com/Alexx999/YAGS"
"God Component","https://github.com/AlfonsoHdz/JYP-Proyects"
"God Component","https://github.com/AlfonsoJBR/programacion-21-22"
"God Component","https://github.com/AlfredYang1986/MWOAuth"
"God Component","https://github.com/AlfredYang1986/MWService"
"God Component","https://github.com/Alfredyim410/Android-Food-Ordering-System"
"God Component","https://github.com/Alfresco/alfresco-android-app"
"God Component","https://github.com/Alfresco/alfresco-android-sdk"
"God Component","https://github.com/Alftron/Mooc.fi-Java-Helsinki-2"
"God Component","https://github.com/Algo-Trading-App/MoneyTree"
"God Component","https://github.com/AlgorithmTour/lw"
"God Component","https://github.com/Algorithman/SoundCenSe"
"God Component","https://github.com/Ali-Ai-Dev/ibazar-app"
"God Component","https://github.com/Ali-Ai-Dev/introducing-tvus-APP"
"God Component","https://github.com/Ali-Ai-Dev/reminder-app"
"God Component","https://github.com/Ali-Noghabi/Ap-project-android"
"God Component","https://github.com/Ali-Parandeh/tanks"
"God Component","https://github.com/Ali-Setareh/Data-Structures-and-Algorithms-Specialization-Coursera"
"God Component","https://github.com/AliAzaz/LEAPS_ScaleUp"
"God Component","https://github.com/AliDenno/sharing-app"
"God Component","https://github.com/AliElNaggar99/Bookstore_Chain_DB_App"
"God Component","https://github.com/AliHaider8/desktop_base_resturant_managment_system"
"God Component","https://github.com/AliMi00/SmallShopAccounting"
"God Component","https://github.com/AliPervaiz/Kattis"
"God Component","https://github.com/AliaElKattan/air-hockey-vr"
"God Component","https://github.com/AliceInWonderland6969/Project-oop1"
"God Component","https://github.com/AliceWangrong/stuManager"
"God Component","https://github.com/Alichorchia1/e-commerce-First-Try"
"God Component","https://github.com/AliciaC07/Programacion-Web"
"God Component","https://github.com/AliesYangpai/ADHDriverApp"
"God Component","https://github.com/AlifDewantoro/ChatoBase2"
"God Component","https://github.com/Alifilho/exercise-list-java"
"God Component","https://github.com/AlinaPoliukhovych/Application-Database"
"God Component","https://github.com/AlinaVarkki/CS409_C-K_Code_metrics_Analyzer"
"God Component","https://github.com/AlineJo/AdapterMap"
"God Component","https://github.com/Aliona990220/leson"
"God Component","https://github.com/Aliourrami/Club-Sport-Management"
"God Component","https://github.com/Alireza1044/AP96972"
"God Component","https://github.com/AlirezaSadeghi72/Atiran.CustomDocking"
"God Component","https://github.com/Alitorzero/MaozNet"
"God Component","https://github.com/Alitty/MS.NET"
"God Component","https://github.com/Aliullah456/e-policing"
"God Component","https://github.com/AlizerUncaged/HTTP-Injector"
"God Component","https://github.com/Alksgest/AudioPlayer"
"God Component","https://github.com/AllPlayer/WaveRider"
"God Component","https://github.com/AllSafeCyberSecur1ty/SU-75"
"God Component","https://github.com/AllSafeCyberSecur1ty/qtime"
"God Component","https://github.com/Alleaxx/RS-2.0"
"God Component","https://github.com/Allen-HDs/Interview-note"
"God Component","https://github.com/Allen-MJ/gbmc"
"God Component","https://github.com/AllenAnjal/senior-project"
"God Component","https://github.com/AllenDowney/ThinkJavaCode"
"God Component","https://github.com/AllenFreecs/AdaptiveHR"
"God Component","https://github.com/AllenKd/algorithm_practice"
"God Component","https://github.com/Allenchew/Fantastic-Climber"
"God Component","https://github.com/Allenmcc/mcc-lab"
"God Component","https://github.com/Allenyep/OJtest"
"God Component","https://github.com/Allerka/TrekStar"
"God Component","https://github.com/Allforgot/SeetaFace2Android"
"God Component","https://github.com/AllstarVirgo/algorithms-jeff-java-implement"
"God Component","https://github.com/Alluxio/alluxio"
"God Component","https://github.com/AllyInnes99/medapp"
"God Component","https://github.com/AllyssonMoura/dark"
"God Component","https://github.com/AlmaOrtega20/ventas"
"God Component","https://github.com/Almaroo/FileValidator"
"God Component","https://github.com/Almnir/WebApplicationCoreEF"
"God Component","https://github.com/Almos18/Past-Java-Exercises-and-CAs"
"God Component","https://github.com/Alodiga123/AlodigaWallet"
"God Component","https://github.com/Alodiga123/AlodigaWalletAdminWeb"
"God Component","https://github.com/Alodiga123/AlodigaWalletAppMobile"
"God Component","https://github.com/Alodiga123/AlodigaWalletCommons"
"God Component","https://github.com/Aloento/AssetReader4J"
"God Component","https://github.com/Alonesand/MenuOrderSystem"
"God Component","https://github.com/AlonsoPinto77/Law-Order"
"God Component","https://github.com/AlouiOmar97/zuul-eureka-microservices"
"God Component","https://github.com/AloyASen/Webcam-Capture-JAVA"
"God Component","https://github.com/Alpercomen/StacknSlide"
"God Component","https://github.com/AlphaBit-137/AlphaBit_RO137_SkyStone_Code"
"God Component","https://github.com/AlphaBit-137/AphaBit_RO137_UltimateGoal_Code"
"God Component","https://github.com/AlphaMode/ForgeModels"
"God Component","https://github.com/AlphaTrainingOrg/coreJavaCode"
"God Component","https://github.com/AlphaWolf464/OW_Heroes_Demo"
"God Component","https://github.com/AlphaYouss/ProftaakVerdieping_S1"
"God Component","https://github.com/Alphaquest2005/MNIB-Product-Labels"
"God Component","https://github.com/Alphaquest2005/QikTic"
"God Component","https://github.com/Alphien/AlphienStudio"
"God Component","https://github.com/Alphraneous/NightShade"
"God Component","https://github.com/AlpsDog/ModuleDevSample"
"God Component","https://github.com/Alrampaz816/MechAp"
"God Component","https://github.com/AlshimaaRifaat/OutletJava"
"God Component","https://github.com/AltBeacon/android-beacon-library"
"God Component","https://github.com/AlteredCarrot71/openBVE_remake"
"God Component","https://github.com/Altevir/xamarinforms-wallet-creditcard"
"God Component","https://github.com/Altinn/ec-client-dotnet"
"God Component","https://github.com/Altinn/ec-client-java-cxf"
"God Component","https://github.com/Altoid0/AP-CSA"
"God Component","https://github.com/AltonDsouza/Tokree"
"God Component","https://github.com/Altria11043/java_review"
"God Component","https://github.com/AltuninAndrew/EvaSystem"
"God Component","https://github.com/Aluvspam/Summer19"
"God Component","https://github.com/AlvandSoftsCorp/remember-it-win"
"God Component","https://github.com/AlvaroArratia/curso-java-spring"
"God Component","https://github.com/AlvaroCD/EasyTable"
"God Component","https://github.com/AlvaroDaw/programacion"
"God Component","https://github.com/AlvaroLechuga/TFG_AllConnected"
"God Component","https://github.com/Alvarocda/meucaixa"
"God Component","https://github.com/Alvcalgon/Acme-Manitas"
"God Component","https://github.com/Alvf/Astersoids"
"God Component","https://github.com/Alvin199703/FAW-SmartBus"
"God Component","https://github.com/Alvtron/Matbit"
"God Component","https://github.com/AlwaysLoveme/capacitor-plugin-safe-area"
"God Component","https://github.com/Alwaz/Voting-System"
"God Component","https://github.com/Alwin-Lin/gcpReleaseParser"
"God Component","https://github.com/AlynGuo/Example-Codes-For-JAVA-GUI"
"God Component","https://github.com/AlzaInteractive/Math-Question-Generator"
"God Component","https://github.com/AmSmart/EventRegisterDesktop"
"God Component","https://github.com/AmSmart/FoodAI"
"God Component","https://github.com/AmadeusITGroup/HttpSessionReplacer"
"God Component","https://github.com/AmalMtibaa/Design-Patterns-projects"
"God Component","https://github.com/AmalVijayan01/Amal-Vijayan-S2MCA-JAVA-Lab"
"God Component","https://github.com/Amalbekov96/Spring-Courses"
"God Component","https://github.com/Amaljithkalarikkal/quickfix"
"God Component","https://github.com/Amalnath384/srmb2corejava"
"God Component","https://github.com/Aman-Chopra/Cardiapp"
"God Component","https://github.com/Aman9das/Arcticons--4080ff"
"God Component","https://github.com/AmanJinjianan/CodeToy"
"God Component","https://github.com/AmanMU/WAAM-Project"
"God Component","https://github.com/AmanMahato/Java_2018"
"God Component","https://github.com/AmanSingh-java/AndroidMlm"
"God Component","https://github.com/AmanYdv20/review_check"
"God Component","https://github.com/Amanda-WangXiao/Leetcode-Exercise"
"God Component","https://github.com/AmanderMander98/4020NutritionTracker"
"God Component","https://github.com/AmanderMander98/4020SimonGame"
"God Component","https://github.com/Amangoel998/Feedback-Management-System"
"God Component","https://github.com/Amanrohila/sample"
"God Component","https://github.com/AmarTabakovic/geografie-quizspiel"
"God Component","https://github.com/Amaral1973/LojaChingLing"
"God Component","https://github.com/Amarantine123/AssistiveTechnologies"
"God Component","https://github.com/AmbreDonnadieu/SessionBelote"
"God Component","https://github.com/AmeerSaleem/GammaStoreduplicate"
"God Component","https://github.com/AmelieALLIN/MasterLingua"
"God Component","https://github.com/AmemachiF/Slay_the_Spire_MOD"
"God Component","https://github.com/AmemiyaSigure/CuteChat-CoolQ"
"God Component","https://github.com/AmenEllah/tsf-backend"
"God Component","https://github.com/AmerA10/EasyGameDone_Finally"
"God Component","https://github.com/AmerA10/Scriptable_Cards-Good-"
"God Component","https://github.com/AmerigoM/HololensVocalCommands"
"God Component","https://github.com/AmihayHassan/dotNet-WPF-project"
"God Component","https://github.com/AmilkarDev/Happy-New-You---WP10-store-mobile-app"
"God Component","https://github.com/Amillinium/binance-java-api"
"God Component","https://github.com/AminahShentour/FirstPersonal"
"God Component","https://github.com/Aminator/DirectX12GameEngine"
"God Component","https://github.com/AmineI/A3_POO_Projet_Final_TD7_8"
"God Component","https://github.com/Aminsh1221056SaSa/PSSR"
"God Component","https://github.com/Amir1381yousefi/graphic"
"God Component","https://github.com/Amir79Naziri/HTTP_Client"
"God Component","https://github.com/AmirAbaskohi/VWS-API"
"God Component","https://github.com/AmirBayat0/Login_App"
"God Component","https://github.com/AmirEasySoft/shadi-hall"
"God Component","https://github.com/AmirGh1712/OOP-Arkanoid"
"God Component","https://github.com/AmirHosseinYari2002/Farm-Frenzy"
"God Component","https://github.com/AmirImam/BHybridSample"
"God Component","https://github.com/AmirPanah/BodyDetection"
"God Component","https://github.com/AmirPanah/RestaurantManagment"
"God Component","https://github.com/AmirPanah/Scan-Matcher"
"God Component","https://github.com/Amirbek2506/zoomagazin"
"God Component","https://github.com/Amirfarhad-Nilizadeh/GSoC_Fuzzer_RAC"
"God Component","https://github.com/Amirhossein-Rajabpour/Jpotify"
"God Component","https://github.com/Amirkhan5949/MoviesHub"
"God Component","https://github.com/Amirr90/DMax"
"God Component","https://github.com/Amirr90/MyTuition"
"God Component","https://github.com/Amirr90/SMA2"
"God Component","https://github.com/Amit-guha/Android-Diary"
"God Component","https://github.com/Amit145/LawOfAttractionPro_v4.5"
"God Component","https://github.com/Amit1908/Tech_training1"
"God Component","https://github.com/Amit1908/Techment-Training"
"God Component","https://github.com/Amit1908/Techment_Training"
"God Component","https://github.com/AmitGawali4/BenchmarkPipeline"
"God Component","https://github.com/AmitVermaGenp/DB-CI-UseCase"
"God Component","https://github.com/AmitVermadotcom/DSA_pepcoding"
"God Component","https://github.com/AmitVethuson/csci2020_go"
"God Component","https://github.com/AmitavaSinha/Jenkins2AzureDevOps"
"God Component","https://github.com/Amitkr7498/eyelook"
"God Component","https://github.com/Amiyoo/amyplugin"
"God Component","https://github.com/Amiyoo/amyplugin-host-lib"
"God Component","https://github.com/AmmGo/IndPark"
"God Component","https://github.com/Ammkwang2541/951323_163Midterm602110045"
"God Component","https://github.com/Ammkwang2541/951323_163Midterm_602110045"
"God Component","https://github.com/Amod069/E-Seva"
"God Component","https://github.com/AmokHuginnsson/gameground"
"God Component","https://github.com/AmongOthers/CRXMaker"
"God Component","https://github.com/AmosYang6814/blockly-android"
"God Component","https://github.com/Amr-Navy/BlazorYamcs"
"God Component","https://github.com/AmrAdel000/xxxxx"
"God Component","https://github.com/AmrNassr/Clinic-System-English"
"God Component","https://github.com/AmrNassr/Clinic-System-arabic"
"God Component","https://github.com/AmrNassr/Installment-Products-System"
"God Component","https://github.com/AmrNassr/Paper-Prtining-System"
"God Component","https://github.com/AmrNassr/educational-center"
"God Component","https://github.com/AmritMalla/Competitive-Programming-I"
"God Component","https://github.com/AmrutaChaware/AllTasks"
"God Component","https://github.com/AmuntVal/XLuahotfix"
"God Component","https://github.com/AmyAssist/Amy"
"God Component","https://github.com/AmyLim328/goott-academy"
"God Component","https://github.com/AmySolomons/DAFT_AmySolomons"
"God Component","https://github.com/AmyTian97/cs61B-sp18"
"God Component","https://github.com/Amypretty/FuBaiHui"
"God Component","https://github.com/An-AiRen/ForCS61B"
"God Component","https://github.com/AnDaHoon/java_semiproject"
"God Component","https://github.com/AnOnionz/Prince"
"God Component","https://github.com/AnQueth/PlantUMLEditor"
"God Component","https://github.com/AnZhiThen/EmployeeSalaryManagement"
"God Component","https://github.com/AnaMariaZ/masterclass"
"God Component","https://github.com/AnaRizzi/buscaCep"
"God Component","https://github.com/AnaelMobilia/syncopoli"
"God Component","https://github.com/AnaghaChikalthankar/BFL_Assignments"
"God Component","https://github.com/AnakinSpain/blynk1_server"
"God Component","https://github.com/Analogy-LogViewer/Analogy.LogViewer.Syncfusion"
"God Component","https://github.com/Anamul-Hoque-Emtiaj/Language-Learning"
"God Component","https://github.com/Anand-KumarJha/CODING-EXERCISES---Java"
"God Component","https://github.com/Anandh-Raja/tmf640"
"God Component","https://github.com/Anandh-Raja/tmf641"
"God Component","https://github.com/Anandkv10/Java-Fsd-Training"
"God Component","https://github.com/AnantGowadiya/IITBHUVaranasi"
"God Component","https://github.com/Anantha-Eswar/Message-Everyone"
"God Component","https://github.com/Anas73412/NewTraveller"
"God Component","https://github.com/Anasmb/Nebula-old"
"God Component","https://github.com/AnastasiaDDM/Windows_Form_Education"
"God Component","https://github.com/AnastasiaPrix/swrlEgine"
"God Component","https://github.com/Anastasiagumenuk9/Car.WpfApplication"
"God Component","https://github.com/AnastasiiaPV/Arifmetics_I_Project"
"God Component","https://github.com/AncaElena10/AR_Boardgame"
"God Component","https://github.com/And42/TranslatorApk"
"God Component","https://github.com/AndDiSa/packages_apps_nfc"
"God Component","https://github.com/AndDiSa/packages_services_telecomm"
"God Component","https://github.com/AndDiSa/services_telephony"
"God Component","https://github.com/AndLen/gpgc"
"God Component","https://github.com/AndMu/Wikiled.IB.Market.Api"
"God Component","https://github.com/AndTheManDrew/NightVision"
"God Component","https://github.com/Ander-RL/Chronos"
"God Component","https://github.com/Ander456/XLuaFishDemo"
"God Component","https://github.com/AndersHoffmann/WinForms-Optician-Manager"
"God Component","https://github.com/AndersJuul/Ajf.NsPlanner"
"God Component","https://github.com/AndersSoborg/MonoBrick-Communication-Software"
"God Component","https://github.com/AndersonGarrote/TrabalhoCompiladores"
"God Component","https://github.com/AndersonSKCC/convenience"
"God Component","https://github.com/AndersonSacramento/DesignPattern-Flyweight"
"God Component","https://github.com/AnderssonPeter/MiFloraSwarm"
"God Component","https://github.com/Anderstask1/Agent-oriented_Software_Engineering"
"God Component","https://github.com/AndieNoir/VFatumbot"
"God Component","https://github.com/Andover-Robotics/10331-SkyStone"
"God Component","https://github.com/Andover-Robotics/4410-Skystone"
"God Component","https://github.com/Andover-Robotics/5273-SkyStone"
"God Component","https://github.com/AndraStana/MusicSpot"
"God Component","https://github.com/Andre-Sequeira/AdapterCeption"
"God Component","https://github.com/Andre2797/Proyect_propietarios"
"God Component","https://github.com/AndreKraemer/blazor-mobile-bindings-basta-2020"
"God Component","https://github.com/AndreNwaDEV/NFE_NFCE_WEB"
"God Component","https://github.com/Andrea-96/Progetto-ingegneria-del-software"
"God Component","https://github.com/Andrea-gt/POO2021Honey"
"God Component","https://github.com/Andrea4007/punto-venta-sys"
"God Component","https://github.com/AndreaCornejoParedes/gricultor"
"God Component","https://github.com/AndreaGhiglione/data-processing-and-analytics"
"God Component","https://github.com/AndreaIche/RefactorizadoMonopoly"
"God Component","https://github.com/AndreaOrt/PM2AppTarea1"
"God Component","https://github.com/AndreasArvidsson/Java-JSON-Schema"
"God Component","https://github.com/AndreasFagschlunger/o2xfs-memory-databind"
"God Component","https://github.com/AndreasHaug/Compila10"
"God Component","https://github.com/AndreasLichtsinn/RunningDinner_V2"
"God Component","https://github.com/AndreasReitberger/LibVlcViewIsNullTest"
"God Component","https://github.com/AndreeJimenez/Shopping-Cart-App"
"God Component","https://github.com/AndreeaNenciuCrasi/just-katas"
"God Component","https://github.com/AndreiMisiukevich/CardView"
"God Component","https://github.com/AndreiMisiukevich/HotReload"
"God Component","https://github.com/Andrej997/PuSGS-Project"
"God Component","https://github.com/AndreliaJUN/bms"
"God Component","https://github.com/Andres02Otero/test-poo-2021-3"
"God Component","https://github.com/Andres0x90/scheduling-system-smart"
"God Component","https://github.com/Andres6936/Castlevania-Roguelike"
"God Component","https://github.com/AndresBaez96/Learning_Java"
"God Component","https://github.com/AndresHaro1991/AppS2Notas"
"God Component","https://github.com/AndresRamos/Contpaqi.Sql.Contabilidad.Empresa"
"God Component","https://github.com/AndresTraks/BulletSharpPInvoke"
"God Component","https://github.com/Andrew-Archer/NojaborskDefectoscope"
"God Component","https://github.com/Andrew-Programming-Community/java-programming-tutorial"
"God Component","https://github.com/Andrew912/Intex_Mixer"
"God Component","https://github.com/AndrewAct/LiftLeetCode2021"
"God Component","https://github.com/AndrewAtCheckmarx/WebGoat-Legacy-master"
"God Component","https://github.com/AndrewDzyuba/Tanks-PvP"
"God Component","https://github.com/AndrewIGD/BoomerangFight"
"God Component","https://github.com/AndrewJensen1/Forecast4Food"
"God Component","https://github.com/AndrewMalitchuk/cinema-client"
"God Component","https://github.com/AndrewMarques2018/AprendendoJava"
"God Component","https://github.com/AndrewPlakhotnyi/UpToYou"
"God Component","https://github.com/AndrewProgramming/JavaTutorialCode"
"God Component","https://github.com/AndrewRichardsCode/Space-Invaders-Remake"
"God Component","https://github.com/AndrewSav/mktool"
"God Component","https://github.com/AndrewStites/CpE-Projects"
"God Component","https://github.com/AndrewXuYes/LeeCodeJava"
"God Component","https://github.com/AndrewXuYes/SpringBootProject"
"God Component","https://github.com/Andrey017/Camellia"
"God Component","https://github.com/Andrey1771/Old_Experiment_Viewer_For_Database"
"God Component","https://github.com/AndreyAfanasiev/copy-object"
"God Component","https://github.com/AndreyCorelli/cs_csharp_api"
"God Component","https://github.com/AndreyElagin/42"
"God Component","https://github.com/AndreyKotsenko/RestApplication"
"God Component","https://github.com/AndreyMenshikov/vetisapi"
"God Component","https://github.com/AndreyRusyaev/acryptohashnet"
"God Component","https://github.com/AndreyShamis/advices"
"God Component","https://github.com/AndreyTykhonov/FastFileSend"
"God Component","https://github.com/AndriiPiatakha/lectures-java-core"
"God Component","https://github.com/AndrioCelos/KtaneNotVanillaModules"
"God Component","https://github.com/Android-xiaoxian/JisuLoan"
"God Component","https://github.com/AndroidDeveloper3005/DreamFulbari"
"God Component","https://github.com/AndroidFriendsGroup/Huobi-Analysis"
"God Component","https://github.com/AndroidHappyClub/UiSample"
"God Component","https://github.com/AndroidKnife/RxBus"
"God Component","https://github.com/AndroidKun/XTabLayout"
"God Component","https://github.com/AndroidPZ/SelfLottery"
"God Component","https://github.com/AndroidProject-Roehampton-2020/slh"
"God Component","https://github.com/AndroidQuazar/VanillaCombatOverhaul-Ranged"
"God Component","https://github.com/AndroidQuazar/VanillaFactionsExpandedMedieval"
"God Component","https://github.com/AndroidQuazar/VanillaFurnitureExpanded-Power"
"God Component","https://github.com/AndroidQuazar/VanillaFurnitureExpanded-Security"
"God Component","https://github.com/AndromedaX7/MobileOffice_Pad_outside"
"God Component","https://github.com/Andrsrz/graficas-por-computadora-2D-3D"
"God Component","https://github.com/AndrusS-IA/Clinica"
"God Component","https://github.com/AndrzejSkwierawski/VRNinja"
"God Component","https://github.com/Andy0926/BubbleDummy"
"God Component","https://github.com/AndyAls/Tempad"
"God Component","https://github.com/AndyCW/Azure-Custom-Translator-CLI"
"God Component","https://github.com/AndyCW/MovesenseDotNet"
"God Component","https://github.com/AndyFrist/MyViews"
"God Component","https://github.com/AndyHsuTW/VmsService"
"God Component","https://github.com/AndyLee2018/BabyLaugh"
"God Component","https://github.com/AndyPandy94/GoogleTaskBrightNetwork"
"God Component","https://github.com/AndyPic/ArtemisLite"
"God Component","https://github.com/AndyTWF/sector-file-compiler"
"God Component","https://github.com/AndyZhao0225/Parallel-Computing-with-PJ2"
"God Component","https://github.com/Andyshix/TareasJavaIntermedio"
"God Component","https://github.com/AndzelikaB/PlanszowyGeek"
"God Component","https://github.com/AneeshLeen/InventoryRepo"
"God Component","https://github.com/Anelon/CST338"
"God Component","https://github.com/Anewsome09/FinalRepo"
"God Component","https://github.com/AnfalAnsari/R-Reminder"
"God Component","https://github.com/AngeC15/mir-automata"
"God Component","https://github.com/Angel-125/BARIS"
"God Component","https://github.com/Angel-125/KerbalActuators"
"God Component","https://github.com/Angel-ML/angel"
"God Component","https://github.com/Angel-Vin/just_bd"
"God Component","https://github.com/AngelAlbertoDeLaCruzGarcia/Convertidor"
"God Component","https://github.com/AngelBeats-Kanade/Uv2ray"
"God Component","https://github.com/AngelGarcia13/CabanasRDCommunityEdition"
"God Component","https://github.com/AngelGiovanny/SQLiteS7AngelGualotuna"
"God Component","https://github.com/AngelGutierrezGurerero/GeoCor"
"God Component","https://github.com/AngelHeroSong/alg"
"God Component","https://github.com/AngelJadan/Varias-practicas-de-java"
"God Component","https://github.com/Angeladadd/Orthodontics-Based-On-Virtual-Reality-Interaction"
"God Component","https://github.com/Angelica-R/Trabajo-Encargado-01-Frameworks-de-pruebas"
"God Component","https://github.com/AngelinaDementeva/ProgLab7"
"God Component","https://github.com/AngeloCresta/winforms-datavisualization-net5"
"God Component","https://github.com/AngeloMonei/Tarea"
"God Component","https://github.com/AngeredOne/MT_VTG"
"God Component","https://github.com/AnggitNendyo/CariTourGuide2"
"God Component","https://github.com/AngieEF/AppUsaditos"
"God Component","https://github.com/AngleSharp/AngleSharp"
"God Component","https://github.com/AngleSharp/AngleSharp.Css"
"God Component","https://github.com/AngryCouchPotato/LeetCoding"
"God Component","https://github.com/AnguloVallleWilliam/IdeoGo_RestFulAPI"
"God Component","https://github.com/Anh-Toine/CalorieJotter"
"God Component","https://github.com/AnhBhai/VXI_ContractHiringHubs"
"God Component","https://github.com/AnhPVL/COMP17816_pa3065w_CW1_sourcecode"
"God Component","https://github.com/AnhVoProgramming12/Programming12"
"God Component","https://github.com/AniGayake/Music-Player"
"God Component","https://github.com/Anika132/Banking-App"
"God Component","https://github.com/AnikaKR/Elderly_HealthCare"
"God Component","https://github.com/AnikaMahesh/FirstTechChallengeFreightFrenzy"
"God Component","https://github.com/Aniket-coder95/JAVA-Codes"
"God Component","https://github.com/Aniket29-shiv/Rummy_Android_App"
"God Component","https://github.com/Aniket762/Hack-Gujarat-"
"God Component","https://github.com/AniketAg/Wallbreakers-leetcode"
"God Component","https://github.com/AniketAndhale/dailywork"
"God Component","https://github.com/AniketBhandarge38/SmartQ"
"God Component","https://github.com/AniketVanja/Kee_Bird_Game"
"God Component","https://github.com/Aniketconnekt/FlyingCRM"
"God Component","https://github.com/Anikit013/JAVA-FROM-SCRATCH-TO-ADVANCED-PROGRAMS"
"God Component","https://github.com/AnilWesley/nova-agritech-ems"
"God Component","https://github.com/Anildhakal01/Doctor360"
"God Component","https://github.com/Anilople/Dog"
"God Component","https://github.com/Anilople/javajvm"
"God Component","https://github.com/Anime4000/IFME"
"God Component","https://github.com/Animus-Mortis/GladiatorsTask"
"God Component","https://github.com/Anindya-Prithvi/dsa-sem2plus"
"God Component","https://github.com/AniruddhaChattopadhyay/Cynosure_backend_work"
"God Component","https://github.com/Anirudh-Muthukumar/Game-Programming"
"God Component","https://github.com/AnirudhJagannathan/FTC18108RobotController-7.0"
"God Component","https://github.com/AnisKaloun/ProjetCompil"
"God Component","https://github.com/AnishKumar300/mylearning"
"God Component","https://github.com/Anistream/Anistream-Mobile"
"God Component","https://github.com/AnitaDa/AutoSkolaDesktopMob"
"God Component","https://github.com/AnithaPyra/Playsqor-Android-ProRodeo"
"God Component","https://github.com/Anjalikumbhar5/Anjali_class_work"
"God Component","https://github.com/Anjsanchez/awari_v2"
"God Component","https://github.com/AnjumAsif/coachmovecustomerandroid-master"
"God Component","https://github.com/Anka42/Kantar-Program-4.5.1"
"God Component","https://github.com/Anka42/Kantar-Program-4.5.2"
"God Component","https://github.com/Ankcy/SCR-Screen-Recorder"
"God Component","https://github.com/Ankit4917/My-cityact"
"God Component","https://github.com/AnkitTrivedi9140/pods"
"God Component","https://github.com/AnkitYadav-2019409/ColorDetect-Camera"
"God Component","https://github.com/AnkurNayak/Android-Studio-4.2-Initial-OpenCV-Setup"
"God Component","https://github.com/AnkurTambe/ZoomClone"
"God Component","https://github.com/Ankush-Pathak/ICCUBEA"
"God Component","https://github.com/AnkushSupnar/YashGoatFarm"
"God Component","https://github.com/AnleSu/DataStructure_Learn"
"God Component","https://github.com/AnlinJin/Formula5_Telemetry"
"God Component","https://github.com/Anlon-Burke/AoJ"
"God Component","https://github.com/AnmayG/CalculatorProject"
"God Component","https://github.com/Anmol-13/HibernateExercise"
"God Component","https://github.com/Ann01Zadoiko/javaLearn0"
"God Component","https://github.com/AnnWitt/Repo2021_arch"
"God Component","https://github.com/AnnaMilevich/TAT-Milevich"
"God Component","https://github.com/AnnaSrivastava/SpringAssignment"
"God Component","https://github.com/AnnaZavgorodnia/LearningJava"
"God Component","https://github.com/AnnapureddyJyothi/jyothiiiiiiii"
"God Component","https://github.com/AnnemariekeVanVeen/Desktop-Scrumapp"
"God Component","https://github.com/AnnexCloudSAP/SAP-Cloud-Commerce-2005"
"God Component","https://github.com/Annie1707/Hibernate-SpringMVC"
"God Component","https://github.com/AnnieMonk/getFood_API"
"God Component","https://github.com/AnnieZhao17/Maze-Crawlers"
"God Component","https://github.com/Anonylions/consulta_seekloc"
"God Component","https://github.com/AnonymousRecess/CS221-P2"
"God Component","https://github.com/AnonymusRaccoon/Opus"
"God Component","https://github.com/Anoobus/orion-web"
"God Component","https://github.com/Anordinaryespo/PitJumpAf"
"God Component","https://github.com/AnotherICAPadawaan/OOSE-DEA"
"God Component","https://github.com/AnotherNoName/Tesla-SRC"
"God Component","https://github.com/Ansaga/ButtomTabNavigation"
"God Component","https://github.com/AnselmKoch/Vorlesung"
"God Component","https://github.com/Ansen-cao/sprinboot01"
"God Component","https://github.com/Anshul718/BookBay_Android_App"
"God Component","https://github.com/Ansoooo/GENG"
"God Component","https://github.com/Answer159/ssm_whut"
"God Component","https://github.com/AntSegJim/DP-Hackathon"
"God Component","https://github.com/AntSegJim/DP2-Entrega01"
"God Component","https://github.com/AntSegJim/DP2-Examen"
"God Component","https://github.com/AntSharK/MyFirstGame"
"God Component","https://github.com/AntenehAdmasu/CompetitiveProgrammingLabs"
"God Component","https://github.com/AntennaPod/AntennaPod"
"God Component","https://github.com/Antho1426/capl-project"
"God Component","https://github.com/AnthoniIP/OrdemDeServico"
"God Component","https://github.com/Anthonnyc88/2-Proyecto-Programacion-2"
"God Component","https://github.com/Anthony-Quito/Ejercicio03"
"God Component","https://github.com/Anthony-Quito/Ejercicio07"
"God Component","https://github.com/Anthony-Quito/ListViewExample"
"God Component","https://github.com/AnthonyBasdfg/PoS"
"God Component","https://github.com/AnthonyRich13/EmotionRecognition-Mobile"
"God Component","https://github.com/Anthonymary024/trainingRepo1"
"God Component","https://github.com/Antido-L/PNW"
"God Component","https://github.com/AntidoteDB/antidote-java-client"
"God Component","https://github.com/Antivius/AndroidVaraus"
"God Component","https://github.com/AntoBrandi/Im-gine"
"God Component","https://github.com/AntofeOctavian/AntofeRTC1"
"God Component","https://github.com/AntoineBrah/Java-RMI"
"God Component","https://github.com/AntoineRenoux/DefenseByNight"
"God Component","https://github.com/Anton1392/UniversityPortfolio"
"God Component","https://github.com/AntonC9018/uni_java"
"God Component","https://github.com/AntonChanin/InputPanel"
"God Component","https://github.com/AntonKosenkoDX/xamarinScrollViewBug"
"God Component","https://github.com/AntonMaksimenkau/team4_backend"
"God Component","https://github.com/AntonSemenov87/Cybertek_Selenium"
"God Component","https://github.com/AntonSplavnik/How-to-make-a-videogame"
"God Component","https://github.com/AntonSyzko/LeetcodeStudies"
"God Component","https://github.com/Antoni2021/HillelCourse"
"God Component","https://github.com/AntonioAlvarado21/SpringJPA"
"God Component","https://github.com/AntonioAlvarado21/SpringWeb_Finalizado"
"God Component","https://github.com/AntonioAstudillo/Ejercicios-de-Java"
"God Component","https://github.com/AntonioBaciu/JAVA-learning-progress"
"God Component","https://github.com/AntonioTrovato/ProgettoMantovanelli"
"God Component","https://github.com/Antonov-S/ASP.NET-Core-ExpenseManager-v2.0"
"God Component","https://github.com/Antonstockmarr/ConcurrentProgramming"
"God Component","https://github.com/AntonyCorbett/OnlyM"
"God Component","https://github.com/AntonyCorbett/OnlyV"
"God Component","https://github.com/AntonyHanna/BeatPresence"
"God Component","https://github.com/AntonyHanna/RaftPlugins"
"God Component","https://github.com/AntonyPC97/Bendiciones-Cliente"
"God Component","https://github.com/AntowanG-tech/CST-339Activities"
"God Component","https://github.com/Antyto/Full-Stack-Java"
"God Component","https://github.com/Anu1601CS/peer-to-peer"
"God Component","https://github.com/AnubhavusesSC/Interpreter"
"God Component","https://github.com/Anubhuti-Bhargava28/DailyWork-Anubhuti-Bhargava"
"God Component","https://github.com/Anuhya98/MyRep2"
"God Component","https://github.com/AnujDawar/AugmentedReality"
"God Component","https://github.com/Anujsharma05/java_ds"
"God Component","https://github.com/Anuka-R98/CAKEMANIA"
"God Component","https://github.com/Anuken/Mindustry"
"God Component","https://github.com/Anuken/Mindustry-Classic"
"God Component","https://github.com/Anup46/Test-Project"
"God Component","https://github.com/Anurag1132/E-Comerece"
"God Component","https://github.com/AnuragRepaka/ATCGuide"
"God Component","https://github.com/Anuragkillswitch/LeetCodesubmissions"
"God Component","https://github.com/Anuragrao9211/Spectrum"
"God Component","https://github.com/AnushikaNethsara/TechDots1"
"God Component","https://github.com/Anvisys/MyApttSocietyAPI"
"God Component","https://github.com/Anwy7895/softwareMaintenance"
"God Component","https://github.com/AnyStatus/API"
"God Component","https://github.com/Anyline/anyline-ocr-xamarin-module"
"God Component","https://github.com/Aoi-hosizora/NcmlAtw"
"God Component","https://github.com/Aoi-hosizora/NeteaseM2D"
"God Component","https://github.com/AomineD/Pleasus"
"God Component","https://github.com/Aonokiseki/ckm.test.9.0"
"God Component","https://github.com/Aoyihala/300Hero"
"God Component","https://github.com/Apache001/learnCode"
"God Component","https://github.com/Apache9/TempCode"
"God Component","https://github.com/AparnaM13/13_Java"
"God Component","https://github.com/ApdUlRahman-Muhammed/EduMe"
"God Component","https://github.com/Apeppapig/Mall-Learning"
"God Component","https://github.com/ApexTone/JavaLearningResources"
"God Component","https://github.com/ApexWeed/WallChanger"
"God Component","https://github.com/Aphodomus/Algoritmos-e-Estruturas-de-Dados-II"
"God Component","https://github.com/Api2sem2021/2-BD2020-2-equipe5"
"God Component","https://github.com/Apjo/algorithms_and_datastructures"
"God Component","https://github.com/Aplys-Knowledge/TH_Project01"
"God Component","https://github.com/Apocryphoon/tcc-senai-master"
"God Component","https://github.com/ApoieRuas/apoie-ruas-mobile"
"God Component","https://github.com/Apollo-S/CRMApp"
"God Component","https://github.com/Apollo3zehn/ImcFamosFile"
"God Component","https://github.com/Apoorv-16/Snake_AR_Game"
"God Component","https://github.com/Apoorv-cloud/Live_The_Code"
"God Component","https://github.com/Apostolique/MonoGameContinuousUpdate"
"God Component","https://github.com/App-State-3667-Su21/coins-team-1"
"God Component","https://github.com/App-State-3667-Su21/coins-team2"
"God Component","https://github.com/App-State-3667-Su21/coins-team3"
"God Component","https://github.com/App-vNext/Polly"
"God Component","https://github.com/AppGeo/AppGeo.Clients"
"God Component","https://github.com/AppMetrics/AppMetrics"
"God Component","https://github.com/AppState-CS3667/coinage-whatever"
"God Component","https://github.com/AppSync-ai/UltraMx"
"God Component","https://github.com/Appdynamics/pcf-firehose-monitoring-extension"
"God Component","https://github.com/Appletart99/Musicality"
"God Component","https://github.com/AppsForGood-OP9/BPGApp"
"God Component","https://github.com/AppsLab2019/CooKit"
"God Component","https://github.com/AppsLab2019/GamesHub"
"God Component","https://github.com/ApptrendsVisu/StickerView"
"God Component","https://github.com/Apress/practical-vaadin"
"God Component","https://github.com/Apress/real-time-iot-imaging-w-deep-natural-networks"
"God Component","https://github.com/Apress/spring-boot-persistence-best-practices"
"God Component","https://github.com/AprilRobotics/apriltag-generation"
"God Component","https://github.com/Apskaita5/A5App"
"God Component","https://github.com/Apurv0007/AdvanceJava"
"God Component","https://github.com/ApurvSinghal/ApurvXamarin"
"God Component","https://github.com/Aqinn/code_dance"
"God Component","https://github.com/Aqoolare/AlgorithmicsApp"
"God Component","https://github.com/AquaticInformatics/aquarius-sdk-net"
"God Component","https://github.com/AquidneckIslandRobotics/Eggos"
"God Component","https://github.com/Aquila169/LiveTileSlideshow"
"God Component","https://github.com/ArChAnAs123/springkeepnote"
"God Component","https://github.com/AraGaby/Alz-JaimeAppFinal"
"God Component","https://github.com/AraGaby/AlzJaime3"
"God Component","https://github.com/ArachisH/Tanji"
"God Component","https://github.com/Aragas/MineLib"
"God Component","https://github.com/Aramxv/AHK-POS-Enterprises"
"God Component","https://github.com/Aratoud/Vestium"
"God Component","https://github.com/Aravindpogu/nadella"
"God Component","https://github.com/Arbazbms/3rd_SEM-DS-JAVA-"
"God Component","https://github.com/Arbiterchil/ProposalEvent"
"God Component","https://github.com/Arbonkeep/JVM-Study"
"God Component","https://github.com/Arc-husky/myTikTok"
"God Component","https://github.com/ArcEarth/LightNovelClientWindows"
"God Component","https://github.com/ArcRoot/flappy-bird"
"God Component","https://github.com/ArcaXbcXde/PA_Trabalho2"
"God Component","https://github.com/ArcadeRenegade/SidebarDiagnostics"
"God Component","https://github.com/Arcady555/java-project-lvl2"
"God Component","https://github.com/ArcasGabriel/MobileApp"
"God Component","https://github.com/ArceeL/CS61B-spr18"
"God Component","https://github.com/ArchieHo/w3resourcePra"
"God Component","https://github.com/ArchivedMCRCode/cla-mcr"
"God Component","https://github.com/Archomeda/Gw2Sharp"
"God Component","https://github.com/Archundia-Cortez-Brandon-Said/Breaking-Blocks"
"God Component","https://github.com/Arcobalneo/UnityProgram2D"
"God Component","https://github.com/ArcticWinter7/Basic-Recipies-Book-Xamarin"
"God Component","https://github.com/ArdanStudios/SMPPClient"
"God Component","https://github.com/Ardoriccardo00/Doom_Clone"
"God Component","https://github.com/AreaFiftyLAN/lancie-api"
"God Component","https://github.com/Arealy-Git/Interview.Code"
"God Component","https://github.com/ArekDee/NinjaGame"
"God Component","https://github.com/Arekhava/LanguageSchool"
"God Component","https://github.com/ArekkuusuJerii/Improbable-plot-machine"
"God Component","https://github.com/Areln/BetBank"
"God Component","https://github.com/Arematics/arematics-minecraft-core"
"God Component","https://github.com/Arenci/MemeGameVR"
"God Component","https://github.com/Arenzic/PAS"
"God Component","https://github.com/AreonDev/FreezingArcher"
"God Component","https://github.com/Argiziont/ShopParser"
"God Component","https://github.com/Arhio/GB-CSharp-Level3-Lesson_1"
"God Component","https://github.com/Arhio/GB-CSharp-Level3-Lesson_2"
"God Component","https://github.com/Ari-Zhang/Android_SleepTight_App"
"God Component","https://github.com/Ari-wuhan/data-and-algrithon"
"God Component","https://github.com/AriHealth/redcap-report-listener"
"God Component","https://github.com/Ariano76/ConsoleZoho"
"God Component","https://github.com/AricHurkman/Music_Visualizer"
"God Component","https://github.com/ArieiiV/Dextra"
"God Component","https://github.com/ArielGoulart/ProjMP"
"God Component","https://github.com/ArielHern/MOOC2"
"God Component","https://github.com/ArielNykanen/java-programming"
"God Component","https://github.com/ArielPeralta04/ARANDU_SYSTEM"
"God Component","https://github.com/Ariello05/Traffic-lights-recognizer"
"God Component","https://github.com/Arielt27/SoftwareMicrocosmos-IS-1"
"God Component","https://github.com/Ariescat/penpi2.0"
"God Component","https://github.com/ArihantBapna/Gbook"
"God Component","https://github.com/AriniumTeam/Arinium-Mod"
"God Component","https://github.com/Arinok55/EggRun"
"God Component","https://github.com/ArioMasgo/Construccion-de-Software1"
"God Component","https://github.com/AristideAbeng/UIECC-LMS-tp"
"God Component","https://github.com/Aritra995/QuizUp"
"God Component","https://github.com/AritraRudra/Projects_College"
"God Component","https://github.com/ArjenLammers/oqlmodule"
"God Component","https://github.com/Arjun-93/DSA_prcatice"
"God Component","https://github.com/ArjunDevteam/Tuffenells-shipping-integration"
"God Component","https://github.com/ArkUmbra/quaker"
"God Component","https://github.com/ArkaneMoose/QRCrypt"
"God Component","https://github.com/Arkhist/Hacknet-Pathfinder"
"God Component","https://github.com/Arkitektum/Geointegrasjon.Matrikkelf-ring.Sample"
"God Component","https://github.com/Arko109/OpenMAL"
"God Component","https://github.com/ArmA-Studio/Arma.Studio"
"God Component","https://github.com/Arman-Kussainov/Android_FDK"
"God Component","https://github.com/Armandot1998/Movilidad-Backend"
"God Component","https://github.com/Armen12655/ArmensFinalYearProject"
"God Component","https://github.com/Armen12655/ArmensFinalYearProject1"
"God Component","https://github.com/Arminbash/Facturacion_db"
"God Component","https://github.com/Arnab-Patra006/My_Android_Application"
"God Component","https://github.com/Arnaud-Nauwynck/sef4j"
"God Component","https://github.com/ArnaudGardille/ColtExpress"
"God Component","https://github.com/Arnazarov/CS420_Advanced_OOP_Concepts"
"God Component","https://github.com/Arneev/LecTrac"
"God Component","https://github.com/Arnold2319/Automatizacion"
"God Component","https://github.com/Arnsdorf/MikkelOgSigurd"
"God Component","https://github.com/AronDev/java_gyakorlas"
"God Component","https://github.com/Aroshana0215/online_-Smart_class"
"God Component","https://github.com/ArquimedesFermin/PVCSOFVerFinal"
"God Component","https://github.com/Arrayly/Awesome-Countdown"
"God Component","https://github.com/ArrowV/common-tool"
"God Component","https://github.com/ArsenEloglian/AdvanceProgrammingTechniques"
"God Component","https://github.com/ArsenShnurkov/mypad-winforms-texteditor"
"God Component","https://github.com/Arsenal-Network/Travertine-KineticArsenal-Proxy"
"God Component","https://github.com/Arsene1999/ia-final"
"God Component","https://github.com/Arshad8066/Health-Fitness-App"
"God Component","https://github.com/Arsham1024/Nach-OS"
"God Component","https://github.com/ArshiyaMilady/OP_with_WebAPI"
"God Component","https://github.com/Arshkhanak/goservices"
"God Component","https://github.com/ArslanAhmedQ/Advanced-Paint"
"God Component","https://github.com/ArslanBilal/Process-Scheduling-Algorithms"
"God Component","https://github.com/Arslanzafar1993/HMIS_API"
"God Component","https://github.com/Arsslensoft/ALBinding"
"God Component","https://github.com/Arsslensoft/ICSharpCode.NRefactory.Al"
"God Component","https://github.com/Arsslensoft/WKDV"
"God Component","https://github.com/Art-Chen/exSettings"
"God Component","https://github.com/Art-gallery-Book/art-book"
"God Component","https://github.com/ArtOfIllusion/Polymesh"
"God Component","https://github.com/ArtStarOS/android_frameworks_opt_slimrecent"
"God Component","https://github.com/ArtStarOS/android_packages_apps_Camera2"
"God Component","https://github.com/ArtStarOS/android_packages_apps_Snap"
"God Component","https://github.com/ArtStarOS/android_platform_testing"
"God Component","https://github.com/ArtV1ctory/database_application"
"God Component","https://github.com/Artem32829/WinForm-With-SQL"
"God Component","https://github.com/ArtemGord1728/JustClippy"
"God Component","https://github.com/ArtemMakovskyy/JavaFromChildren"
"God Component","https://github.com/ArtemZaikovsky/Back"
"God Component","https://github.com/ArtemZaikovsky/Front"
"God Component","https://github.com/ArtemiiF/Begunok"
"God Component","https://github.com/Artemka-py/UP2"
"God Component","https://github.com/ArtemySkiba/NeuralNetworks"
"God Component","https://github.com/ArtemySkiba/Reliability"
"God Component","https://github.com/Artentus/ModMyFactory"
"God Component","https://github.com/Artezio/ART-TIME"
"God Component","https://github.com/Arthur-Kenichi-Condino/AKCondinoOTheSims3"
"God Component","https://github.com/ArthurEagle/Eagle-Finance-Utility"
"God Component","https://github.com/ArthurGrot/MQTTnetXamarinPrototyp"
"God Component","https://github.com/Artic030-new/IC2AddonTutorial-1.12.2"
"God Component","https://github.com/ArticulatedSocialAgentsPlatform/AsapEnvironment"
"God Component","https://github.com/ArtixAllMighty/PetBuddy2016"
"God Component","https://github.com/Artizazel/Aint254"
"God Component","https://github.com/Artjomgorodnitsev/DB_Gorodnitsev"
"God Component","https://github.com/Artjomgorodnitsev/parking_Gorodnitsev"
"God Component","https://github.com/Artur51/kaitai-psd-read-font-settings"
"God Component","https://github.com/ArturGrochowski/javaProgress"
"God Component","https://github.com/ArturMroz/Project-Euler"
"God Component","https://github.com/ArturoDHernandezA/Proyecto-restaurant"
"God Component","https://github.com/Arty233/Films"
"God Component","https://github.com/ArtyomRusak/blog"
"God Component","https://github.com/Arun096/100DaysofCode"
"God Component","https://github.com/ArunVigesh/Digital_Course_File"
"God Component","https://github.com/Arunkumarvallal/Real-Estate-XR-PRO"
"God Component","https://github.com/Arunsunny28180/16_java_programs"
"God Component","https://github.com/ArusSM/2021_Spring_Class"
"God Component","https://github.com/Arven/java-rest-examples"
"God Component","https://github.com/ArvikVan/HFJ"
"God Component","https://github.com/ArvinEE/platform_of_bigdata"
"God Component","https://github.com/AryR/ProsegurLoginApp"
"God Component","https://github.com/AryamannNingombam/testing_jio_sdk"
"God Component","https://github.com/AryanLangeh02/Office-Management-Application"
"God Component","https://github.com/AryanMakol/Gardenry"
"God Component","https://github.com/As786sarex/leetcode-solution-scraper"
"God Component","https://github.com/Asatsuki/Germplasm"
"God Component","https://github.com/Asdean/SSM-project"
"God Component","https://github.com/AsehesL/PathTracer"
"God Component","https://github.com/AsenPlesnev/NetBook-C-Sharp"
"God Component","https://github.com/AsepMo/Remote-Web"
"God Component","https://github.com/AsepMo/ViRecord"
"God Component","https://github.com/AshBloss/javakeshe"
"God Component","https://github.com/AshaayneX/Payoneer-THT"
"God Component","https://github.com/AshameL/learnAndBoot"
"God Component","https://github.com/Ashbringer941105/MyLeetcode"
"God Component","https://github.com/AshenHermit/DownfallOfPerception"
"God Component","https://github.com/Ashif76/islamicpro"
"God Component","https://github.com/Ashish-Khati/-Project"
"God Component","https://github.com/Ashish-Mamgain1/velankani"
"God Component","https://github.com/Ashish-kumar-pradhan/GeeksForGeeks-Practice"
"God Component","https://github.com/AshishSatpute/Ubuntu"
"God Component","https://github.com/Ashishamar99/Brillio-Training-2021"
"God Component","https://github.com/Ashishkvs/javaConcept"
"God Component","https://github.com/AshkanShakiba/Clash-Royale"
"God Component","https://github.com/AshleySunsine/job4j_grabber"
"God Component","https://github.com/Ashlin-Gov/ISTN3AS"
"God Component","https://github.com/AshlynHanson/Drawing-Animation"
"God Component","https://github.com/AshminKc/doctor360"
"God Component","https://github.com/Ashok17kumaravel/Museum-using-Unity-3d"
"God Component","https://github.com/AshrafulalamRasel/Afridi-Gaming-Frontend-v2"
"God Component","https://github.com/Ashreen121/commandLine-YT"
"God Component","https://github.com/AshtonChingovo/rift_logistics"
"God Component","https://github.com/Ashtosh3009/Practice-Java-From-Beginning"
"God Component","https://github.com/Ashwik/Fest-Manager-App"
"God Component","https://github.com/AshwinDavidJr/FreshersBatch-Oct16-"
"God Component","https://github.com/Ashwinning/monoslam"
"God Component","https://github.com/Asif-khondaker/Gold-mortgage-and-e-commarce-Application"
"God Component","https://github.com/AsifAbu/BankAutomation_JAVA_Selenium_NYK"
"God Component","https://github.com/Asifshikder/ISP_CORE_Clean"
"God Component","https://github.com/AsillymonkeyQvQ/thinking-in-java"
"God Component","https://github.com/Asim-altitude/Kogha_Member_App_Android"
"God Component","https://github.com/Asiratlan/Esperia"
"God Component","https://github.com/Ask0nn/Training-Center"
"God Component","https://github.com/AskMeAgain/TangleChain-System"
"God Component","https://github.com/AskinTooMuch/SWP391-SE1509-Group3-QuizPracticingSystem"
"God Component","https://github.com/Aslam-web/HIT-2021-Lab1"
"God Component","https://github.com/AsmaaMohamed81/Resturant"
"God Component","https://github.com/AsmirKopic/JavaProgrammingMasterclass"
"God Component","https://github.com/Asnotragico/ProyectoSistemas"
"God Component","https://github.com/Aspideus/Miccedu-Parser"
"God Component","https://github.com/Aspose-3D-Cloud/aspose-3d-cloud-java"
"God Component","https://github.com/Asrar-7/SMART-MSRIT-main"
"God Component","https://github.com/Asryynrti/Tobat"
"God Component","https://github.com/Assign4/BigBasket"
"God Component","https://github.com/AstleC/UniversityofHelsinkiMOOCJavaProgram"
"God Component","https://github.com/AstroblazeTeam/astroblaze"
"God Component","https://github.com/AsuniAbeywardhane/Computerized-Stationary-Shop-System"
"God Component","https://github.com/Asurada2015/Research-Code"
"God Component","https://github.com/Asvaghosa/Minolta"
"God Component","https://github.com/AswinP2711/24_Java-Programming"
"God Component","https://github.com/AswinPG/GrooveClone"
"God Component","https://github.com/AsyncHttpClient/async-http-client"
"God Component","https://github.com/AsynctaskCoffee/PokeApi-pokedex"
"God Component","https://github.com/AsynkronIT/protoactor-dotnet"
"God Component","https://github.com/AtWinner/Menu"
"God Component","https://github.com/Athen1an/JavaRushTasks"
"God Component","https://github.com/Atherys-Horizons/AtherysMiscellany"
"God Component","https://github.com/Athlaeos/ProgressiveDifficulty"
"God Component","https://github.com/AthleticCorgi/CS61b"
"God Component","https://github.com/AthyLau/MultithreadingDemo"
"God Component","https://github.com/Atikur68/Testing"
"God Component","https://github.com/Atiqul-Hoque/Medicare"
"God Component","https://github.com/AtiyaNova/Inkjam2020_Atiya"
"God Component","https://github.com/Atla55/Android-Tiers-Core"
"God Component","https://github.com/Atmosphere/atmosphere"
"God Component","https://github.com/Atmtech/Developpement"
"God Component","https://github.com/AtomicStryker/atomicstrykers-minecraft-mods"
"God Component","https://github.com/AtrasM/Ican"
"Scattered Functionality","NA"
"Scattered Functionality","https://git.cs.dal.ca/courses/2022-winter/csci-5308/group16"
"Scattered Functionality","https://git.cs.dal.ca/courses/2022-winter/csci-5308/group24"
"Scattered Functionality","https://git.cs.dal.ca/courses/2022-winter/csci-5308/group8"
"Scattered Functionality","https://git.cs.dal.ca/courses/2022-winter/csci-5308/group9"
"Scattered Functionality","https://github.com/007-Fullstack/POS-system"
"Scattered Functionality","https://github.com/0226minji/projectminji"
"Scattered Functionality","https://github.com/042020-dotnet-uta/Team1-repo2"
"Scattered Functionality","https://github.com/042020-dotnet-uta/michaelHall-repo0"
"Scattered Functionality","https://github.com/0532/JXLS"
"Scattered Functionality","https://github.com/08162021-dotnet-uta/JonathanBukowskyRepo1"
"Scattered Functionality","https://github.com/09123363503/spa-webapi-angularjs-master"
"Scattered Functionality","https://github.com/0977587/Project-C-"
"Scattered Functionality","https://github.com/0cw/Bolt"
"Scattered Functionality","https://github.com/0rtis/jsafebox"
"Scattered Functionality","https://github.com/0surface/arxiveprior"
"Scattered Functionality","https://github.com/0verdoes/WPF_Snake"
"Scattered Functionality","https://github.com/0xLogic/Hyper_Reclass"
"Scattered Functionality","https://github.com/0xaryan/EyesGuard"
"Scattered Functionality","https://github.com/0xd4d/de4dot"
"Scattered Functionality","https://github.com/0xd4d/dnSpy"
"Scattered Functionality","https://github.com/0xd4d/dnlib"
"Scattered Functionality","https://github.com/1009609575/springMyBatis"
"Scattered Functionality","https://github.com/100prznt/FlowCalc"
"Scattered Functionality","https://github.com/10101818/atoi2"
"Scattered Functionality","https://github.com/1013895854/springboot_wechatOrder"
"Scattered Functionality","https://github.com/1015770492/JDK14SourceCodeInterpretation"
"Scattered Functionality","https://github.com/102345/ImpulsoTeste.Marcilio"
"Scattered Functionality","https://github.com/1092682749/7cj"
"Scattered Functionality","https://github.com/1109815292/video_share"
"Scattered Functionality","https://github.com/111one111/ScriptsForRedgateAdapter"
"Scattered Functionality","https://github.com/1126608981/tmall"
"Scattered Functionality","https://github.com/1160300427/alipay"
"Scattered Functionality","https://github.com/1205108909/AlgoTradingReporter"
"Scattered Functionality","https://github.com/1206gogogo-plus/shareShop-backend-"
"Scattered Functionality","https://github.com/1206gogogo-plus/shareShop-backend-admin-"
"Scattered Functionality","https://github.com/123yohan/HospitalInformationManagementSystem"
"Scattered Functionality","https://github.com/1249993110/LSTY.Sdtd-5.X"
"Scattered Functionality","https://github.com/12Memories/CustomSevenZipSharp"
"Scattered Functionality","https://github.com/1322aman/MyMovieStore"
"Scattered Functionality","https://github.com/13302864582/baifen_parent_app"
"Scattered Functionality","https://github.com/13439300301/KunlunLPSWorker_3_19"
"Scattered Functionality","https://github.com/1399948273/rent"
"Scattered Functionality","https://github.com/1476572009/library1"
"Scattered Functionality","https://github.com/15164044951/BootBookPro"
"Scattered Functionality","https://github.com/15608447849/erp"
"Scattered Functionality","https://github.com/156750703/Fang"
"Scattered Functionality","https://github.com/15831944/RabCab"
"Scattered Functionality","https://github.com/17621062512/springmall"
"Scattered Functionality","https://github.com/18848/git_repo"
"Scattered Functionality","https://github.com/188867052/OSharp"
"Scattered Functionality","https://github.com/188867052/osharp-master_TEMP"
"Scattered Functionality","https://github.com/1908-aug19-java/project2-joe-michael-backend"
"Scattered Functionality","https://github.com/1956025812/ts-web"
"Scattered Functionality","https://github.com/1975929757ls/ls"
"Scattered Functionality","https://github.com/19941229xz/msbd-server"
"Scattered Functionality","https://github.com/19941229xz/user-server"
"Scattered Functionality","https://github.com/1996dylanriley/StrictlyStats"
"Scattered Functionality","https://github.com/1Bulgarian/LBL_Project"
"Scattered Functionality","https://github.com/1MahdiR/Sports-club-management-system"
"Scattered Functionality","https://github.com/1swaraj/NethTest"
"Scattered Functionality","https://github.com/200106-UTA-PRS-NET/P0-Jameson-Dy"
"Scattered Functionality","https://github.com/200106-UTA-PRS-NET/P0-Jeremy-Ortega"
"Scattered Functionality","https://github.com/200106-UTA-PRS-NET/P1-Jeremy-Ortega"
"Scattered Functionality","https://github.com/2002-feb24-net/paule-project0"
"Scattered Functionality","https://github.com/200713-dotnet/project-challenge-p1-kguers"
"Scattered Functionality","https://github.com/200713-dotnet/project-challenge-p1-kyeel1"
"Scattered Functionality","https://github.com/2015jstx/cacheTestProject"
"Scattered Functionality","https://github.com/210913-USF-NET/P0-Carlos-Martinez"
"Scattered Functionality","https://github.com/210913-USF-NET/P1-Karla-Rodriguez"
"Scattered Functionality","https://github.com/210913-USF-NET/P1-Tenzin-Woesel"
"Scattered Functionality","https://github.com/210913-USF-NET/PO-Strickland"
"Scattered Functionality","https://github.com/210913-USF-NET/p1_hao"
"Scattered Functionality","https://github.com/215062264/Assignment12"
"Scattered Functionality","https://github.com/231021083dap/Orangular"
"Scattered Functionality","https://github.com/2322974451/XProjects"
"Scattered Functionality","https://github.com/2387744807/WeMusic"
"Scattered Functionality","https://github.com/2413Team/BookShop"
"Scattered Functionality","https://github.com/275779273/zrzk"
"Scattered Functionality","https://github.com/279328316/JcCore"
"Scattered Functionality","https://github.com/287396159/A"
"Scattered Functionality","https://github.com/2dust/v2rayN"
"Scattered Functionality","https://github.com/2gis/Winium.Cruciatus"
"Scattered Functionality","https://github.com/2gis/Winium.StoreApps"
"Scattered Functionality","https://github.com/2gis/windows-universal-app-driver"
"Scattered Functionality","https://github.com/2mallikharjuna/Akka-Trade-MatchingEngine"
"Scattered Functionality","https://github.com/2sic/2sxc"
"Scattered Functionality","https://github.com/309893147/teacher_service"
"Scattered Functionality","https://github.com/319zhouhaiwen/GF"
"Scattered Functionality","https://github.com/35p32/ssmmaven"
"Scattered Functionality","https://github.com/3F/DllExport"
"Scattered Functionality","https://github.com/3F/vsCommandEvent"
"Scattered Functionality","https://github.com/3F/vsSolutionBuildEvent"
"Scattered Functionality","https://github.com/3da/JsonSettingsManager"
"Scattered Functionality","https://github.com/404NotFound2020/MiniSQLDefinitive"
"Scattered Functionality","https://github.com/414507259/face"
"Scattered Functionality","https://github.com/43TH3R/rp-robogame"
"Scattered Functionality","https://github.com/470838237/UnityDemo"
"Scattered Functionality","https://github.com/491134648/UnionIOV"
"Scattered Functionality","https://github.com/4dolfo/castGroup"
"Scattered Functionality","https://github.com/4nub1s/infoGym"
"Scattered Functionality","https://github.com/523179414/zb-blog"
"Scattered Functionality","https://github.com/5l1v3r1/LazenLang"
"Scattered Functionality","https://github.com/65350611/Fallstudie"
"Scattered Functionality","https://github.com/690839320/drugstore"
"Scattered Functionality","https://github.com/742672654/kaiza31"
"Scattered Functionality","https://github.com/756915370/LuaRuntimeHotfix"
"Scattered Functionality","https://github.com/77ilogin/training"
"Scattered Functionality","https://github.com/785160953/spring-jba"
"Scattered Functionality","https://github.com/7OH/test"
"Scattered Functionality","https://github.com/894236285/BGTZ"
"Scattered Functionality","https://github.com/923296038/task2"
"Scattered Functionality","https://github.com/923296038/task3"
"Scattered Functionality","https://github.com/943130926/admin-plus"
"Scattered Functionality","https://github.com/961054903/jifengda"
"Scattered Functionality","https://github.com/96Agnes/SpringStudyDemo"
"Scattered Functionality","https://github.com/971237556/NewsReader"
"Scattered Functionality","https://github.com/A-Torrres/Proj-PO-21-22"
"Scattered Functionality","https://github.com/A-tanaka11/WebSystem2"
"Scattered Functionality","https://github.com/AAJAAJ/eclipse-workspace"
"Scattered Functionality","https://github.com/AAUITSPlatform/AAUWebMgmt"
"Scattered Functionality","https://github.com/AArlauskas/Moodis"
"Scattered Functionality","https://github.com/ABHMughal/ProjectGame"
"Scattered Functionality","https://github.com/ACCP1708-team1/Work_space"
"Scattered Functionality","https://github.com/ACXap/InfoCenter"
"Scattered Functionality","https://github.com/ADeltaX/ProtoBuildBot"
"Scattered Functionality","https://github.com/AFDia/umlet"
"Scattered Functionality","https://github.com/AFoGC/FilmsDBC"
"Scattered Functionality","https://github.com/AGBN/PSU1-sem"
"Scattered Functionality","https://github.com/AGHG46087/PineWoodDerby"
"Scattered Functionality","https://github.com/AIValkyries/AssetBundleUpdate"
"Scattered Functionality","https://github.com/AKAPangHu/flashsale"
"Scattered Functionality","https://github.com/AKZ123/FirstAPI"
"Scattered Functionality","https://github.com/AKuznetsov/russianmorphology"
"Scattered Functionality","https://github.com/ALLISWELL-REPO/Welcome"
"Scattered Functionality","https://github.com/ALabrada/Neuronic.TimeFrequency"
"Scattered Functionality","https://github.com/AMarvellous/CIAC-TAS-Web"
"Scattered Functionality","https://github.com/AMarvellous/CIAC-TAS-Web-Admin"
"Scattered Functionality","https://github.com/AMcyber111/JDisassembly"
"Scattered Functionality","https://github.com/AP11001111/RollSpelGrupp6"
"Scattered Functionality","https://github.com/APerson241/critacola"
"Scattered Functionality","https://github.com/ARA-Trans/iAM"
"Scattered Functionality","https://github.com/ARA-Trans/iAM-legacy"
"Scattered Functionality","https://github.com/ART4S/WebFeatures"
"Scattered Functionality","https://github.com/ASD-GmbH/P-PLUS_DM7_Integration"
"Scattered Functionality","https://github.com/ASF-Framework/ASF"
"Scattered Functionality","https://github.com/ASKYI/-staff-time"
"Scattered Functionality","https://github.com/ATSP5/SecretsManager"
"Scattered Functionality","https://github.com/AadeshGujjar/Book_My_Trekker_App"
"Scattered Functionality","https://github.com/Aadi101/OOP-online-computer-spare-parts-management-system"
"Scattered Functionality","https://github.com/Aandriana/RealEstate"
"Scattered Functionality","https://github.com/AantCoder/OnlineCity"
"Scattered Functionality","https://github.com/AaronCore/EL"
"Scattered Functionality","https://github.com/AaronFrans/Vip_Service_Rudy"
"Scattered Functionality","https://github.com/AbbTek/framework"
"Scattered Functionality","https://github.com/Abc-Arbitrage/Zebus"
"Scattered Functionality","https://github.com/Abc-Arbitrage/Zerio"
"Scattered Functionality","https://github.com/AbdelHady-Ankaa/Maktoob-Monolithic-Arc"
"Scattered Functionality","https://github.com/AbdiN7/LMSWeek2Project"
"Scattered Functionality","https://github.com/AbdulAleemSiddiqui/LogisticApp"
"Scattered Functionality","https://github.com/AbeneAb/GiG_POC"
"Scattered Functionality","https://github.com/Abhishek-Chathumal/DemoInterface1"
"Scattered Functionality","https://github.com/Aborvalov/Hasp"
"Scattered Functionality","https://github.com/Abraham2908/LojaVirtual"
"Scattered Functionality","https://github.com/AbrahamEzMn/Ejemplo-ProtocolBuffers"
"Scattered Functionality","https://github.com/AbseliamovEnver/javadevelopersql"
"Scattered Functionality","https://github.com/AceleraDevCSharp/ErrorCenter"
"Scattered Functionality","https://github.com/AcolyteVerd/vCampus"
"Scattered Functionality","https://github.com/AcpSoldier/Governance"
"Scattered Functionality","https://github.com/ActiveForums/ActiveForums"
"Scattered Functionality","https://github.com/Activiti/Activiti"
"Scattered Functionality","https://github.com/AdamCaviness/ODataAddRelatedObject"
"Scattered Functionality","https://github.com/AdamKorzun/igi-5sem"
"Scattered Functionality","https://github.com/AdamsLair/duality"
"Scattered Functionality","https://github.com/AdamsLair/farseerduality"
"Scattered Functionality","https://github.com/AdamsLair/winforms"
"Scattered Functionality","https://github.com/Adexandria/MusicPlatform"
"Scattered Functionality","https://github.com/Adhunikr13/Csharp-Projects"
"Scattered Functionality","https://github.com/Adipem-Duo/trocas"
"Scattered Functionality","https://github.com/Admiraculix/QB.Interview.Task"
"Scattered Functionality","https://github.com/AdmiralMurtho/Lernkartenapp"
"Scattered Functionality","https://github.com/AdmireKhulumo/Research-Management-System"
"Scattered Functionality","https://github.com/AdoptOpenJDK/jitwatch"
"Scattered Functionality","https://github.com/AdorianM/Patrulatere"
"Scattered Functionality","https://github.com/AdrianStrugala/AvroConvert"
"Scattered Functionality","https://github.com/AdrienVaret/Benzenoids"
"Scattered Functionality","https://github.com/Adrrei/URU"
"Scattered Functionality","https://github.com/AereNaim/Project-Manager"
"Scattered Functionality","https://github.com/AeroLink/AeroLink-source"
"Scattered Functionality","https://github.com/AerreRomania/Tablets"
"Scattered Functionality","https://github.com/AfkBranta/Cosmos-1.0.0-Src"
"Scattered Functionality","https://github.com/Aftnet/MangaScrapeLib"
"Scattered Functionality","https://github.com/Agauntt/The_Iron_Bank"
"Scattered Functionality","https://github.com/Agil13/ide-2019"
"Scattered Functionality","https://github.com/AgilistITOpenHack/202006-Vodafone-DevOps-2.0-DryRun"
"Scattered Functionality","https://github.com/AgoRapide/AgoRapide"
"Scattered Functionality","https://github.com/Agupnik/bondarenko-client-side-automation"
"Scattered Functionality","https://github.com/Ahmed-Bauomy/DotnetDeveloperExercise-Freeze-blog"
"Scattered Functionality","https://github.com/Ahmed-Mumi/NamadAPI"
"Scattered Functionality","https://github.com/AhmedEmbaby1998/Zyaraty"
"Scattered Functionality","https://github.com/AhmetErciyas/SistemERP-main"
"Scattered Functionality","https://github.com/AhmetTuranAlp/DomainDrivenDesignArchitectural"
"Scattered Functionality","https://github.com/Ahror/SampleEcommerce"
"Scattered Functionality","https://github.com/AiNgocThuy/QL_KTX"
"Scattered Functionality","https://github.com/AiltonJose/rederconsignado"
"Scattered Functionality","https://github.com/AimanMalkoun/Gestion-demande-ressources-eau"
"Scattered Functionality","https://github.com/Aimeast/FxSsh"
"Scattered Functionality","https://github.com/AinTunez/Zeditor"
"Scattered Functionality","https://github.com/Air433/fate-cloud"
"Scattered Functionality","https://github.com/AirportAdmins/airport_lab"
"Scattered Functionality","https://github.com/AiursoftWeb/Kahla"
"Scattered Functionality","https://github.com/Ajay8979/GSTProject"
"Scattered Functionality","https://github.com/AjayMandhare1984/AjayProject"
"Scattered Functionality","https://github.com/AjudeMais/ajudeMais-ws"
"Scattered Functionality","https://github.com/AkaiTsuki0/BiblioTechMontenegroChinchillaSemestreIAnno2018"
"Scattered Functionality","https://github.com/Akaion/Bleak"
"Scattered Functionality","https://github.com/AkamazZz/.netSchoolForumWithAngular"
"Scattered Functionality","https://github.com/AkhileshSoorneedi/FIT5042"
"Scattered Functionality","https://github.com/Akimmax/TimeOffTracker"
"Scattered Functionality","https://github.com/AksineD/MaterialSkin-1"
"Scattered Functionality","https://github.com/Akuseru3/P1"
"Scattered Functionality","https://github.com/Akvelon2014/YAppiDays"
"Scattered Functionality","https://github.com/Al-Mikitinskis/ClubTriatlon"
"Scattered Functionality","https://github.com/AlFasGD/GDAPI"
"Scattered Functionality","https://github.com/Alan-Walter/ImageUpscaling"
"Scattered Functionality","https://github.com/AlanCosta/SuperDigital"
"Scattered Functionality","https://github.com/AlanPL/Metheor"
"Scattered Functionality","https://github.com/AlanaTenorio/JogoDaVelha"
"Scattered Functionality","https://github.com/Albawab/Black-Jack"
"Scattered Functionality","https://github.com/Albert-Bennett/DesignPatterns"
"Scattered Functionality","https://github.com/Albert-Lucif4/Vellichor"
"Scattered Functionality","https://github.com/AldadoD/assignment-5"
"Scattered Functionality","https://github.com/AldrinLake/learningPower"
"Scattered Functionality","https://github.com/AlejandroIbarraC/Pandemica"
"Scattered Functionality","https://github.com/AlejoFront/ClienteColegioSWNet"
"Scattered Functionality","https://github.com/AleksaKolarski/UNI_eObrazovanjeBack_Diplomski"
"Scattered Functionality","https://github.com/Aleksey-M/RiseDiary"
"Scattered Functionality","https://github.com/Aleksey7151/CryptoSQLite"
"Scattered Functionality","https://github.com/Alemus182/Prototype-v1"
"Scattered Functionality","https://github.com/Alessandro-Mac7/heroesOfBomberworld-Java"
"Scattered Functionality","https://github.com/Alex-steele/CatApi"
"Scattered Functionality","https://github.com/AlexGenuino/Mevents"
"Scattered Functionality","https://github.com/AlexKubiesa/GroupsPlayground"
"Scattered Functionality","https://github.com/AlexLam1997/Image-Gallery"
"Scattered Functionality","https://github.com/AlexLiuD/Finance"
"Scattered Functionality","https://github.com/AlexMcGilvray/Aerolite"
"Scattered Functionality","https://github.com/AlexPoint/OpenNlp"
"Scattered Functionality","https://github.com/AlexSolari/SRogueReborn"
"Scattered Functionality","https://github.com/AlexTaranukha/ElasticSearch-POC"
"Scattered Functionality","https://github.com/AlexYefimav/Transports"
"Scattered Functionality","https://github.com/AlexanderDemko/BibleNote"
"Scattered Functionality","https://github.com/AlexanderDotH/VirtualAudioCable-LoopbackSetup"
"Scattered Functionality","https://github.com/AlexanderGoncharovD/Hackdone"
"Scattered Functionality","https://github.com/AlexanderSlaght/School"
"Scattered Functionality","https://github.com/AlexandrPeshkov/Tigra-Remake"
"Scattered Functionality","https://github.com/AlexandrSlisarenko/PractickJava"
"Scattered Functionality","https://github.com/Alexandrkoktev/ExadelInternshipBack"
"Scattered Functionality","https://github.com/AlexdeJesusFS/APS-4-Estrutura-de-dados"
"Scattered Functionality","https://github.com/AlexeyShirshov/om-ml2"
"Scattered Functionality","https://github.com/AlexeySidorov/photoviewer"
"Scattered Functionality","https://github.com/AlexisL2607/MyRostand-Xamarin"
"Scattered Functionality","https://github.com/AlexxEG/BSA_Browser"
"Scattered Functionality","https://github.com/AlexxUA/ITEX"
"Scattered Functionality","https://github.com/Alexxtheonly/SharpFightingEngine"
"Scattered Functionality","https://github.com/Alezml/YORMUNGAND"
"Scattered Functionality","https://github.com/AlfredYang1986/MWService"
"Scattered Functionality","https://github.com/Algo-Trading-App/MoneyTree"
"Scattered Functionality","https://github.com/Algorithman/SoundCenSe"
"Scattered Functionality","https://github.com/AliHadiOzturk/azure-media-services-api"
"Scattered Functionality","https://github.com/AliYildizoz909/SiparisOtomasyonu"
"Scattered Functionality","https://github.com/Alimurrazi/real_time_chat"
"Scattered Functionality","https://github.com/AlinaPunko/Therapist"
"Scattered Functionality","https://github.com/Alisayrex/MyPersonal_Accounting"
"Scattered Functionality","https://github.com/Alitorzero/MaozNet"
"Scattered Functionality","https://github.com/Alksgest/AudioPlayer"
"Scattered Functionality","https://github.com/AllPlayer/WaveRider"
"Scattered Functionality","https://github.com/AllenHero/Nzh.Super"
"Scattered Functionality","https://github.com/Alleshka/Mazyaka"
"Scattered Functionality","https://github.com/Almorox13/Escolapinversores"
"Scattered Functionality","https://github.com/AlphaBs/YoutubeMusicPlayer"
"Scattered Functionality","https://github.com/AlphaNugie/CommonLib"
"Scattered Functionality","https://github.com/Alphamplyer/SILibray_P10"
"Scattered Functionality","https://github.com/AlternativeSigmaTeam/Alternative"
"Scattered Functionality","https://github.com/Altevir/xamarinforms-covid19"
"Scattered Functionality","https://github.com/Altinn/ec-client-dotnet"
"Scattered Functionality","https://github.com/AlturosDestinations/Alturos.ImageAnnotation"
"Scattered Functionality","https://github.com/AlturosDestinations/Alturos.PanTilt"
"Scattered Functionality","https://github.com/AlvinDeng1999/RedTenAngular"
"Scattered Functionality","https://github.com/AlwaniAnis/ddd_.net_core"
"Scattered Functionality","https://github.com/AlxDt/train-simulation"
"Scattered Functionality","https://github.com/AmaralOne/ProjetoHelpDesk"
"Scattered Functionality","https://github.com/Amarantine123/Awe.Net"
"Scattered Functionality","https://github.com/AmemiyaSigure/CuteChat-CoolQ"
"Scattered Functionality","https://github.com/American-Teachers/American-Teachers"
"Scattered Functionality","https://github.com/Aminsh1221056SaSa/PSSR"
"Scattered Functionality","https://github.com/Amir-Hossin-pr/Windows_Accounting"
"Scattered Functionality","https://github.com/AmirAbaskohi/VWS-API"
"Scattered Functionality","https://github.com/AmirPanah/BodyDetection"
"Scattered Functionality","https://github.com/AmitavaSinha/Jenkins2AzureDevOps"
"Scattered Functionality","https://github.com/AmrutaJoshi10/Remote-Package-Dependency-Analysis"
"Scattered Functionality","https://github.com/Amrykid/Neptunium"
"Scattered Functionality","https://github.com/AmuntVal/XLuahotfix"
"Scattered Functionality","https://github.com/AnCalm/PayClient"
"Scattered Functionality","https://github.com/Ana-MariaIlea/Algorithms-Assignments"
"Scattered Functionality","https://github.com/AnandKishore2206/autoservice"
"Scattered Functionality","https://github.com/AnandKishore2206/custservice"
"Scattered Functionality","https://github.com/AnandKishore2206/empservice"
"Scattered Functionality","https://github.com/AnandKishore2206/eonservice"
"Scattered Functionality","https://github.com/AnandKishore2206/foodservice"
"Scattered Functionality","https://github.com/AnastasKosstow/Platforms"
"Scattered Functionality","https://github.com/AnastasiaKuden/AppliancesStore"
"Scattered Functionality","https://github.com/AnastasiaLaptiy/EventsPortal"
"Scattered Functionality","https://github.com/Ancifa/CreepyCrawler"
"Scattered Functionality","https://github.com/And-Son/AnBerto-Cars"
"Scattered Functionality","https://github.com/And42/TranslatorApk"
"Scattered Functionality","https://github.com/AndMu/Wikiled.Redis"
"Scattered Functionality","https://github.com/Ander456/XLuaFishDemo"
"Scattered Functionality","https://github.com/Anders-H/JobRunner"
"Scattered Functionality","https://github.com/AndersGardenas/ecoPlanerWeb"
"Scattered Functionality","https://github.com/AndersJuul/Ajf.NsPlanner"
"Scattered Functionality","https://github.com/AndersSoborg/MonoBrick-Communication-Software"
"Scattered Functionality","https://github.com/AndersonGimenes/task-organizer"
"Scattered Functionality","https://github.com/AndersonMarquess/TDD-estudo"
"Scattered Functionality","https://github.com/Andersonlimahw/XGame"
"Scattered Functionality","https://github.com/AndoKarim/Projet-ITS"
"Scattered Functionality","https://github.com/AndreCarlos/CSHARP_SANDBOX"
"Scattered Functionality","https://github.com/AndreDedehkSantos/CrudProduto"
"Scattered Functionality","https://github.com/AndreKR/xdebugclient"
"Scattered Functionality","https://github.com/AndreaRettaroli/ds-project-rettaroli-ay2021"
"Scattered Functionality","https://github.com/AndreasBGJensen/CaptainCombat"
"Scattered Functionality","https://github.com/AndreasElgaard/I4PRJ4_BeerBongBattle"
"Scattered Functionality","https://github.com/AndreasOlvebo/BlazorChess"
"Scattered Functionality","https://github.com/AndreeAvalos/CQL"
"Scattered Functionality","https://github.com/AndreiAvram123/Competa-.NET-website"
"Scattered Functionality","https://github.com/AndreiFedarets/layex"
"Scattered Functionality","https://github.com/Andres-Cano12/vehicles-back"
"Scattered Functionality","https://github.com/Andres6936/OmniSharp"
"Scattered Functionality","https://github.com/Andrew-Biggins/GapTrader"
"Scattered Functionality","https://github.com/Andrew-coder/RegistryManagementV3"
"Scattered Functionality","https://github.com/AndrewAtCheckmarx/WebGoat-Legacy-master"
"Scattered Functionality","https://github.com/AndrewGutierrezCastro/Proyecto1-BD1"
"Scattered Functionality","https://github.com/AndrewIvlev/ProjectARM"
"Scattered Functionality","https://github.com/AndrewLiaskun/Trainee-Tasks"
"Scattered Functionality","https://github.com/AndrewLiuZY/ClassroomObservationSystem"
"Scattered Functionality","https://github.com/AndrewPlakhotnyi/UpToYou"
"Scattered Functionality","https://github.com/AndrewTran3003/CuddlyWombatAPI"
"Scattered Functionality","https://github.com/AndrewWang55/Planet-X"
"Scattered Functionality","https://github.com/AndriWD/WebShopTemplate"
"Scattered Functionality","https://github.com/AndriyLega/SentrifugoApp"
"Scattered Functionality","https://github.com/AndroidWG/SmartLyrics"
"Scattered Functionality","https://github.com/AndrryArmor/WEB_Library"
"Scattered Functionality","https://github.com/AndrzejSkwierawski/VRNinja"
"Scattered Functionality","https://github.com/AndyCW/Azure-Custom-Translator-CLI"
"Scattered Functionality","https://github.com/AndyDuFu/Medicine"
"Scattered Functionality","https://github.com/AndyTWF/sector-file-compiler"
"Scattered Functionality","https://github.com/AnelMidzic/VSProjects"
"Scattered Functionality","https://github.com/Angeladadd/Orthodontics-Based-On-Virtual-Reality-Interaction"
"Scattered Functionality","https://github.com/AngeloCresta/winforms-datavisualization-net5"
"Scattered Functionality","https://github.com/AngeloSchulerPiletti/schedule-all__nextjs-version"
"Scattered Functionality","https://github.com/Angelord/proto-translator"
"Scattered Functionality","https://github.com/Angle-Brackets/TerrainGenerator"
"Scattered Functionality","https://github.com/AngleSharp/AngleSharp"
"Scattered Functionality","https://github.com/AngleSharp/AngleSharp.Css"
"Scattered Functionality","https://github.com/Anglopol/InstaInfluencerParser"
"Scattered Functionality","https://github.com/AngryCarrot789/sharppad"
"Scattered Functionality","https://github.com/AnikaTabassum/testingProject"
"Scattered Functionality","https://github.com/AniketGhate1991/QuoraProject"
"Scattered Functionality","https://github.com/AnilYlmaz/TelephoneDirectory_Rise"
"Scattered Functionality","https://github.com/Anilople/Dog"
"Scattered Functionality","https://github.com/Anilople/javajvm"
"Scattered Functionality","https://github.com/Animus-Mortis/GladiatorsTask"
"Scattered Functionality","https://github.com/AnitaDa/AutoSkolaDesktopMob"
"Scattered Functionality","https://github.com/Anjsanchez/awari_v2"
"Scattered Functionality","https://github.com/Ankoun1/ASP.Net-Core-DnaFragment-repository"
"Scattered Functionality","https://github.com/AnnYoS/ACL_2019_TLP"
"Scattered Functionality","https://github.com/AnnaSava/Contestor"
"Scattered Functionality","https://github.com/AnnemariekeVanVeen/Desktop-Scrumapp"
"Scattered Functionality","https://github.com/AnnieMonk/getFood_API"
"Scattered Functionality","https://github.com/Anonylions/consulta_seekloc"
"Scattered Functionality","https://github.com/AnonymusRaccoon/Opus"
"Scattered Functionality","https://github.com/Anoobus/orion-web"
"Scattered Functionality","https://github.com/AnsaarSoft/TMSSAP"
"Scattered Functionality","https://github.com/Ansoooo/GENG"
"Scattered Functionality","https://github.com/AntaryamiBasuri/MeetingCalendar"
"Scattered Functionality","https://github.com/AnteVuletic/student-mentor-collaborator"
"Scattered Functionality","https://github.com/Anthony3064/DiarioFacil"
"Scattered Functionality","https://github.com/AnthonyMoscoso/ProyectApiRest"
"Scattered Functionality","https://github.com/AnthonySouthavilay/StockWebAPI"
"Scattered Functionality","https://github.com/AnthonySteele/TeamCityChangeNotifier"
"Scattered Functionality","https://github.com/Antochab/Fahrzeugverwaltung"
"Scattered Functionality","https://github.com/AntoineCouck/.NET_project"
"Scattered Functionality","https://github.com/AntoniaChavdarova/QARepo"
"Scattered Functionality","https://github.com/Antonio-Gabriel/Epay"
"Scattered Functionality","https://github.com/Antonio-Zizzari/CantiereJava"
"Scattered Functionality","https://github.com/AntonioPortugal/Jade-Restaurant"
"Scattered Functionality","https://github.com/Antonov-S/ASP.NET-Core-ExpenseManager-v2.0"
"Scattered Functionality","https://github.com/AntonyCorbett/OnlyM"
"Scattered Functionality","https://github.com/AntonyCorbett/OnlyV"
"Scattered Functionality","https://github.com/Anup46/Test-Project"
"Scattered Functionality","https://github.com/AnyStatus/API"
"Scattered Functionality","https://github.com/AonaSuzutsuki/KmCsharpHtmlDocGenerator"
"Scattered Functionality","https://github.com/ApacheThunder/ChaosGlitchMod"
"Scattered Functionality","https://github.com/Aplys-Knowledge/TH_Project01"
"Scattered Functionality","https://github.com/Apokee/HotSpot"
"Scattered Functionality","https://github.com/App-vNext/Polly"
"Scattered Functionality","https://github.com/AppDevIn/Lion-Air"
"Scattered Functionality","https://github.com/AppGeo/AppGeo.Clients"
"Scattered Functionality","https://github.com/AppLoidx/labwork-6-example"
"Scattered Functionality","https://github.com/AppMetrics/AppMetrics"
"Scattered Functionality","https://github.com/Apr4h/CobaltStrikeScan"
"Scattered Functionality","https://github.com/Apskaita5/A5App"
"Scattered Functionality","https://github.com/Apurb1994/my-app"
"Scattered Functionality","https://github.com/Aqua2333/layui"
"Scattered Functionality","https://github.com/ArcEarth/LightNovelClientWindows"
"Scattered Functionality","https://github.com/ArcadeRenegade/SidebarDiagnostics"
"Scattered Functionality","https://github.com/Archomeda/Gw2Sharp"
"Scattered Functionality","https://github.com/Arcidev/Card-Game"
"Scattered Functionality","https://github.com/Arcus92/DiscordMusicPlayer"
"Scattered Functionality","https://github.com/AreonDev/FreezingArcher"
"Scattered Functionality","https://github.com/ArgeMup/Yedekleyici"
"Scattered Functionality","https://github.com/Argiziont/ShopParser"
"Scattered Functionality","https://github.com/Arikaton/Revit_Parse_Plugin"
"Scattered Functionality","https://github.com/AritzCampo/proyectoCompleto"
"Scattered Functionality","https://github.com/ArjunDevteam/Tuffenells-shipping-integration"
"Scattered Functionality","https://github.com/ArkEcosystem/dotnet-crypto"
"Scattered Functionality","https://github.com/Arkaady/MailingGroupManager"
"Scattered Functionality","https://github.com/ArlynC/AppXamarin"
"Scattered Functionality","https://github.com/ArmPamKtu/OPP6-10"
"Scattered Functionality","https://github.com/ArmanAbdullah/Assignment-5"
"Scattered Functionality","https://github.com/ArmandJ77/CQRSAndMediator-Microservice"
"Scattered Functionality","https://github.com/Armaron/mechanics"
"Scattered Functionality","https://github.com/Armin2208/Windows-Auto-Night-Mode"
"Scattered Functionality","https://github.com/Arnis1305/Epam2019"
"Scattered Functionality","https://github.com/Arno96/Billing-Management-System"
"Scattered Functionality","https://github.com/ArqSoft2020/user-ms"
"Scattered Functionality","https://github.com/Arrowgene/Arrowgene.Launcher"
"Scattered Functionality","https://github.com/Arsham1024/Nach-OS"
"Scattered Functionality","https://github.com/Artem-Artemasov/UKADMainProject"
"Scattered Functionality","https://github.com/Artem32829/WinForm-With-SQL"
"Scattered Functionality","https://github.com/ArtemNaboka/EShopFinal"
"Scattered Functionality","https://github.com/ArtemNazarov/ReliefAnalyze"
"Scattered Functionality","https://github.com/ArtemiiF/Begunok"
"Scattered Functionality","https://github.com/Artemissio/StudyBot"
"Scattered Functionality","https://github.com/Artentus/ModMyFactory"
"Scattered Functionality","https://github.com/ArthurChang01/DDDTW.CoffeeShop"
"Scattered Functionality","https://github.com/ArthurLiu98/QQMusic"
"Scattered Functionality","https://github.com/ArtiomCiobanu/TelegramShopBot"
"Scattered Functionality","https://github.com/ArtiomCiobanu/UniversalShopBot"
"Scattered Functionality","https://github.com/Artuvazro/DSSE"
"Scattered Functionality","https://github.com/ArtyomBorisov/ITAcademyJavaCore"
"Scattered Functionality","https://github.com/AruWolf/SOW"
"Scattered Functionality","https://github.com/AshiqueAliMahar/Certificate-Printing-System"
"Scattered Functionality","https://github.com/AshleyZifan/Trading_App"
"Scattered Functionality","https://github.com/Ashlin-Gov/ISTN3AS"
"Scattered Functionality","https://github.com/AsijaR/RecipesWebApp"
"Scattered Functionality","https://github.com/AskMeAgain/TangleChain-System"
"Scattered Functionality","https://github.com/AslanKairbayev/CleanArchitecture-AspNetCoreWebAPI-Store"
"Scattered Functionality","https://github.com/AsthaSharma20/PublicRefrigeratorSystem"
"Scattered Functionality","https://github.com/AsthaSharma20/web-development-and-tools"
"Scattered Functionality","https://github.com/Astr0/SimplyFast"
"Scattered Functionality","https://github.com/AsyncHttpClient/async-http-client"
"Scattered Functionality","https://github.com/AsynkronIT/protoactor-dotnet"
"Scattered Functionality","https://github.com/AthyLau/demik-park"
"Scattered Functionality","https://github.com/AtiVassileva/GamingWiki"
"Scattered Functionality","https://github.com/AtishaRibeiro/InputDisplay"
"Scattered Functionality","https://github.com/Atmtech/Developpement"
"Scattered Functionality","https://github.com/Atul1307/Augur"
"Scattered Functionality","https://github.com/Atulin/Ogma"
"Scattered Functionality","https://github.com/Atvaark/FoxTool"
"Scattered Functionality","https://github.com/AuroraBei/jcseg"
"Scattered Functionality","https://github.com/Aurorabili/SFACG-PC"
"Scattered Functionality","https://github.com/AustinJGreen/Fluid"
"Scattered Functionality","https://github.com/AustinWise/CleanNetCoreSdks"
"Scattered Functionality","https://github.com/AutoFixture/AutoFixture"
"Scattered Functionality","https://github.com/AutoMapper/AutoMapper"
"Scattered Functionality","https://github.com/AutomatedArchitecture/SirenOfShame"
"Scattered Functionality","https://github.com/AvaloniaUI/Avalonia"
"Scattered Functionality","https://github.com/AvaloniaUI/AvaloniaVS"
"Scattered Functionality","https://github.com/AvinashJorige/ScheduleService"
"Scattered Functionality","https://github.com/Avs09/Taller-POO1"
"Scattered Functionality","https://github.com/AwthanSoft/TrialCompressior-Seb2016"
"Scattered Functionality","https://github.com/AxelGeorg/Classificador-de-Empresas---Form-e-API"
"Scattered Functionality","https://github.com/AxelGeorg/Gerenciador-de-hotel-com-Form"
"Scattered Functionality","https://github.com/Ayaka-Igarashi/TakoGame"
"Scattered Functionality","https://github.com/Azazellio/RestaurantWF"
"Scattered Functionality","https://github.com/Azollas/org.azolla.l.ling"
"Scattered Functionality","https://github.com/AzraelSec/TURING"
"Scattered Functionality","https://github.com/Azure-App-Service/KuduLite"
"Scattered Functionality","https://github.com/Azure-Samples/MyDriving"
"Scattered Functionality","https://github.com/Azure/DaaS"
"Scattered Functionality","https://github.com/Azure/DotNetty"
"Scattered Functionality","https://github.com/Azure/azure-functions-host"
"Scattered Functionality","https://github.com/Azure/durabletask"
"Scattered Functionality","https://github.com/Azure/iot-edge-opc-publisher-v1"
"Scattered Functionality","https://github.com/Azure/iotedge"
"Scattered Functionality","https://github.com/Azure99/OpenJudger"
"Scattered Functionality","https://github.com/AzureAD/azure-activedirectory-library-for-dotnet"
"Scattered Functionality","https://github.com/AzureADSamples/rms-samples-for-net"
"Scattered Functionality","https://github.com/AzureDevOps01/OHDevOps2"
"Scattered Functionality","https://github.com/B-LA/FRAMEWORKS"
"Scattered Functionality","https://github.com/B0SS95/EpicOrbit-Private-Server"
"Scattered Functionality","https://github.com/B4rtlomiej/servicer.API"
"Scattered Functionality","https://github.com/BAISGame/Solnet-lib-for-BAIS"
"Scattered Functionality","https://github.com/BAKAOLC/Music-Plugin"
"Scattered Functionality","https://github.com/BAKAOLC/RitsukageBot"
"Scattered Functionality","https://github.com/BITPlan/org.sidif.triplestore"
"Scattered Functionality","https://github.com/BME-MIT-IET/Logcat2020-iet-2020"
"Scattered Functionality","https://github.com/BME-MIT-IET/TeamRocket-iet-2020"
"Scattered Functionality","https://github.com/BNDKPNTR/EmployeeScheduler"
"Scattered Functionality","https://github.com/BSiLabs/RateTheMeet"
"Scattered Functionality","https://github.com/BStrickland01/EmailService"
"Scattered Functionality","https://github.com/Baasic/baasic-sdk-net"
"Scattered Functionality","https://github.com/BaciFlorin/DoFest-SummerPracticeCentric"
"Scattered Functionality","https://github.com/Baconchicken42/Rocket-guy"
"Scattered Functionality","https://github.com/BadBates/SuperCards"
"Scattered Functionality","https://github.com/BadinhoCornejo/SpringAprumed"
"Scattered Functionality","https://github.com/BaekHwaRang/pos"
"Scattered Functionality","https://github.com/BagaJing/s3-springBoot-itc6480"
"Scattered Functionality","https://github.com/BahuMan/SpeechRecognition"
"Scattered Functionality","https://github.com/Bajerskov/Java-Desktop-App"
"Scattered Functionality","https://github.com/BalazsArva/ES-CQRS-TicketManager"
"Scattered Functionality","https://github.com/Baldstrom/Rocket"
"Scattered Functionality","https://github.com/Baltasarq/RWABuilder"
"Scattered Functionality","https://github.com/Balunywa-zz/OpenHack-DevOps-2.0"
"Scattered Functionality","https://github.com/BaoMaster/CarbonCalculate"
"Scattered Functionality","https://github.com/Barry239/Carrito"
"Scattered Functionality","https://github.com/BartoszSzymborski/Tournament"
"Scattered Functionality","https://github.com/Bartylap/TASKMANAGER.WEB"
"Scattered Functionality","https://github.com/Bassman2/SoundDevices"
"Scattered Functionality","https://github.com/BastianBlokland/hellotriangle-dotnet"
"Scattered Functionality","https://github.com/Battle-City-Alpha/BattleCityAlpha-HubClient"
"Scattered Functionality","https://github.com/BattleFeed/StaffManagementSystem"
"Scattered Functionality","https://github.com/Baudin999/ZDragon"
"Scattered Functionality","https://github.com/Baudin999/ZDragon.NET"
"Scattered Functionality","https://github.com/BclEx/hootsuite-rest"
"Scattered Functionality","https://github.com/BdeDIIAGE/DiiageInsight"
"Scattered Functionality","https://github.com/Be90nia/SanNiuSignal"
"Scattered Functionality","https://github.com/BeanCjc/Design-Pattern"
"Scattered Functionality","https://github.com/BeanwareDev/Beanware-Finance-Planner"
"Scattered Functionality","https://github.com/Beeelzebub/CarAuction"
"Scattered Functionality","https://github.com/BehzadBakhti/MPD"
"Scattered Functionality","https://github.com/BelchieBen/LDBookingApp"
"Scattered Functionality","https://github.com/BellSharions/ASP.NET-ITechArt"
"Scattered Functionality","https://github.com/BelouzTarek/0001-dlala"
"Scattered Functionality","https://github.com/BenBowers/OOSE_Assignement"
"Scattered Functionality","https://github.com/BenDew21/CbaS"
"Scattered Functionality","https://github.com/BenHall-7/paracobNET"
"Scattered Functionality","https://github.com/BenRoman/dormitories"
"Scattered Functionality","https://github.com/BenediktWoermann/Julicorn"
"Scattered Functionality","https://github.com/Benrnz/BudgetAnalyser"
"Scattered Functionality","https://github.com/BeowulfStratOps/BSU"
"Scattered Functionality","https://github.com/BepInEx/BepInEx.MelonLoader.Loader"
"Scattered Functionality","https://github.com/Bernardo-MG/Tabletop-Dice-Java"
"Scattered Functionality","https://github.com/Bert1974/BB74.Controls.Xwt"
"Scattered Functionality","https://github.com/BertonFred/Hulkey"
"Scattered Functionality","https://github.com/Beyonders/Beyond-Beyaan"
"Scattered Functionality","https://github.com/BharathKumarAsokKumar/ThinkBridge.eCommerce.Product_API"
"Scattered Functionality","https://github.com/BhaskaraAdapa/SPB9"
"Scattered Functionality","https://github.com/Bi-Huynh/QuanLyQuanCoffee"
"Scattered Functionality","https://github.com/BigCodfish/Electric"
"Scattered Functionality","https://github.com/BigDaddy1337/WKPDFGen"
"Scattered Functionality","https://github.com/BiglySoftware/BiglyBT-plugin-vuzexcode"
"Scattered Functionality","https://github.com/Bikeman868/OwinFramework.Facilities"
"Scattered Functionality","https://github.com/Bikeman868/UrlRewrite.Net"
"Scattered Functionality","https://github.com/BillsManagerTool/BillsManagerTool"
"Scattered Functionality","https://github.com/BinduBirol/JGTDSL_13Nov"
"Scattered Functionality","https://github.com/BingLingGroup/Netch-1.0.5-1.3.4"
"Scattered Functionality","https://github.com/BioRoboticsUNAM/ActionPlanner"
"Scattered Functionality","https://github.com/Bity88/WAA-Labs"
"Scattered Functionality","https://github.com/BjarniPeturFridjonsson/Qlik-SupportTools"
"Scattered Functionality","https://github.com/BjorkUofA/MilK"
"Scattered Functionality","https://github.com/BlackAndCloth/K16035_QL"
"Scattered Functionality","https://github.com/Blackcatmaxy/Botcatmaxy"
"Scattered Functionality","https://github.com/BlacklightsC/OpenCirnix"
"Scattered Functionality","https://github.com/Blacklite/Newtonsoft.Temp"
"Scattered Functionality","https://github.com/BlasRowid777/grandnodeREPO"
"Scattered Functionality","https://github.com/BlayeeR/BoulderDash"
"Scattered Functionality","https://github.com/BlazingTwist/SoD_DiffExplorer"
"Scattered Functionality","https://github.com/Blifers/BookWorld"
"Scattered Functionality","https://github.com/BlizzardBunny/LittleSimWorld-Interview"
"Scattered Functionality","https://github.com/Bllose/vz-bankorg-model"
"Scattered Functionality","https://github.com/BloomBooks/bloom-harvester"
"Scattered Functionality","https://github.com/Blue-Ball/SoftwarePrimaCartoonizer"
"Scattered Functionality","https://github.com/Blue-Ball/wpx-tictactoe"
"Scattered Functionality","https://github.com/BluewireTechnologies/Bluewire.Common.Console"
"Scattered Functionality","https://github.com/BluewireTechnologies/Bluewire.Reporting"
"Scattered Functionality","https://github.com/BlythMeister/Gallifrey"
"Scattered Functionality","https://github.com/BoBinLee/Skhu.Server"
"Scattered Functionality","https://github.com/BobOrJim/e-pax"
"Scattered Functionality","https://github.com/Bobbar/NBodies"
"Scattered Functionality","https://github.com/Boddlnagg/WordsLive"
"Scattered Functionality","https://github.com/BojidarPanaiotov/ASP.NET-CORE-Criminal-Web-Station"
"Scattered Functionality","https://github.com/Bol3x/Animal-Chess-MP"
"Scattered Functionality","https://github.com/BoldonJames/PDFClown"
"Scattered Functionality","https://github.com/Boltorez1488/OpcodesGeneratorProto"
"Scattered Functionality","https://github.com/Boltorez1488/UpdateSystem"
"Scattered Functionality","https://github.com/BonfaceNjuguna/LegendaryLegends"
"Scattered Functionality","https://github.com/Bonifatius94/MT.Tools.ICalendar"
"Scattered Functionality","https://github.com/Bonifatius94/nwins"
"Scattered Functionality","https://github.com/BorisTheBrave/DeBroglie"
"Scattered Functionality","https://github.com/BorislavVladimirov/CSharp-Software-University"
"Scattered Functionality","https://github.com/Boriso2014/Task-Book"
"Scattered Functionality","https://github.com/Bort86/dawbio2_class"
"Scattered Functionality","https://github.com/Borysiakk/ElectronicVoting"
"Scattered Functionality","https://github.com/BoskoD/tndmArtShopDemo"
"Scattered Functionality","https://github.com/BossWasHere/mountain"
"Scattered Functionality","https://github.com/Bouguedra-Adem/GreenTechRestApi"
"Scattered Functionality","https://github.com/Bouzbib/GrabIt"
"Scattered Functionality","https://github.com/BpexCode/Yammi-1.8.8"
"Scattered Functionality","https://github.com/BradZzz/Moheum"
"Scattered Functionality","https://github.com/BrandstetterChristian/FolderEditor"
"Scattered Functionality","https://github.com/Brayconn/TheKingsTable"
"Scattered Functionality","https://github.com/BrenoRidolfi/poc_docuSign"
"Scattered Functionality","https://github.com/BrettNye/BasicTaskList"
"Scattered Functionality","https://github.com/BrianBend9/tmsautomation"
"Scattered Functionality","https://github.com/BrianG-300/ProShopBuddy"
"Scattered Functionality","https://github.com/BrianXS/VCash"
"Scattered Functionality","https://github.com/BronislavVacula/PWNEditor"
"Scattered Functionality","https://github.com/Brunda-Git/Retail"
"Scattered Functionality","https://github.com/BrunoBiluca/bs-leaderboard-project"
"Scattered Functionality","https://github.com/BrunoCremaFerreira/LiloDashboard"
"Scattered Functionality","https://github.com/BrunoHoffmann15/curso-testes-automatizado"
"Scattered Functionality","https://github.com/BryceSchroeder/Kopernicus"
"Scattered Functionality","https://github.com/BudgetSquirrel/BudgetTracker"
"Scattered Functionality","https://github.com/BugattiVSU/CS-Dungeon"
"Scattered Functionality","https://github.com/Bunsheni/ComicViewer.Xamarin"
"Scattered Functionality","https://github.com/BurnhamR/PrivateHoHPlugin"
"Scattered Functionality","https://github.com/Buttercuper777/GlassRoom"
"Scattered Functionality","https://github.com/By-Onex/riel_wpf"
"Scattered Functionality","https://github.com/ByJavier1403/Tomamimano"
"Scattered Functionality","https://github.com/ByKaS12/EndedTask"
"Scattered Functionality","https://github.com/ByZhouhang/DDD_First"
"Scattered Functionality","https://github.com/C26000/SimpleOps"
"Scattered Functionality","https://github.com/CARLOSCSN/Blazor-Architecture"
"Scattered Functionality","https://github.com/CATalystArizona/CustomTiltbrush"
"Scattered Functionality","https://github.com/CCRed95/CultureWars"
"Scattered Functionality","https://github.com/CCSI-Toolset/turb_sci_gate"
"Scattered Functionality","https://github.com/CCWHYy/PickUpAndGo"
"Scattered Functionality","https://github.com/CCob/SweetPotato"
"Scattered Functionality","https://github.com/CESNET-Integracni-portal/integracni-portal"
"Scattered Functionality","https://github.com/CH196308/British-Wildlife-Centre"
"Scattered Functionality","https://github.com/CL16006-prn335-cicloII-2019/CineWebApp"
"Scattered Functionality","https://github.com/CMario210/cheetah-engine"
"Scattered Functionality","https://github.com/COM2031/lab-1-formative-mhelal"
"Scattered Functionality","https://github.com/COM2031/lab-1-formative-saschneider"
"Scattered Functionality","https://github.com/COM8/TUM_Campus_App_UWP"
"Scattered Functionality","https://github.com/COsborn2/GhandiBot"
"Scattered Functionality","https://github.com/CRGCode/NEvilES"
"Scattered Functionality","https://github.com/CS-Senior-Project/AR-Collaboration"
"Scattered Functionality","https://github.com/CS480UIC/cs480---course-project-world_covid19_vaccination"
"Scattered Functionality","https://github.com/CSUpipixia/-meeting"
"Scattered Functionality","https://github.com/CVOSoftware/Farba"
"Scattered Functionality","https://github.com/Cacched/GrandNodePlugin"
"Scattered Functionality","https://github.com/CaioGomes08/StoreApi"
"Scattered Functionality","https://github.com/CaioProiete/ExcelDnaUnpack"
"Scattered Functionality","https://github.com/Caioege/BazarPapelariaNota10"
"Scattered Functionality","https://github.com/Calabonga/Calabonga.RulesValidator"
"Scattered Functionality","https://github.com/CaldeiraG/MopsReloaded"
"Scattered Functionality","https://github.com/Callisto82/tftp.net"
"Scattered Functionality","https://github.com/Cam-H/UILibrary"
"Scattered Functionality","https://github.com/CameronNagel/PRG282_Project-Milestone2"
"Scattered Functionality","https://github.com/Campbell-Lythe-Brown/FlappyBird-AI"
"Scattered Functionality","https://github.com/Camposm97/SCCCHackathonSpring2019"
"Scattered Functionality","https://github.com/Campus-Consult/schulungsportal"
"Scattered Functionality","https://github.com/CanMehmetK/w"
"Scattered Functionality","https://github.com/Candido-Barato/NUPAL_SERVICE"
"Scattered Functionality","https://github.com/CapClem/GravityZero"
"Scattered Functionality","https://github.com/CapgProject/Sprint-6"
"Scattered Functionality","https://github.com/CapgProject/Sprint4-"
"Scattered Functionality","https://github.com/CapgProject/Sprint5B"
"Scattered Functionality","https://github.com/CapgProject/onlinetestmanagement"
"Scattered Functionality","https://github.com/CapgProject/uiWithBackend"
"Scattered Functionality","https://github.com/Caphyon/clang-power-tools"
"Scattered Functionality","https://github.com/CarJem/ManiacEditorV2"
"Scattered Functionality","https://github.com/Carbonfrost/f-web-dom"
"Scattered Functionality","https://github.com/CarboniDavide/discovery-light"
"Scattered Functionality","https://github.com/CarimA/GbJam8"
"Scattered Functionality","https://github.com/CarlLeePhp/DeliveryMapApp"
"Scattered Functionality","https://github.com/CarlTheUser/Image-Desktop-Widget-WPF-v2"
"Scattered Functionality","https://github.com/CarlosArthurSantili/LocacaoTestesRech"
"Scattered Functionality","https://github.com/CarlosTuiran/ProyectoDDP"
"Scattered Functionality","https://github.com/Carry955/MicroCommunity"
"Scattered Functionality","https://github.com/CarvellWakeman/ZeroPoint"
"Scattered Functionality","https://github.com/Casimir666/ActiveWpf"
"Scattered Functionality","https://github.com/CastelhanoThi/Cadastro-de-clientes-em-Java-para-Desktop"
"Scattered Functionality","https://github.com/Cavcode/WOD_NWN"
"Scattered Functionality","https://github.com/CaveSystems/cave-compression"
"Scattered Functionality","https://github.com/Caylak93/StockT"
"Scattered Functionality","https://github.com/CebulMaciej/MealsDistributor"
"Scattered Functionality","https://github.com/Cee/SE3"
"Scattered Functionality","https://github.com/Celarix/Cix"
"Scattered Functionality","https://github.com/CentralAZ/Rock-CentralAZ"
"Scattered Functionality","https://github.com/CenturyLinkCloud/ElasticLINQ"
"Scattered Functionality","https://github.com/CenturySpine/TM.Digital"
"Scattered Functionality","https://github.com/Cervantescj3/jhipster-Medical-application"
"Scattered Functionality","https://github.com/Cetsoft/imcache"
"Scattered Functionality","https://github.com/ChARCOOL/Ricardo.AIO"
"Scattered Functionality","https://github.com/ChBasitGill/proviewgolf"
"Scattered Functionality","https://github.com/ChaeMingyeong/EzenMaterial"
"Scattered Functionality","https://github.com/Chamberlain91/Superfluid"
"Scattered Functionality","https://github.com/ChampiB/my_tensorflow"
"Scattered Functionality","https://github.com/ChampionMains/Pyrobot"
"Scattered Functionality","https://github.com/Champpy/Prowelding"
"Scattered Functionality","https://github.com/Chang-wen-cheng/Opencvtest"
"Scattered Functionality","https://github.com/Changer098/ChristmasPi"
"Scattered Functionality","https://github.com/ChangsikChoi/sist_springPjt_lullu"
"Scattered Functionality","https://github.com/Chaosg5/Chaos"
"Scattered Functionality","https://github.com/CharlieFaceButt/ors"
"Scattered Functionality","https://github.com/CharlieMO/BuilderHamburguesas"
"Scattered Functionality","https://github.com/ChaunceyJ/Score-System-BackEnd"
"Scattered Functionality","https://github.com/Chavos-del-8/nachos"
"Scattered Functionality","https://github.com/ChemaVinas/EventsToYou"
"Scattered Functionality","https://github.com/ChenChunLung/MACU_WEB"
"Scattered Functionality","https://github.com/ChenPeleg/excelXml"
"Scattered Functionality","https://github.com/ChenYilei2016/WorkingTraining"
"Scattered Functionality","https://github.com/Chenjiang-circle/Summer-learning2.0"
"Scattered Functionality","https://github.com/Chente31209/InvestigacionDemo"
"Scattered Functionality","https://github.com/Chess-Variants-Training/Chess-Variants-Training"
"Scattered Functionality","https://github.com/ChewBracObama/PRG-282-Project-Group-3"
"Scattered Functionality","https://github.com/ChilliCream/hotchocolate"
"Scattered Functionality","https://github.com/Chinecherem20199/OpenCVApplication"
"Scattered Functionality","https://github.com/ChinhQuoc/QLSV_Hiep"
"Scattered Functionality","https://github.com/ChioukhLyes/computers-database"
"Scattered Functionality","https://github.com/ChoeMinji/shadowsocks-3.3.2"
"Scattered Functionality","https://github.com/ChoiYeol/jsp_jsl_board"
"Scattered Functionality","https://github.com/ChooHui0429/Cyberjaya-Online-Rental-Management-System"
"Scattered Functionality","https://github.com/Chris-Johnston/CSSBot"
"Scattered Functionality","https://github.com/Chris-MorrisUK/racoonMiddleware"
"Scattered Functionality","https://github.com/Chris3606/GoRogue"
"Scattered Functionality","https://github.com/ChrisAtanasov056/FitForLife"
"Scattered Functionality","https://github.com/ChrisIvanov/ASP.NET-Core-MVC-Green-Door-Project"
"Scattered Functionality","https://github.com/ChrisMJones1/captain_planet_game_jam"
"Scattered Functionality","https://github.com/ChrisReganXP/CMScouterCore"
"Scattered Functionality","https://github.com/ChrisViral/RealChute"
"Scattered Functionality","https://github.com/Christian-Lemos/ProjetoSaude"
"Scattered Functionality","https://github.com/ChristianMorup/RTDS"
"Scattered Functionality","https://github.com/ChristinaNikolova/Recipes---React"
"Scattered Functionality","https://github.com/ChroMage/ChroMage"
"Scattered Functionality","https://github.com/Chuks-Onuh/ShopsRUs"
"Scattered Functionality","https://github.com/Ciastex/Commodore.Chroma"
"Scattered Functionality","https://github.com/CienProject2014/OneLevel2D"
"Scattered Functionality","https://github.com/Cingulara/openrmf-api-template"
"Scattered Functionality","https://github.com/Ciorro/HlyssUI"
"Scattered Functionality","https://github.com/Citolab/qti-scoring-engine"
"Scattered Functionality","https://github.com/City-of-Helsinki/organisaatiorekisteri"
"Scattered Functionality","https://github.com/CityOfPhiladelphia/DPD-DocumentAPI"
"Scattered Functionality","https://github.com/Ckirby101/NDS-NextDevSystem"
"Scattered Functionality","https://github.com/Clancey/Comet"
"Scattered Functionality","https://github.com/Clancey/SimpleSwaggerGenerator"
"Scattered Functionality","https://github.com/ClawHub/tomcat-9.0.12"
"Scattered Functionality","https://github.com/Claytoo/archisect-online-engine"
"Scattered Functionality","https://github.com/CleideReis/desafio-autorizador"
"Scattered Functionality","https://github.com/ClementDidier/Tap"
"Scattered Functionality","https://github.com/Cliveburr/DOTNETLibrary"
"Scattered Functionality","https://github.com/CloneTrooper1019/Roblox-File-Format"
"Scattered Functionality","https://github.com/ClosedXML/ClosedXML.Report"
"Scattered Functionality","https://github.com/CloudSlang/cloud-slang"
"Scattered Functionality","https://github.com/CloudSlang/score"
"Scattered Functionality","https://github.com/Cloudslab/cloudsim"
"Scattered Functionality","https://github.com/ClxS/StarSonataMarketBoard"
"Scattered Functionality","https://github.com/Cmacu/Pulse.Backend"
"Scattered Functionality","https://github.com/Cmrosales/SistemaBuscadorPro402"
"Scattered Functionality","https://github.com/CobraCibert/SGS_One"
"Scattered Functionality","https://github.com/Code-Sharp/GraphClimber"
"Scattered Functionality","https://github.com/Code-Sharp/WampSharp"
"Scattered Functionality","https://github.com/CodeAddicts/owl"
"Scattered Functionality","https://github.com/CodeAround/FluentBatch"
"Scattered Functionality","https://github.com/CodeConjurerEth/Project.Final.Approach"
"Scattered Functionality","https://github.com/CodeCricut/SchoolManagementSystem"
"Scattered Functionality","https://github.com/CodeHubApp/CodeHub"
"Scattered Functionality","https://github.com/CodeMyst/MonoMyst"
"Scattered Functionality","https://github.com/CodearoundHub/Codearound.FluentBatch"
"Scattered Functionality","https://github.com/CodecoolGlobal/currencyExchange"
"Scattered Functionality","https://github.com/CodecoolGlobal/saint-sender-csharp-bedecsi"
"Scattered Functionality","https://github.com/CodecoolGlobal/webshop-java-wizardsense"
"Scattered Functionality","https://github.com/CoderFreeMan/trunk"
"Scattered Functionality","https://github.com/CodeslayerJay/P5TheCarHub"
"Scattered Functionality","https://github.com/CodeslayerJay/PortfolioApp"
"Scattered Functionality","https://github.com/Codeusa/Borderless-Gaming"
"Scattered Functionality","https://github.com/Coding-Enthusiast/Watch-Only-Bitcoin-Wallet"
"Scattered Functionality","https://github.com/CodingBingo/Messenger"
"Scattered Functionality","https://github.com/CodingWasaby/cherimoya"
"Scattered Functionality","https://github.com/CoditEU/htc-social-connect"
"Scattered Functionality","https://github.com/Coldairarrow/Colder.Fx.Core.AdminLTE"
"Scattered Functionality","https://github.com/Coldbell4869/TIL"
"Scattered Functionality","https://github.com/Coleoid/CopperBend"
"Scattered Functionality","https://github.com/ColinWang1203/MultiBarcodeDecoder"
"Scattered Functionality","https://github.com/CollaboratingPlatypus/PetaPoco"
"Scattered Functionality","https://github.com/Coloryr/NsisoLauncher"
"Scattered Functionality","https://github.com/CommonBuildToolset/CBT.Modules"
"Scattered Functionality","https://github.com/Compi1USAC/Proyecto1"
"Scattered Functionality","https://github.com/Complexible/pellet"
"Scattered Functionality","https://github.com/ComponentFactory/Krypton"
"Scattered Functionality","https://github.com/ComputerMaster1st/Railgun"
"Scattered Functionality","https://github.com/ComputerWorkware/TeamCityApi"
"Scattered Functionality","https://github.com/ComradeDiamond/Crypto-Clicker"
"Scattered Functionality","https://github.com/ConnerPearce/GameCatalogueApp"
"Scattered Functionality","https://github.com/ConnorGuidry/CipherAssist"
"Scattered Functionality","https://github.com/Conspiratio/Conspiratio"
"Scattered Functionality","https://github.com/Const-me/ComLightInterop"
"Scattered Functionality","https://github.com/Const-me/Vrmac"
"Scattered Functionality","https://github.com/Constanyin/store"
"Scattered Functionality","https://github.com/Coomman/PCMS_PlatinumSynchronization"
"Scattered Functionality","https://github.com/CopperBeardy/SEPUNI"
"Scattered Functionality","https://github.com/CorentinLeboutte/API-NamurTourisme"
"Scattered Functionality","https://github.com/Cori0lanus/treegame"
"Scattered Functionality","https://github.com/Corniel/AIGames.Warlight2"
"Scattered Functionality","https://github.com/Cornutum/tcases"
"Scattered Functionality","https://github.com/Corona-Studio/ProjBobcat"
"Scattered Functionality","https://github.com/Corrigo/9x.WebServices.Examples"
"Scattered Functionality","https://github.com/Corvimae/Plume"
"Scattered Functionality","https://github.com/CossetCosmi/Cosmith"
"Scattered Functionality","https://github.com/Course-OO-modeling/Trafo"
"Scattered Functionality","https://github.com/CourseRepository/SeleniumWebDriverWithCSharpVs2019"
"Scattered Functionality","https://github.com/Cowmilk-Glen/Datingapp"
"Scattered Functionality","https://github.com/CptWesley/AssertNet"
"Scattered Functionality","https://github.com/Cptnjack/PostOffice"
"Scattered Functionality","https://github.com/Crab-Wave/ora"
"Scattered Functionality","https://github.com/Crab-Wave/ora-tracker"
"Scattered Functionality","https://github.com/Craftyanims/soft-red"
"Scattered Functionality","https://github.com/CrayonY/DICS-DAO"
"Scattered Functionality","https://github.com/CrazyGuo/PtsSolution"
"Scattered Functionality","https://github.com/Creadude/SystemWars"
"Scattered Functionality","https://github.com/CreateAndFake/CreateAndFake"
"Scattered Functionality","https://github.com/CrispyDrone/BWSort"
"Scattered Functionality","https://github.com/Crispybag/I-want-to-die"
"Scattered Functionality","https://github.com/CristianFerreira/SocialHeroes"
"Scattered Functionality","https://github.com/Crome696/ScriptSDK"
"Scattered Functionality","https://github.com/CruGlobal/util"
"Scattered Functionality","https://github.com/Cruciatum/Haphrain"
"Scattered Functionality","https://github.com/CrustyJew/RedditSharp-DEPRECATED-"
"Scattered Functionality","https://github.com/CryShana/CryCrawler"
"Scattered Functionality","https://github.com/Crzyrndm/FilterExtension"
"Scattered Functionality","https://github.com/Ctfurlani/TorqueVR"
"Scattered Functionality","https://github.com/Cualeva/DocsMarshal"
"Scattered Functionality","https://github.com/Cubelaster/NgSchoolsBackend"
"Scattered Functionality","https://github.com/CumHax/catclient"
"Scattered Functionality","https://github.com/CuplexUser/SecureMemo"
"Scattered Functionality","https://github.com/CuteLeon/CleverStocker"
"Scattered Functionality","https://github.com/Cuttstage/GoingPub"
"Scattered Functionality","https://github.com/CvetelinLozanov/SoftUni-C-"
"Scattered Functionality","https://github.com/CxSamShober/CxAST-WebGoat.NET.v2"
"Scattered Functionality","https://github.com/CxTyler/WebGoat.NET"
"Scattered Functionality","https://github.com/CyanElekid/TMApp"
"Scattered Functionality","https://github.com/CyanogenMod/android_external_square_okhttp"
"Scattered Functionality","https://github.com/Cyberunner23/COMP442"
"Scattered Functionality","https://github.com/Cyecize/SimpleWarehouse"
"Scattered Functionality","https://github.com/Cyklan/brackeys-jam-2020-2"
"Scattered Functionality","https://github.com/Cynapse077/Axu"
"Scattered Functionality","https://github.com/CyranoChen/Arsenalcn"
"Scattered Functionality","https://github.com/Cyrus-Vance/Magic-Conch"
"Scattered Functionality","https://github.com/CyrusStruble/ticketboard"
"Scattered Functionality","https://github.com/CzechLanguageInstitute/Brus"
"Scattered Functionality","https://github.com/D-Penev/Cumula"
"Scattered Functionality","https://github.com/D0tNet4Fun/NngSharp"
"Scattered Functionality","https://github.com/D1fty/TimeLines"
"Scattered Functionality","https://github.com/D3l0ry/Wolf-Hack"
"Scattered Functionality","https://github.com/DBGarrison/HomeControl"
"Scattered Functionality","https://github.com/DBPay/dbpay-channel-java-sdk"
"Scattered Functionality","https://github.com/DDuarte/feup-sdis-dist_backup"
"Scattered Functionality","https://github.com/DED-DOTNET-TEAM/BAWABATY-Backend"
"Scattered Functionality","https://github.com/DFl08810/MultiLayerApp"
"Scattered Functionality","https://github.com/DICOMcloud/DICOMcloud"
"Scattered Functionality","https://github.com/DJAssi/aoide"
"Scattered Functionality","https://github.com/DJGosnell/DtronixModel"
"Scattered Functionality","https://github.com/DKFrederik/1SemProjekt"
"Scattered Functionality","https://github.com/DMLON/palagy-cardiovascular"
"Scattered Functionality","https://github.com/DMNKYOU/BusStationCRMDZ"
"Scattered Functionality","https://github.com/DMZnoo/JavaQuizProgram"
"Scattered Functionality","https://github.com/DMess174/DMess.Supervision"
"Scattered Functionality","https://github.com/DNikitenko/design-patterns"
"Scattered Functionality","https://github.com/DP44/DNA.Common"
"Scattered Functionality","https://github.com/DRUNK2013/log4j"
"Scattered Functionality","https://github.com/DST-Tools/DSTEd-C"
"Scattered Functionality","https://github.com/DSprtn/GTFO_VR_Plugin"
"Scattered Functionality","https://github.com/DSprtn/SteamVR_Standalone"
"Scattered Functionality","https://github.com/DUAN-SEAN/UnityOnlineGameFrame_Server"
"Scattered Functionality","https://github.com/DVDpro/StarUML-fileformat"
"Scattered Functionality","https://github.com/DaGammla/InhumaneCards"
"Scattered Functionality","https://github.com/DaSpood/WPF_Article_Browser"
"Scattered Functionality","https://github.com/Dacko98/CekujTo_WPF"
"Scattered Functionality","https://github.com/Daellhin/HoGent-Pegasus"
"Scattered Functionality","https://github.com/Daellhin/HoGent-TicketingWebApp"
"Scattered Functionality","https://github.com/DahamLeee/Movie"
"Scattered Functionality","https://github.com/Dainter/Argus"
"Scattered Functionality","https://github.com/Daissy538/TaskIt"
"Scattered Functionality","https://github.com/Dakuraba/MyLittleBlog_back"
"Scattered Functionality","https://github.com/Dallileth/Oracle"
"Scattered Functionality","https://github.com/DamHuyen0503/projectfinal"
"Scattered Functionality","https://github.com/DamilolaAdegunwa/EkiHire"
"Scattered Functionality","https://github.com/DanPapana/PAWEventive"
"Scattered Functionality","https://github.com/DanRuby/Tenzo"
"Scattered Functionality","https://github.com/DancingChaos/TerrariaClone"
"Scattered Functionality","https://github.com/Dandiee/AppleCinnamon"
"Scattered Functionality","https://github.com/Dandy1aw/SpringbootSeckill2"
"Scattered Functionality","https://github.com/Danfeng-Wang/apollo-prepro"
"Scattered Functionality","https://github.com/DangThinh1/AQ_Project"
"Scattered Functionality","https://github.com/DangThuong/ltudjava-18hcb-18424085-bt2"
"Scattered Functionality","https://github.com/Dani-Scopely/Asgard"
"Scattered Functionality","https://github.com/DaniGwen/CSharp-OOP-Basics"
"Scattered Functionality","https://github.com/Daniel-kenobi/curriculum.net"
"Scattered Functionality","https://github.com/Daniel884936/EmploymentApp"
"Scattered Functionality","https://github.com/DanielAkesson/Netkraft-S3"
"Scattered Functionality","https://github.com/DanielCamposs98/CuatroCuadrasGUI"
"Scattered Functionality","https://github.com/DanielCsonka987/WFAChaosRpgCharGen"
"Scattered Functionality","https://github.com/DanielGronau/highj"
"Scattered Functionality","https://github.com/DanielJekov/MinningForum"
"Scattered Functionality","https://github.com/DanielLeey/dubbo-complex"
"Scattered Functionality","https://github.com/DanielMartinsAlves/B2G"
"Scattered Functionality","https://github.com/DanielMrowca/Prodigy"
"Scattered Functionality","https://github.com/DanielSanchezDiaz/Bulldog-Bash"
"Scattered Functionality","https://github.com/DanielTheFirst/FreeMoO"
"Scattered Functionality","https://github.com/DanijelMerli/SimpleTask_Ordinacija"
"Scattered Functionality","https://github.com/DaniloGerv/HomeStuffXamarin"
"Scattered Functionality","https://github.com/Daniyalzakir321/ERP"
"Scattered Functionality","https://github.com/DannPeterson/Domain-Layer"
"Scattered Functionality","https://github.com/Danny-Quezada/TrabajoProgramacion"
"Scattered Functionality","https://github.com/Danny-cao/Schaakcompetitie"
"Scattered Functionality","https://github.com/Danushka2/property-management"
"Scattered Functionality","https://github.com/DaoMinhHien/JAVA_CORE"
"Scattered Functionality","https://github.com/DarKotE/AcademicPerformanceMVVM"
"Scattered Functionality","https://github.com/DarKotE/SchoolJournal-.Net-MVVM"
"Scattered Functionality","https://github.com/Dario-Nitti/Library-Project"
"Scattered Functionality","https://github.com/DariuszPorowski/devops-openhack-v2-dryrun"
"Scattered Functionality","https://github.com/DarkBullNull/Madness.NET"
"Scattered Functionality","https://github.com/DarkPheonixJW24/SuplementShop"
"Scattered Functionality","https://github.com/DarkcTime/college_GAI"
"Scattered Functionality","https://github.com/Darkdans/Management-system"
"Scattered Functionality","https://github.com/DarpanVats007/testCamera"
"Scattered Functionality","https://github.com/DarthXerox/job-webapp"
"Scattered Functionality","https://github.com/DataJuggler/BlazorChat"
"Scattered Functionality","https://github.com/DataJuggler/BlazorImageGallery"
"Scattered Functionality","https://github.com/DataJuggler/RandomShuffler"
"Scattered Functionality","https://github.com/DataRostiashvili/CarDealershipAPI_Internship"
"Scattered Functionality","https://github.com/DaveAnt/LandlordsPro"
"Scattered Functionality","https://github.com/DaveDarkLion/TFG"
"Scattered Functionality","https://github.com/DaveyvanTilburg/ConsoleCardGame"
"Scattered Functionality","https://github.com/David-Akobiya/BlogApp"
"Scattered Functionality","https://github.com/David-Akobiya/LinkAppRepo"
"Scattered Functionality","https://github.com/David-Marsh/MG"
"Scattered Functionality","https://github.com/DavidBasarab/FatCat.Nes"
"Scattered Functionality","https://github.com/DavidBlaa/GartenErde"
"Scattered Functionality","https://github.com/DavidCichy/queststore_test"
"Scattered Functionality","https://github.com/DavidEMorales/HandMirroring"
"Scattered Functionality","https://github.com/DavidGMarquez/go-engine-java-gtp"
"Scattered Functionality","https://github.com/DavidGoerig/ZuulFXSol"
"Scattered Functionality","https://github.com/DavidManya/ASP.NET-Empleats"
"Scattered Functionality","https://github.com/DavidManya/Troncal_Part-1"
"Scattered Functionality","https://github.com/DavidPiska/VisionCombiSW2"
"Scattered Functionality","https://github.com/DavidRiveraMSC/SYS_CLINICA_SANPABLO"
"Scattered Functionality","https://github.com/DavidVeksler/CryptAByte"
"Scattered Functionality","https://github.com/DavidWu-Shaw/resys"
"Scattered Functionality","https://github.com/DavidXanatos/priv10"
"Scattered Functionality","https://github.com/Davipb/GreatTextAdventures"
"Scattered Functionality","https://github.com/DbUp/DbUp"
"Scattered Functionality","https://github.com/DcmanProductions/OlegMC-ServerManager"
"Scattered Functionality","https://github.com/DeAnLapTrinhMoiTruongTrucQuan/HK7-C--GDUManagement"
"Scattered Functionality","https://github.com/DeJaVo/AI-Checkers"
"Scattered Functionality","https://github.com/DeJesusJulian/integradora"
"Scattered Functionality","https://github.com/DeNKoK/M11_Dzianis_Dukhnou"
"Scattered Functionality","https://github.com/DeNKoK/M9_Dzianis_Dukhnou"
"Scattered Functionality","https://github.com/DeVladINC/NumSoft"
"Scattered Functionality","https://github.com/DeanFaizal/async-await-xamarin-scenarios"
"Scattered Functionality","https://github.com/DeanReynolds/Dcrews-Framework"
"Scattered Functionality","https://github.com/DeepSeeBee/CbFractals"
"Scattered Functionality","https://github.com/DeepthiRajesh/RegisterUsersRepo"
"Scattered Functionality","https://github.com/Defcoq/MicroserviceCommunication"
"Scattered Functionality","https://github.com/DeividasBrazenas/Bank_WebApi"
"Scattered Functionality","https://github.com/Deloryn/CaPrI"
"Scattered Functionality","https://github.com/Demigiant/demilib"
"Scattered Functionality","https://github.com/Demigiant/dotween"
"Scattered Functionality","https://github.com/Deneyr/PokeU"
"Scattered Functionality","https://github.com/DenisCampara/CandyShop"
"Scattered Functionality","https://github.com/DenisDao57/Essai"
"Scattered Functionality","https://github.com/DenisLukayenka/Shift"
"Scattered Functionality","https://github.com/DenisStolyarov/EPAM.NET.STUDY"
"Scattered Functionality","https://github.com/DenisVerDev/BirdSender-Client"
"Scattered Functionality","https://github.com/Deodathus/MoneyCount"
"Scattered Functionality","https://github.com/Depaula010/seleniumwebdriver"
"Scattered Functionality","https://github.com/DerLando/ConwayPrototype"
"Scattered Functionality","https://github.com/DerekLiang/Apache-Thrift-Client-Server-Via-IIS"
"Scattered Functionality","https://github.com/DerlanLima/BarcodeScannerFront"
"Scattered Functionality","https://github.com/DesignAndSupply/KPIAnalyser"
"Scattered Functionality","https://github.com/DesignAndSupply/LaserUpdater"
"Scattered Functionality","https://github.com/DesignEngrLab/MORFSynthLearning"
"Scattered Functionality","https://github.com/DesignedSimplicity/MetaGraffiti"
"Scattered Functionality","https://github.com/Desislav74/Tech-Dess"
"Scattered Functionality","https://github.com/Desyslava-gs/Web-App-Project"
"Scattered Functionality","https://github.com/Dev-XYS/CommonLisp-to-DotNet-Compiler"
"Scattered Functionality","https://github.com/DevAanton/cineapp-backend"
"Scattered Functionality","https://github.com/DevBorisElkin/CustomPhysics"
"Scattered Functionality","https://github.com/DevGuyVasanth/CoreChatBot"
"Scattered Functionality","https://github.com/DevJeon1358/Starbucks-Kiosk"
"Scattered Functionality","https://github.com/DevJohnC/DataKit"
"Scattered Functionality","https://github.com/DevJohnRHugo/TextCodeMonitoring"
"Scattered Functionality","https://github.com/DevJonny/Thymer.App"
"Scattered Functionality","https://github.com/DevKP/pieprzbot"
"Scattered Functionality","https://github.com/DevPrice/TextAdventure"
"Scattered Functionality","https://github.com/DevTae/AutoSavingNotepad"
"Scattered Functionality","https://github.com/Deveator/Lop"
"Scattered Functionality","https://github.com/DeveloperSuccess/VMDCore"
"Scattered Functionality","https://github.com/Developerltd1/PAF_BOS_Desktop"
"Scattered Functionality","https://github.com/DevopsOH-Shweta/devopsoh-shg"
"Scattered Functionality","https://github.com/Dewera/Lunar"
"Scattered Functionality","https://github.com/Dexaben/asteroidProjectManager"
"Scattered Functionality","https://github.com/DezzMyasnik/PNFService"
"Scattered Functionality","https://github.com/DgKyK/servletsFp"
"Scattered Functionality","https://github.com/Dhananjay-JSR/Launcher-Form"
"Scattered Functionality","https://github.com/DhanushkaTechnography/PointOfSaleCore"
"Scattered Functionality","https://github.com/DharitShah13/JAVA-SWING-HR_Operation_Manager"
"Scattered Functionality","https://github.com/DhruvKoolRajamani/Home"
"Scattered Functionality","https://github.com/Dhuffman16/jhipster-medical-application"
"Scattered Functionality","https://github.com/DianaPao123/AplicativoWeb33"
"Scattered Functionality","https://github.com/DianaPao123/aplicativoServicio"
"Scattered Functionality","https://github.com/DianaPao123/aplicativolocal"
"Scattered Functionality","https://github.com/DiangD/cakeshop"
"Scattered Functionality","https://github.com/DiarKarim/QuartetCap"
"Scattered Functionality","https://github.com/DiasGustavo/jcssuprimentosmaven"
"Scattered Functionality","https://github.com/DiedeCL/chat-app"
"Scattered Functionality","https://github.com/Diefenthal/SatIp-Rtsp-Sample"
"Scattered Functionality","https://github.com/DiegoModesto/Palladin"
"Scattered Functionality","https://github.com/Diegou2304/production-system-netcore"
"Scattered Functionality","https://github.com/DigitalCreationAb/dc-cli"
"Scattered Functionality","https://github.com/DigitalzombieTLD/AudioCore"
"Scattered Functionality","https://github.com/Dilippp/banking_app"
"Scattered Functionality","https://github.com/DimQ1/NetworkMiner_2-5_source"
"Scattered Functionality","https://github.com/DimaMzk/mcclone"
"Scattered Functionality","https://github.com/DimchoLakov/Architecture-Of-ASP-NET-Core-Microservices-Apps"
"Scattered Functionality","https://github.com/Dimitrykipiani/TBCPersonApiTask"
"Scattered Functionality","https://github.com/Dinith1/SE306.Project1"
"Scattered Functionality","https://github.com/Diogo2550/Glass"
"Scattered Functionality","https://github.com/DiogoBotton/Documentos-gerais-SENAI-2T"
"Scattered Functionality","https://github.com/DireAussie/InputHandlers"
"Scattered Functionality","https://github.com/Dirkster99/Aehnlich"
"Scattered Functionality","https://github.com/Dirkster99/AvalonEditHighlightingThemes"
"Scattered Functionality","https://github.com/Dirkster99/SuggestBoxLib"
"Scattered Functionality","https://github.com/DiscanX/liffsim"
"Scattered Functionality","https://github.com/DisplayNote/Cryptlex.NetCore"
"Scattered Functionality","https://github.com/DistantEye/HappeningsDotNetC"
"Scattered Functionality","https://github.com/Disturbati/scholae"
"Scattered Functionality","https://github.com/DivverGit/Daedalus"
"Scattered Functionality","https://github.com/DjeeBay/ParkingSpotsManager"
"Scattered Functionality","https://github.com/Djohnnie/CSharpWars"
"Scattered Functionality","https://github.com/Djohnnie/MijnSauna"
"Scattered Functionality","https://github.com/DjordjeMandic/LeagueFPSBoost"
"Scattered Functionality","https://github.com/DjordjeZivkovic/ReadLater5"
"Scattered Functionality","https://github.com/DjukicBogdan/WebProdavnica"
"Scattered Functionality","https://github.com/DmBes/WebLabs"
"Scattered Functionality","https://github.com/Dmitresky/MusicHarmonySearch"
"Scattered Functionality","https://github.com/DmitriyAlexeewich/BotClient"
"Scattered Functionality","https://github.com/DmitriySokolovskiy/Sniper"
"Scattered Functionality","https://github.com/DmitryFedotov/javatestjob"
"Scattered Functionality","https://github.com/DmitryMI/TileEngineSfml"
"Scattered Functionality","https://github.com/DmitryTsybulkin/InternshipTask"
"Scattered Functionality","https://github.com/DmytroHavryliak96/Neurocom"
"Scattered Functionality","https://github.com/DmytroKhmelovskyi/ChatApi"
"Scattered Functionality","https://github.com/Doc671/MarbleBot"
"Scattered Functionality","https://github.com/DoctahJones/Dota2HeroStats"
"Scattered Functionality","https://github.com/Doddler/RagnarokRebuild"
"Scattered Functionality","https://github.com/DodeBogdan/Restaurant-Delivery"
"Scattered Functionality","https://github.com/DogukanGun/OnlineEducationSystemApi"
"Scattered Functionality","https://github.com/DoingData/tradingapp"
"Scattered Functionality","https://github.com/DolphinDSL/dolphin"
"Scattered Functionality","https://github.com/DomDagys/LeagueStatistics"
"Scattered Functionality","https://github.com/Domiiniik/AaronLegacy"
"Scattered Functionality","https://github.com/Dominik93/Zoologiczny"
"Scattered Functionality","https://github.com/DominikWiesend/wiesend-dll"
"Scattered Functionality","https://github.com/Don-Zhao/colt"
"Scattered Functionality","https://github.com/DonPangPang/Pang.Blog"
"Scattered Functionality","https://github.com/DonaCrio/simergy"
"Scattered Functionality","https://github.com/DonatasKukta/JumperGame"
"Scattered Functionality","https://github.com/Donkey2021/DuraRiderNew"
"Scattered Functionality","https://github.com/DooMLooRD/SoundProcessing"
"Scattered Functionality","https://github.com/Doozie7/TaskClerkDesktop"
"Scattered Functionality","https://github.com/Dopepigeon/Final-Exam"
"Scattered Functionality","https://github.com/DorShaar/TasksManager"
"Scattered Functionality","https://github.com/Doraku/DefaultEcs"
"Scattered Functionality","https://github.com/DostojnyKocur/Environmentalist"
"Scattered Functionality","https://github.com/DotNetCoreMeetup/GitDevOps"
"Scattered Functionality","https://github.com/DotSpatial/NetTopologySuite"
"Scattered Functionality","https://github.com/Doublezt/Lenovo"
"Scattered Functionality","https://github.com/DovetailSoftware/dovetail-bootstrap"
"Scattered Functionality","https://github.com/Doxense/foundationdb-dotnet-client"
"Scattered Functionality","https://github.com/DrBarnabus/DacTools"
"Scattered Functionality","https://github.com/DrEngi/lmao-bot"
"Scattered Functionality","https://github.com/DrMueller/IdentityProvider.Backend"
"Scattered Functionality","https://github.com/DrSmugleaf/Mafia.NET"
"Scattered Functionality","https://github.com/DraSonDS/COOLMANAGER"
"Scattered Functionality","https://github.com/DraconPern/godaddymigrator"
"Scattered Functionality","https://github.com/Dragneol/PRX301"
"Scattered Functionality","https://github.com/Dreamroute/mybatis-dev"
"Scattered Functionality","https://github.com/DreiK-one/MoscowClubStore"
"Scattered Functionality","https://github.com/DrinkingMoon/EgoApplictions"
"Scattered Functionality","https://github.com/Droliven/jinbang-pureBackend"
"Scattered Functionality","https://github.com/Dromara/hmily"
"Scattered Functionality","https://github.com/Dromara/soul"
"Scattered Functionality","https://github.com/Dromedaren/mastermind"
"Scattered Functionality","https://github.com/Drona-Org/SOTERonROS"
"Scattered Functionality","https://github.com/Druzil01/PoEHelper"
"Scattered Functionality","https://github.com/Dualsub/CometEngine"
"Scattered Functionality","https://github.com/DudnikDev/Cerberus"
"Scattered Functionality","https://github.com/Duke40199/PRJ321"
"Scattered Functionality","https://github.com/DustinYook/COURSE_BOOSTCOURSE-BE"
"Scattered Functionality","https://github.com/Dvassily/SmartCityAPI"
"Scattered Functionality","https://github.com/DvdKhl/AVDump3"
"Scattered Functionality","https://github.com/DylanSp/AuthSystem"
"Scattered Functionality","https://github.com/DynaSpan/Extended-Dapper"
"Scattered Functionality","https://github.com/DynamoDS/GRegClientNET"
"Scattered Functionality","https://github.com/Dyy22/bxg-bot"
"Scattered Functionality","https://github.com/Dzerillious/LinqRewrite"
"Scattered Functionality","https://github.com/EAMehdi/ProjetThymio"
"Scattered Functionality","https://github.com/EASV/CustomrAppWithFilter2021"
"Scattered Functionality","https://github.com/ECLvisltion/TeamHan"
"Scattered Functionality","https://github.com/ECPay/ECPayAIO_Java"
"Scattered Functionality","https://github.com/ECPay/Invoice_Java"
"Scattered Functionality","https://github.com/ECPay/Logistic_Java"
"Scattered Functionality","https://github.com/EDGE775/ClassificatorComplete"
"Scattered Functionality","https://github.com/EDIPost/c-rest-client"
"Scattered Functionality","https://github.com/EHVAG/demoinfo"
"Scattered Functionality","https://github.com/EKT/legacy-biblio-transformation-engine"
"Scattered Functionality","https://github.com/EReeves/SocketIoClientPCL"
"Scattered Functionality","https://github.com/ES-PUCRS/T1_ALESTII"
"Scattered Functionality","https://github.com/ESDP-C-5/ESDP"
"Scattered Functionality","https://github.com/ETDA/e-TaxInvoice-PDFgen"
"Scattered Functionality","https://github.com/ETHEntColl/PreCapture_ETH"
"Scattered Functionality","https://github.com/EWSoftware/SHFB"
"Scattered Functionality","https://github.com/EZE22/OnlineRetailProject"
"Scattered Functionality","https://github.com/Eacaw/Beng-Individual-Project"
"Scattered Functionality","https://github.com/EasyFarm/EasyFarm"
"Scattered Functionality","https://github.com/EasyL0ver/CoreWars"
"Scattered Functionality","https://github.com/EasyNetQ/EasyNetQ"
"Scattered Functionality","https://github.com/EasyThe/ThothBotCore"
"Scattered Functionality","https://github.com/Eckename/INF3121"
"Scattered Functionality","https://github.com/EclipseKnight/Peepo-Wars"
"Scattered Functionality","https://github.com/EddyCerpa/Game-Wall-e"
"Scattered Functionality","https://github.com/EdgarGGamartgo/Catalog.API"
"Scattered Functionality","https://github.com/EdgarasLegus/Praktika_Anagram_Solver"
"Scattered Functionality","https://github.com/EdinZecevic/FilmFestival"
"Scattered Functionality","https://github.com/EdisonESTL/Yintu"
"Scattered Functionality","https://github.com/Ednilson2020/Jogos"
"Scattered Functionality","https://github.com/EduKegler/lexical-analyzer"
"Scattered Functionality","https://github.com/EduardDumitru/MediApp_CleanArchitecture"
"Scattered Functionality","https://github.com/EduardoDominguez/Deudas"
"Scattered Functionality","https://github.com/EduardoEbbers/CadastroPessoa"
"Scattered Functionality","https://github.com/EduardoHipolito/RM8System"
"Scattered Functionality","https://github.com/Edward1499/AddressApp-Backend"
"Scattered Functionality","https://github.com/EdwardERF/AppWeb"
"Scattered Functionality","https://github.com/Edwin-web-commits/housing_api"
"Scattered Functionality","https://github.com/Edwin205/Pepi-Pig-The-Game"
"Scattered Functionality","https://github.com/EdwinVW/nats-demos"
"Scattered Functionality","https://github.com/EdwinVW/pitstop"
"Scattered Functionality","https://github.com/Edwino0708/DeadDock"
"Scattered Functionality","https://github.com/EdytaBosacka/PokemonBros"
"Scattered Functionality","https://github.com/EelcoLos/PouleCompetitionGame"
"Scattered Functionality","https://github.com/Eerie16/rakshit-dbms"
"Scattered Functionality","https://github.com/Eeyorestz/QuickbaseWebDriverIO"
"Scattered Functionality","https://github.com/EfazMuh/Dark-Skies"
"Scattered Functionality","https://github.com/Egordoesprogramming/AudioTactileGlobe"
"Scattered Functionality","https://github.com/EgyFalseX-EESoft-WinForm/RetirementCenter"
"Scattered Functionality","https://github.com/EgyFalseX-EESoft-WinForm/StudentAffairs"
"Scattered Functionality","https://github.com/EgyFalseX-EESoft-WinForm/TeacherUnion"
"Scattered Functionality","https://github.com/EgyFalseX/Netsync-Datacenter"
"Scattered Functionality","https://github.com/Ei8htSe7en/DD4T-View-Model-Attributes"
"Scattered Functionality","https://github.com/EifelMono/EifelMono.Fluent"
"Scattered Functionality","https://github.com/EimantasN/SmartMirrorForAndroid"
"Scattered Functionality","https://github.com/EkaterinaKaonashi/RatesApi"
"Scattered Functionality","https://github.com/ElbyFross/doloro-networking-framework"
"Scattered Functionality","https://github.com/EldHasp/StudentDormitories"
"Scattered Functionality","https://github.com/EldarMamishev/RemoteDeviceControl"
"Scattered Functionality","https://github.com/Elders/Cronus"
"Scattered Functionality","https://github.com/Elders/Proteus"
"Scattered Functionality","https://github.com/Eldius/mobile-messenger-web"
"Scattered Functionality","https://github.com/Eleara/Programming-Technologies"
"Scattered Functionality","https://github.com/ElectronNET/Electron.NET"
"Scattered Functionality","https://github.com/Electronicute/BAC_BandoriAPICore"
"Scattered Functionality","https://github.com/ElegantWP/free_meetingroom_test"
"Scattered Functionality","https://github.com/EleonorManolova/BeOrganized"
"Scattered Functionality","https://github.com/ElevenPaths/FOCA"
"Scattered Functionality","https://github.com/ElifSelenCoban/OnlineBookStore"
"Scattered Functionality","https://github.com/EliotJones/HnTrends"
"Scattered Functionality","https://github.com/EliyaHammer/AirlinesManager"
"Scattered Functionality","https://github.com/EliyaHammer/RockySports"
"Scattered Functionality","https://github.com/Eliyser/llcweb-elasticsearch"
"Scattered Functionality","https://github.com/ElizavetaBond/ProjectLab"
"Scattered Functionality","https://github.com/Eljeyna/Paws-Engine"
"Scattered Functionality","https://github.com/EllanJiang/GameFramework"
"Scattered Functionality","https://github.com/Eltrien/field-of-wonders"
"Scattered Functionality","https://github.com/ElvinLuo/.NET"
"Scattered Functionality","https://github.com/EmanueleCiriachi/NohBoardBranch"
"Scattered Functionality","https://github.com/Emaranci/SAFCIC"
"Scattered Functionality","https://github.com/Embodimentgeniuslm3/improved-memory"
"Scattered Functionality","https://github.com/EmiDimitrova/QA-Automation-Course-Exercise"
"Scattered Functionality","https://github.com/EmilAlipiev/Xamarin.Forms.PdfSharp"
"Scattered Functionality","https://github.com/EmilFrick/SoloProject1"
"Scattered Functionality","https://github.com/EmilianoGM/SupermarketApi"
"Scattered Functionality","https://github.com/EmiliyaKamburova/SoftUni_SeleniumRepo"
"Scattered Functionality","https://github.com/EmilyEdna/XExten"
"Scattered Functionality","https://github.com/Eminaa97/fit-body"
"Scattered Functionality","https://github.com/EminentTechnology/CodeTorch"
"Scattered Functionality","https://github.com/Eminkecik/ITToolbelt"
"Scattered Functionality","https://github.com/EmirSab/PaymentModule"
"Scattered Functionality","https://github.com/EmirSaidov/ddac-assignment"
"Scattered Functionality","https://github.com/Emma1001/DistributedApplicationProject-"
"Scattered Functionality","https://github.com/EmmanuelAsmFun/asmfun"
"Scattered Functionality","https://github.com/Empty-Charles/1"
"Scattered Functionality","https://github.com/Emrehan-Aydin/BookStore-Web-Api"
"Scattered Functionality","https://github.com/Emzi0767/Discord-Music-Turret-Bot"
"Scattered Functionality","https://github.com/Encamina/Blogs"
"Scattered Functionality","https://github.com/Endava/endava-hl7fhir-openapi"
"Scattered Functionality","https://github.com/Endeavolt/Unchained"
"Scattered Functionality","https://github.com/Energised/Skypertawe"
"Scattered Functionality","https://github.com/Energizers/Energize"
"Scattered Functionality","https://github.com/EngineerCoding/Parsers"
"Scattered Functionality","https://github.com/EnopoSid/EnopoSAAS"
"Scattered Functionality","https://github.com/Enric-Gilabert/BlazorHero2.2"
"Scattered Functionality","https://github.com/EnsarBalik/ColorSwitchCopy"
"Scattered Functionality","https://github.com/Entetry/libriary-parent"
"Scattered Functionality","https://github.com/EomTaeWook/AppPlayerMacro"
"Scattered Functionality","https://github.com/Eonix/AudioSwitcher"
"Scattered Functionality","https://github.com/Epicom-App/epicom-middleware"
"Scattered Functionality","https://github.com/Epicsteve2/MockUnixShell"
"Scattered Functionality","https://github.com/ErHarshRathore/SolutionStore"
"Scattered Functionality","https://github.com/Eregrith/WoA"
"Scattered Functionality","https://github.com/ErenYilmaz97/Destek-Sistemi"
"Scattered Functionality","https://github.com/EricCeng/SSM_StudentManage"
"Scattered Functionality","https://github.com/EricMonsta/CoAd"
"Scattered Functionality","https://github.com/EricdeLira/java-editor-grafico"
"Scattered Functionality","https://github.com/Erick194/DoomBuilderPSX"
"Scattered Functionality","https://github.com/ErickIR/refFactory-App"
"Scattered Functionality","https://github.com/ErickNas/WebSystem"
"Scattered Functionality","https://github.com/Ericmas001/eric-media-center"
"Scattered Functionality","https://github.com/Ericmas001/ericutility"
"Scattered Functionality","https://github.com/Ericmas001/lou-mapinfo"
"Scattered Functionality","https://github.com/Ericsson/ecaudit"
"Scattered Functionality","https://github.com/Ericsson312/task-tracker-api"
"Scattered Functionality","https://github.com/Ericvf/Telegram-Bots"
"Scattered Functionality","https://github.com/Erika05/DesafioAPI"
"Scattered Functionality","https://github.com/Erivelto/Site_Main"
"Scattered Functionality","https://github.com/Erlo99/WmsWebApi"
"Scattered Functionality","https://github.com/Ernegien/XboxEepromEditor"
"Scattered Functionality","https://github.com/ErnestoZB/FoddDeliveryApp"
"Scattered Functionality","https://github.com/Erosagape/ShadowMonster"
"Scattered Functionality","https://github.com/Erukaron/Faidv2"
"Scattered Functionality","https://github.com/EsanOrizi/StudentNotesNetCore"
"Scattered Functionality","https://github.com/EsbenKS/RentalMaster"
"Scattered Functionality","https://github.com/Eschechola/UpService"
"Scattered Functionality","https://github.com/EsfingeFramework/metadata"
"Scattered Functionality","https://github.com/Esi1984/Morteza-zadeh-GatePass-Project"
"Scattered Functionality","https://github.com/Eskat0n/linqtowindows"
"Scattered Functionality","https://github.com/Esraa22M/Online_Sport_Shopping_MVC"
"Scattered Functionality","https://github.com/Esri/arcgis-runtime-samples-dotnet"
"Scattered Functionality","https://github.com/Esri/data-collection-dotnet"
"Scattered Functionality","https://github.com/Essviv/workspace"
"Scattered Functionality","https://github.com/EtiamNullam/AbsoluteMouseToJoystick"
"Scattered Functionality","https://github.com/EudesAlves/CandidateManager"
"Scattered Functionality","https://github.com/Eugene9656/GlobalHook"
"Scattered Functionality","https://github.com/EugeneSoz/OnlineBooksStore"
"Scattered Functionality","https://github.com/Eule01/BasicGame"
"Scattered Functionality","https://github.com/EusebiuTimofte/MDS"
"Scattered Functionality","https://github.com/EvansCoding/SystemQR"
"Scattered Functionality","https://github.com/EventManagerAnthill/EventManagerAPI"
"Scattered Functionality","https://github.com/EventStore/EventStore"
"Scattered Functionality","https://github.com/EverestAPI/CelesteTAS-EverestInterop"
"Scattered Functionality","https://github.com/EverestAPI/SpringCollab2020"
"Scattered Functionality","https://github.com/Every-2020/Every_Window"
"Scattered Functionality","https://github.com/EvgenGarif/MyCompany"
"Scattered Functionality","https://github.com/EvgenyYushko/MyBankAppWinForms"
"Scattered Functionality","https://github.com/EwertonBetFerreira/Treinamento"
"Scattered Functionality","https://github.com/Exatio/AeryaCraft"
"Scattered Functionality","https://github.com/Excel-DNA/Excel-DNA"
"Scattered Functionality","https://github.com/Excel-DNA/ExcelDna"
"Scattered Functionality","https://github.com/Excel-DNA/exceldna-build"
"Scattered Functionality","https://github.com/ExcelDataReader/ExcelDataReader"
"Scattered Functionality","https://github.com/Excepti1on/XamarinSpotifyApiApp"
"Scattered Functionality","https://github.com/Exmortem/MagitekRoutine"
"Scattered Functionality","https://github.com/ExtraBB/ExtraChess"
"Scattered Functionality","https://github.com/Eyalc1974/HtmlControlPageObject"
"Scattered Functionality","https://github.com/Ezequiel-Lima/Crud-Aluno-Curso_Treino"
"Scattered Functionality","https://github.com/Ezriilc/HyperEdit"
"Scattered Functionality","https://github.com/F1k1pho3n1x/FireAndWater"
"Scattered Functionality","https://github.com/F1uctus/Axion"
"Scattered Functionality","https://github.com/FEALiTE/FEALiTE2D"
"Scattered Functionality","https://github.com/FER723/microservice-CRUD"
"Scattered Functionality","https://github.com/FFLINA/FLUCO22"
"Scattered Functionality","https://github.com/FILL2030/puma-corpus-creator"
"Scattered Functionality","https://github.com/FL111/SpringBoot-"
"Scattered Functionality","https://github.com/FLAMINGxFURY/T4-Architecture-P1"
"Scattered Functionality","https://github.com/FMSC-Measurements/NatCruise"
"Scattered Functionality","https://github.com/FNA-XNA/FNA"
"Scattered Functionality","https://github.com/FRC4946/SignInApp"
"Scattered Functionality","https://github.com/FRSummit/Reporting-Module"
"Scattered Functionality","https://github.com/FRobotics/robot-2020"
"Scattered Functionality","https://github.com/FZarattini/PirateShip"
"Scattered Functionality","https://github.com/Faakka/smarthome"
"Scattered Functionality","https://github.com/FabioMoreiraFM/SVPEC"
"Scattered Functionality","https://github.com/FabioVeiga/module03Project"
"Scattered Functionality","https://github.com/FacelessLord/Cat"
"Scattered Functionality","https://github.com/Facepunch/Facepunch.Steamworks"
"Scattered Functionality","https://github.com/FactoryRally/game-controller"
"Scattered Functionality","https://github.com/FacundoMinicucci/Aceleracion-Alkemy"
"Scattered Functionality","https://github.com/FacundoMinicucci/pre-aceleracion"
"Scattered Functionality","https://github.com/FadiSh/FadiSh"
"Scattered Functionality","https://github.com/FaierAndreea/Bijuteria-Eve"
"Scattered Functionality","https://github.com/Failon/gig"
"Scattered Functionality","https://github.com/Fake1Sback/Mental"
"Scattered Functionality","https://github.com/FakeDomi/Up"
"Scattered Functionality","https://github.com/FakeItEasy/FakeItEasy"
"Scattered Functionality","https://github.com/FallenDev/SleepHunter-HighDPI"
"Scattered Functionality","https://github.com/FantaStudio/Esoft"
"Scattered Functionality","https://github.com/FantasyIsWindow/DbComparator"
"Scattered Functionality","https://github.com/Fantosy1337/GrozaClient-SRC"
"Scattered Functionality","https://github.com/Fargose/FerumChecker"
"Scattered Functionality","https://github.com/FarhanQ7/MAli_site"
"Scattered Functionality","https://github.com/Farnam88/Loyalty-Prime-Assignment"
"Scattered Functionality","https://github.com/FaronBracy/RogueSharp"
"Scattered Functionality","https://github.com/Farry1/dead-inside"
"Scattered Functionality","https://github.com/Faseway/GameLibrary"
"Scattered Functionality","https://github.com/FastFinTech/FFT.Binance"
"Scattered Functionality","https://github.com/Fathur98/FathurRahmanJamil"
"Scattered Functionality","https://github.com/FatihBAKIR/Quark"
"Scattered Functionality","https://github.com/Fatura-Tahsilat-Projesi/FaturaTahsilatBackend"
"Scattered Functionality","https://github.com/FedderBJ/Akudim-Lager"
"Scattered Functionality","https://github.com/FedeRico93odsicnodin/ToolImportazioneLeghe_v2"
"Scattered Functionality","https://github.com/Fedoop1/GenericRepositoryPractice"
"Scattered Functionality","https://github.com/Fedor85/UntappdViewer"
"Scattered Functionality","https://github.com/Felandil/tangle-.net"
"Scattered Functionality","https://github.com/FelipeMolinari/ConcessionariaBD"
"Scattered Functionality","https://github.com/Felipeschn/todolist-AS"
"Scattered Functionality","https://github.com/Felipessoaf/About-Bricks-and-Spikes"
"Scattered Functionality","https://github.com/FelixSirtl/EIMC"
"Scattered Functionality","https://github.com/FellowshipOfTheGame/bangin-groove"
"Scattered Functionality","https://github.com/FellowshipOfTheGame/comic-sans"
"Scattered Functionality","https://github.com/FenikkusuKoneko/RiasBot"
"Scattered Functionality","https://github.com/Feras94/MathParser"
"Scattered Functionality","https://github.com/FerdPires/AppLeilao"
"Scattered Functionality","https://github.com/Ferdinand-Teguefouet/ConsommationWebApi"
"Scattered Functionality","https://github.com/FernandaMakiHirose/ddd-mdd"
"Scattered Functionality","https://github.com/FernandoOliveeira/Qr-Aguas"
"Scattered Functionality","https://github.com/Ferret840/Personal_RTS"
"Scattered Functionality","https://github.com/Ferrone84/FerroneSlave"
"Scattered Functionality","https://github.com/FeyverkSoft/pets-api"
"Scattered Functionality","https://github.com/Fher95/ControlAcceso-Viejox2-"
"Scattered Functionality","https://github.com/Fifty3North/Hoard"
"Scattered Functionality","https://github.com/Filastian/Songer-Old"
"Scattered Functionality","https://github.com/File-New-Project/EarTrumpet"
"Scattered Functionality","https://github.com/FileMeta/FMPhotoFinisher"
"Scattered Functionality","https://github.com/Fion-Yang/learn-springboot"
"Scattered Functionality","https://github.com/FireFox2000000/Moonscraper-Chart-Parser"
"Scattered Functionality","https://github.com/FirelyTeam/fhir-net-common"
"Scattered Functionality","https://github.com/Firstwarzone/MobsAintReal"
"Scattered Functionality","https://github.com/FischeWaschenXD/MauMauWettbewerb"
"Scattered Functionality","https://github.com/FisherWY/LearnWeb"
"Scattered Functionality","https://github.com/FlaUI/FlaUI"
"Scattered Functionality","https://github.com/Flare-Client/Flare-Client"
"Scattered Functionality","https://github.com/FlatFishPrincess/churchschool-spring"
"Scattered Functionality","https://github.com/FlauschigDings/Structogreiner"
"Scattered Functionality","https://github.com/Flave1/Libraryhub"
"Scattered Functionality","https://github.com/FlavioOrdoneDev/ProdutoStoreApi"
"Scattered Functionality","https://github.com/FliesAndSpiders/PRACTICE---Project-Boost"
"Scattered Functionality","https://github.com/FlightNode/FlightNode.Api"
"Scattered Functionality","https://github.com/Flow/engine"
"Scattered Functionality","https://github.com/Fluoxetinum/bit-container"
"Scattered Functionality","https://github.com/FluxpointDev/MultiRPC"
"Scattered Functionality","https://github.com/FlyBunny/Cool_Parkinglot"
"Scattered Functionality","https://github.com/FlyLikeOpen/Fly"
"Scattered Functionality","https://github.com/Fmk1998/IGeekShop"
"Scattered Functionality","https://github.com/Folleach/PythonIsGame"
"Scattered Functionality","https://github.com/FonsecBoot/officEasy"
"Scattered Functionality","https://github.com/ForNeVeR/CyclopsChat"
"Scattered Functionality","https://github.com/ForNeVeR/OpenDBDiff"
"Scattered Functionality","https://github.com/ForeverFast/MemeFolder"
"Scattered Functionality","https://github.com/ForeverJiang/staffjory"
"Scattered Functionality","https://github.com/FoundatioFx/Foundatio.Parsers"
"Scattered Functionality","https://github.com/FraErriques/materie"
"Scattered Functionality","https://github.com/FrancescoPasceri31/Hospital-Software-App"
"Scattered Functionality","https://github.com/Franchester117/Test-Desarrollador"
"Scattered Functionality","https://github.com/Francis-Young/tongjiyun"
"Scattered Functionality","https://github.com/FranciscoDadone/TicTacToeMP"
"Scattered Functionality","https://github.com/FranciscoGRC/DemolisherVR"
"Scattered Functionality","https://github.com/FranciscoScholborgh/MultiAgentesIA"
"Scattered Functionality","https://github.com/Franciscosm2000/SistemaGestionInventario"
"Scattered Functionality","https://github.com/Franiac/TwitchLeecher"
"Scattered Functionality","https://github.com/Frank-tins/TaskManageCore"
"Scattered Functionality","https://github.com/FrankPfattheicher/IctBaden.Modbus"
"Scattered Functionality","https://github.com/FrankWang0/BddTraining"
"Scattered Functionality","https://github.com/FrankyBoy/JRayX"
"Scattered Functionality","https://github.com/Frankzyf/RMS"
"Scattered Functionality","https://github.com/FransPrincen/Grandnode1"
"Scattered Functionality","https://github.com/Fredx05x/E-CommerceTP"
"Scattered Functionality","https://github.com/FreecraftCore/FreecraftCore.Serializer"
"Scattered Functionality","https://github.com/Freeedy/SProcedureBasedPattern"
"Scattered Functionality","https://github.com/FreneticLLC/FreneticGameEngine"
"Scattered Functionality","https://github.com/Friendly0Fire/flos"
"Scattered Functionality","https://github.com/FritzDavid/group_B_Ballgame"
"Scattered Functionality","https://github.com/Frolov-Nikita/rpcexp"
"Scattered Functionality","https://github.com/Fs00/CemuUpdateTool"
"Scattered Functionality","https://github.com/Fsnete7/jobag_backend"
"Scattered Functionality","https://github.com/FuSoftware/FHXTools"
"Scattered Functionality","https://github.com/Fullbrik/ShellSimulator"
"Scattered Functionality","https://github.com/Fullinpe/OpenCv_With_Android"
"Scattered Functionality","https://github.com/FullscreenSauna/TunBasedBattler"
"Scattered Functionality","https://github.com/FumingcAI666/Tmall_ssm"
"Scattered Functionality","https://github.com/FunJoo/ACNHFlower"
"Scattered Functionality","https://github.com/Fungeey/IceCreamJam"
"Scattered Functionality","https://github.com/FunnyPark92/fingertrip"
"Scattered Functionality","https://github.com/FuqiangZhang/clientGroup"
"Scattered Functionality","https://github.com/FusYo/concurrent-parent"
"Scattered Functionality","https://github.com/Fymir27/RoguelikeECS"
"Scattered Functionality","https://github.com/FyreByrns/SpaceshipGame2"
"Scattered Functionality","https://github.com/FyreByrns/foa"
"Scattered Functionality","https://github.com/G2G3Digital/substeps-framework"
"Scattered Functionality","https://github.com/GAPSYSTEMEC/CM3000"
"Scattered Functionality","https://github.com/GCRoots/tptap"
"Scattered Functionality","https://github.com/GCSoft/Agenda"
"Scattered Functionality","https://github.com/GDdotNET/GDNET"
"Scattered Functionality","https://github.com/GGG-KILLER/GParse"
"Scattered Functionality","https://github.com/GIRU-GIRU/GIRU-Combat-Overhaul-Bannerlord"
"Scattered Functionality","https://github.com/GIRU-GIRU/SeymourBot"
"Scattered Functionality","https://github.com/GKARLOZ/Scheduling-Desktop-Application-WGU-SoftwareDevTwon"
"Scattered Functionality","https://github.com/GLovett19/NeonHighway"
"Scattered Functionality","https://github.com/GNOME/smuxi"
"Scattered Functionality","https://github.com/GTANAdam/SimpleVectorGraphicViewer"
"Scattered Functionality","https://github.com/GUSAR1T0/VXDS-DEV-TOOLS"
"Scattered Functionality","https://github.com/GVNCoder/BFInitfsEditor"
"Scattered Functionality","https://github.com/GWigWam/SpeechMusicController"
"Scattered Functionality","https://github.com/GYEISSON/CVDSLAB4"
"Scattered Functionality","https://github.com/Gabe2P/ProjectLancealot-Prototype"
"Scattered Functionality","https://github.com/Gabi1M/DrivingAssistant"
"Scattered Functionality","https://github.com/Gabriel-0216/com.NascimentoSoftware.BookStore"
"Scattered Functionality","https://github.com/Gabriel-Em/Clash-of-the-Elements___Online-2D-TCG"
"Scattered Functionality","https://github.com/Gabriel95/nw-backend"
"Scattered Functionality","https://github.com/GabrielBenjamin10/SENAI-1DT"
"Scattered Functionality","https://github.com/GabrielGustavoMS/Simplified-Blackjack-with-AI-players"
"Scattered Functionality","https://github.com/GabrielLP96/Grupp-22---Project-2.0"
"Scattered Functionality","https://github.com/GabrielSPereira/MedalhasOlimpiadas"
"Scattered Functionality","https://github.com/GabrielStancu/NotesApp"
"Scattered Functionality","https://github.com/GabrielaMoreira/alura-respapi-formation"
"Scattered Functionality","https://github.com/Gabrielito24021996/ImplemetacionStoyMap"
"Scattered Functionality","https://github.com/GalYehezkel/Arkanoid-game"
"Scattered Functionality","https://github.com/GalacticChimp/RogueSurvivorRezombified"
"Scattered Functionality","https://github.com/Galacticus3/Tasks"
"Scattered Functionality","https://github.com/GalalMoustafa/GameStation"
"Scattered Functionality","https://github.com/Galilel-Project/galilelj"
"Scattered Functionality","https://github.com/Galimberti/linea-travi-rulliera"
"Scattered Functionality","https://github.com/GalyaVelikova/ASP-NET-Knizhar-Project"
"Scattered Functionality","https://github.com/GandziukVI/BreakJunctionsExperiment"
"Scattered Functionality","https://github.com/Garados007/MaxLib"
"Scattered Functionality","https://github.com/Garath88/JDA"
"Scattered Functionality","https://github.com/GardelJunior/java-cg-t1-jogo-nave"
"Scattered Functionality","https://github.com/GarfID/EmoPad"
"Scattered Functionality","https://github.com/Garfield-Chen/XellossEngineUnity"
"Scattered Functionality","https://github.com/Garua/ssm_crud"
"Scattered Functionality","https://github.com/Gary-Greeneisen/Selenium3.141-Framework-Net-"
"Scattered Functionality","https://github.com/Gary-Greeneisen/Selenium3.141-Project-Net-"
"Scattered Functionality","https://github.com/GayathriVijayeswaraprasad/Atmecs-WindowFormCURD"
"Scattered Functionality","https://github.com/GazarovVlad/TheGame"
"Scattered Functionality","https://github.com/GazziFX/OptimizedUnturnedRocket"
"Scattered Functionality","https://github.com/GearTHedgehog/TaxiManagement"
"Scattered Functionality","https://github.com/GeeBeisH/mudMaster"
"Scattered Functionality","https://github.com/GeertBellekens/vienna-add-in-BE"
"Scattered Functionality","https://github.com/Geir-Gaustad/automatedtestsgat"
"Scattered Functionality","https://github.com/Gekoncze/VolbySkolniProjekt"
"Scattered Functionality","https://github.com/GenRubio/boombang-2009-emulator"
"Scattered Functionality","https://github.com/GenoGenov/KnowledgeSpreadSystem"
"Scattered Functionality","https://github.com/Geoft-Biryukov/NMRExperimentEditor"
"Scattered Functionality","https://github.com/GeorgDV/Mobiilirakenduste_Alused"
"Scattered Functionality","https://github.com/GeorgeAlexandria/CoCo"
"Scattered Functionality","https://github.com/GeorgeFromGib/Hammonds"
"Scattered Functionality","https://github.com/GeorgeHahn/LibUsbDotNet"
"Scattered Functionality","https://github.com/GeorgeLBS1/ProyectoED2"
"Scattered Functionality","https://github.com/GeorgiTenov/MVCCommentsLikeWebsite"
"Scattered Functionality","https://github.com/GeorgiTenov/MomentCapturer"
"Scattered Functionality","https://github.com/GeorgiTerziev02/Chess-Game"
"Scattered Functionality","https://github.com/GeorgiTsekov/CSharpOOPOct2019"
"Scattered Functionality","https://github.com/Gerappa92/EShopOnWeb"
"Scattered Functionality","https://github.com/GerardoUPM/get_diseases_list_rest"
"Scattered Functionality","https://github.com/Gerbut1986/Passwords_Storage"
"Scattered Functionality","https://github.com/Gericom/Derailer"
"Scattered Functionality","https://github.com/GermanKuber-zz/LicitProd"
"Scattered Functionality","https://github.com/Gerosomma/Bios"
"Scattered Functionality","https://github.com/GersonTommas/KioscoWPF"
"Scattered Functionality","https://github.com/Get-profit/servico"
"Scattered Functionality","https://github.com/Ggiiljj/summerdatabase"
"Scattered Functionality","https://github.com/Ghada-Rushdy/Tameenk_Yakeen"
"Scattered Functionality","https://github.com/Ghidyon/komrads-library-api"
"Scattered Functionality","https://github.com/GhostPack/Rubeus"
"Scattered Functionality","https://github.com/GhostPack/Seatbelt"
"Scattered Functionality","https://github.com/GiDRaPiTaRdA/TanksWPF"
"Scattered Functionality","https://github.com/GiGong/Memories"
"Scattered Functionality","https://github.com/Giacomo-Barletti-TopFinish/CDCMetal"
"Scattered Functionality","https://github.com/Giacomo-Barletti-TopFinish/MailDispacher"
"Scattered Functionality","https://github.com/GianElli99/ModuloDeSeguridad"
"Scattered Functionality","https://github.com/GiantCui/BigGame"
"Scattered Functionality","https://github.com/GibraltarSoftware/Loupe.Agent"
"Scattered Functionality","https://github.com/GibraltarSoftware/SourceGrid"
"Scattered Functionality","https://github.com/Giessrigl/BIT19_HomeWork"
"Scattered Functionality","https://github.com/Gig4but/Ryos-MK-FX-Control-Panel"
"Scattered Functionality","https://github.com/Gigiii/Cube-Color-Game"
"Scattered Functionality","https://github.com/Gino16/BDII---Semana8"
"Scattered Functionality","https://github.com/GinoCubeddu/NanoEngine"
"Scattered Functionality","https://github.com/GiorgiOkruadze/PhysicalPersonReference_Example"
"Scattered Functionality","https://github.com/GiovannaMoraes/GM-Cars"
"Scattered Functionality","https://github.com/GiovanniBranco/API-Lista-Leitura"
"Scattered Functionality","https://github.com/Girumget/GirumBlazor"
"Scattered Functionality","https://github.com/Git-discovery/eshop-back"
"Scattered Functionality","https://github.com/GitInVisualStudio/FragenGerangel"
"Scattered Functionality","https://github.com/GitTools/GitVersion"
"Scattered Functionality","https://github.com/GiulianaMiret/Carrozzo_Miret-Habilitacion"
"Scattered Functionality","https://github.com/Gjoll/FhirKhit"
"Scattered Functionality","https://github.com/Glain/FFTPatcher"
"Scattered Functionality","https://github.com/Glassification/Concierge"
"Scattered Functionality","https://github.com/GlebGeracimenko/Cursach"
"Scattered Functionality","https://github.com/Gleissonmichael/Projeto-Leia-Sempre"
"Scattered Functionality","https://github.com/GlenKPeterson/J-cicle"
"Scattered Functionality","https://github.com/GlenKPeterson/J-sicle"
"Scattered Functionality","https://github.com/GlennEligio/Eze"
"Scattered Functionality","https://github.com/Glexe/apbd-final-project"
"Scattered Functionality","https://github.com/Goattyie/PlatfotmDataBase"
"Scattered Functionality","https://github.com/GoingTo-ByPascal/SI653-AW-API"
"Scattered Functionality","https://github.com/Gokster/Projekt-HaandboldLeague"
"Scattered Functionality","https://github.com/Golden007Credentials/https-github.com-graphql-dotnet-graphql-dotnet"
"Scattered Functionality","https://github.com/GoldenGnu/jwarframe"
"Scattered Functionality","https://github.com/Goncalo-Correia/magma-playground-backend"
"Scattered Functionality","https://github.com/GoneUp/GPK_RePack"
"Scattered Functionality","https://github.com/GoodProgrammerMB/restApi-SpaApp"
"Scattered Functionality","https://github.com/GoogleCloudPlatform/service-broker-samples"
"Scattered Functionality","https://github.com/Googleok/pjshop"
"Scattered Functionality","https://github.com/GoomiChan/Meldii"
"Scattered Functionality","https://github.com/GooseDimkin/CardGame"
"Scattered Functionality","https://github.com/Goseler/MyCompany-ASP.NET-Core-MVC-Practice"
"Scattered Functionality","https://github.com/GosuAlex/bacheloroppgave"
"Scattered Functionality","https://github.com/GowenGit/docnet"
"Scattered Functionality","https://github.com/Graaf69/Uplift"
"Scattered Functionality","https://github.com/Grac3T/Overflow-2.1-Source-Code"
"Scattered Functionality","https://github.com/GracjanB/MovieRental"
"Scattered Functionality","https://github.com/Granados98/TCS2020"
"Scattered Functionality","https://github.com/Grauenwolf/DotNet-ORM-Cookbook"
"Scattered Functionality","https://github.com/Grauldon/HealthInfoManager"
"Scattered Functionality","https://github.com/Gravicode/BMC.CarDashboard"
"Scattered Functionality","https://github.com/Gravicode/GlideTinyCLR2"
"Scattered Functionality","https://github.com/Grazi998/Music_Player"
"Scattered Functionality","https://github.com/Green32/jhipster-sample-gateway"
"Scattered Functionality","https://github.com/Greg-Rus/SmallCritters"
"Scattered Functionality","https://github.com/GregCSharp/VTS"
"Scattered Functionality","https://github.com/GregFinzer/Compare-Net-Objects"
"Scattered Functionality","https://github.com/GregorWenzel/VirtualCampaign-Manager"
"Scattered Functionality","https://github.com/GreyArmor/SomeRogueMonogame"
"Scattered Functionality","https://github.com/GreySmokeSL/TextFileProcessor"
"Scattered Functionality","https://github.com/Gribochek277/IeCore"
"Scattered Functionality","https://github.com/GridProtectionAlliance/gsf"
"Scattered Functionality","https://github.com/GriefSyndromeModderTools/GS_PatEditor"
"Scattered Functionality","https://github.com/Grimoric/RunUO.T2A"
"Scattered Functionality","https://github.com/GrizzlyEnglish/project-poena"
"Scattered Functionality","https://github.com/GroProGramer/Invoicing-management-system"
"Scattered Functionality","https://github.com/Groszczu/TcpChat"
"Scattered Functionality","https://github.com/Groutledge/Pandell.Practicum"
"Scattered Functionality","https://github.com/GuanTc/OrderMatching"
"Scattered Functionality","https://github.com/GuanhuiGuan/GCECDev"
"Scattered Functionality","https://github.com/Gui-Alves/Utopia2"
"Scattered Functionality","https://github.com/GuilhermeFontana/Controle_de_Acesso_N"
"Scattered Functionality","https://github.com/GuilhermeGadotti/Natur"
"Scattered Functionality","https://github.com/GuilhermeO18/Trabalho"
"Scattered Functionality","https://github.com/GuilhermeTrevizani/InfiniteRoleplay"
"Scattered Functionality","https://github.com/Guillen00/Proyecto-2-segundo-Semestre"
"Scattered Functionality","https://github.com/Guizal/MSNotificaton"
"Scattered Functionality","https://github.com/GuoYnYn/happymall"
"Scattered Functionality","https://github.com/Guoziyang27/CSharpdbs"
"Scattered Functionality","https://github.com/GurGaller/Planly"
"Scattered Functionality","https://github.com/GustavoHennig/CefGlue"
"Scattered Functionality","https://github.com/GustavoHennig/ChromelyCustom"
"Scattered Functionality","https://github.com/GutoVillela/KadoshModas"
"Scattered Functionality","https://github.com/GuyCooper/Middleware"
"Scattered Functionality","https://github.com/Gvin/CodeMagic"
"Scattered Functionality","https://github.com/GwenRspl/breaking-book"
"Scattered Functionality","https://github.com/H-V-N/PlaylistCreator"
"Scattered Functionality","https://github.com/HAL-NINE-THOUSAND/DMT"
"Scattered Functionality","https://github.com/HERO5/inote"
"Scattered Functionality","https://github.com/HJLebbink/asm-dude"
"Scattered Functionality","https://github.com/HSKE-Streaming-Server/media-streaming-server"
"Scattered Functionality","https://github.com/HSSANT/minesweeper-API"
"Scattered Functionality","https://github.com/HStewartGitHome/VSBootstrapImporter"
"Scattered Functionality","https://github.com/HUNcamper/tower-blocks"
"Scattered Functionality","https://github.com/HUTOYP/xmlsec-with-self-defined-provider"
"Scattered Functionality","https://github.com/HVAHAGN/Enterprise_App_With_WPF_MVVM"
"Scattered Functionality","https://github.com/HYDYD/o2o"
"Scattered Functionality","https://github.com/Ha5him/rest-crud"
"Scattered Functionality","https://github.com/HaCK3R322/ITMO_Programming_Lab567"
"Scattered Functionality","https://github.com/HaagenDads/Truth"
"Scattered Functionality","https://github.com/Haato3o/HunterPie"
"Scattered Functionality","https://github.com/HabibAroua/gestion-d-un-magasin"
"Scattered Functionality","https://github.com/HabitatFramework/HLUTool-DatabaseUpdater"
"Scattered Functionality","https://github.com/Hackavist/XamarinKickStartTemplate"
"Scattered Functionality","https://github.com/Hackavist/XamarinWidgetDemo"
"Scattered Functionality","https://github.com/HackerOneOpenHack/DevOpsOpenHack"
"Scattered Functionality","https://github.com/Hadarlevi05/GetPetProject"
"Scattered Functionality","https://github.com/HadesHe/OpenGL3.xGame"
"Scattered Functionality","https://github.com/HadiMasri/LaboratoryApp"
"Scattered Functionality","https://github.com/HakanL/animatroller"
"Scattered Functionality","https://github.com/HalapsikoN/IntroToJava"
"Scattered Functionality","https://github.com/HamiltonGilbert/ClickerGame"
"Scattered Functionality","https://github.com/Hamsti/TBotHamsti"
"Scattered Functionality","https://github.com/HangfireIO/Hangfire"
"Scattered Functionality","https://github.com/Hankintailmoitukset/hilma-migration"
"Scattered Functionality","https://github.com/HansSchouten/Aircraft-Trajectories"
"Scattered Functionality","https://github.com/HaoZhiYing/HzyAdminSpa"
"Scattered Functionality","https://github.com/HappyCompilerMaking/jhipsteraqetestapplication"
"Scattered Functionality","https://github.com/HappyYyh/Job"
"Scattered Functionality","https://github.com/Hapydc/ProjektOOP"
"Scattered Functionality","https://github.com/Harekam/TwitterCloneHarekam"
"Scattered Functionality","https://github.com/Harris2012/office-automatic-manage-adele"
"Scattered Functionality","https://github.com/Harris2012/savory-sentence-manage-adele"
"Scattered Functionality","https://github.com/Harrytion/mybatis-sc"
"Scattered Functionality","https://github.com/Harshilbhardwaj47/Unity-Demo-sample"
"Scattered Functionality","https://github.com/HasanNahiyanNobel/CSE-314-Nachos-Assignment"
"Scattered Functionality","https://github.com/HasanShahjahan/rate-limited-api"
"Scattered Functionality","https://github.com/Hasini/bitproject"
"Scattered Functionality","https://github.com/HausemasterIssue/Floppa-Client-SRC"
"Scattered Functionality","https://github.com/HausemasterIssue/ICEHack-b1-SRC"
"Scattered Functionality","https://github.com/HausemasterIssue/Kami5-SRC"
"Scattered Functionality","https://github.com/HausemasterIssue/Nutgod.cc-b1.5-SRC"
"Scattered Functionality","https://github.com/HawaiinPizza/Getting-my-Goat-"
"Scattered Functionality","https://github.com/Hazardu/ChampionsOfForest"
"Scattered Functionality","https://github.com/HciSolutions/LogSpotter"
"Scattered Functionality","https://github.com/HealthCatalyst/Fabric.Authorization"
"Scattered Functionality","https://github.com/HealthCatalyst/Fabric.Identity"
"Scattered Functionality","https://github.com/HealthTechDevelopers/athenahealth-sdk-dotnet"
"Scattered Functionality","https://github.com/HearthSim/Hearthstone-Deck-Tracker"
"Scattered Functionality","https://github.com/HeatmapDojo/ar-heatmap"
"Scattered Functionality","https://github.com/Heavenfather/Demon"
"Scattered Functionality","https://github.com/HectorPalacio/Banco.Solucion.2021-I"
"Scattered Functionality","https://github.com/HeffU/ME3Libs"
"Scattered Functionality","https://github.com/HeidenBZR/WavConfigTool"
"Scattered Functionality","https://github.com/HelenArkh/Module35"
"Scattered Functionality","https://github.com/HellDancer174/VIIS"
"Scattered Functionality","https://github.com/HellionCommunity/HellionExtendedServer"
"Scattered Functionality","https://github.com/HelloJimin2020/SlaytheSpire"
"Scattered Functionality","https://github.com/HelloPthero/Notes"
"Scattered Functionality","https://github.com/Helmut-Ortmann/EnterpriseArchitect_hoReverse"
"Scattered Functionality","https://github.com/Hengle/Knight_Watcher"
"Scattered Functionality","https://github.com/HenkMollema/StudentFollowingSystem"
"Scattered Functionality","https://github.com/Hennmeister/PolAR"
"Scattered Functionality","https://github.com/HenryLCR/Lenguaje-3"
"Scattered Functionality","https://github.com/HenrySyan/shopping-cart-application"
"Scattered Functionality","https://github.com/Heqingfa/sp-config"
"Scattered Functionality","https://github.com/HeribertoMiguelXID/DemoWebApi2"
"Scattered Functionality","https://github.com/HeroesProjects/h3mapper"
"Scattered Functionality","https://github.com/HesamKashefi/UniversalPrism"
"Scattered Functionality","https://github.com/HeshanSudarshana/SmartPDFSearcher"
"Scattered Functionality","https://github.com/HesionBlack/zhpublic"
"Scattered Functionality","https://github.com/HeuristicSolutions/ReleaseMetrics"
"Scattered Functionality","https://github.com/Hexxonite/mcswbot2"
"Scattered Functionality","https://github.com/Hhb97/booko2oSpringCloud"
"Scattered Functionality","https://github.com/HiJakaah/simple-music-player"
"Scattered Functionality","https://github.com/Hichi8520/EDII_2021_LAB2"
"Scattered Functionality","https://github.com/HideezGroup/HES"
"Scattered Functionality","https://github.com/HideezGroup/win.HideezClient"
"Scattered Functionality","https://github.com/Hieunm54/Cryptography_project"
"Scattered Functionality","https://github.com/HigorAlmeidaGomes/ArquiteturaDDD.WebApi"
"Scattered Functionality","https://github.com/Hikiy/WebShop2"
"Scattered Functionality","https://github.com/Hjinsu/study_spring"
"Scattered Functionality","https://github.com/HknClb/ExamAppWithSocketPrograming"
"Scattered Functionality","https://github.com/HoLLy-HaCKeR/osu-database-reader"
"Scattered Functionality","https://github.com/HoMinhDuong6789/Java-Swing"
"Scattered Functionality","https://github.com/HoThienTam/CSM"
"Scattered Functionality","https://github.com/HoangAchi/codegymmodule"
"Scattered Functionality","https://github.com/HoangKien-dream/Assigment_c-"
"Scattered Functionality","https://github.com/HoeflingSoftware/Dnn.KeyMaster"
"Scattered Functionality","https://github.com/HofmaDresu/MakeMeMove"
"Scattered Functionality","https://github.com/Holandess/IntegrativeProject-bookstore"
"Scattered Functionality","https://github.com/HoloLabInc/HoloLensAppManager"
"Scattered Functionality","https://github.com/Home-Java8/yandex"
"Scattered Functionality","https://github.com/HomeroCarvalho/ParserOrquidea"
"Scattered Functionality","https://github.com/Hongpei-Chen/spring-project"
"Scattered Functionality","https://github.com/HonzaMD/Krkal3"
"Scattered Functionality","https://github.com/HorseTrain/SmashLabs"
"Scattered Functionality","https://github.com/HotonielSilva/PGPWEB"
"Scattered Functionality","https://github.com/HoustonTexans/CustomStickers"
"Scattered Functionality","https://github.com/HovoVoskanyan/ChatApplication"
"Scattered Functionality","https://github.com/Hringald/CarParts-MVC-ASP.NET-Project"
"Scattered Functionality","https://github.com/Hristian86/SoftUni-Exam-Project"
"Scattered Functionality","https://github.com/HristoShabanakov/CSharp-Web-January-2020"
"Scattered Functionality","https://github.com/HrlecMatej/OculusView"
"Scattered Functionality","https://github.com/Huahaha233/Ancient-Village-Cultural-Social-System-for-Internet-User"
"Scattered Functionality","https://github.com/HugPuddle/ADD"
"Scattered Functionality","https://github.com/HugPuddle/Apertus"
"Scattered Functionality","https://github.com/HuginRonin/P_DDV_2D"
"Scattered Functionality","https://github.com/HugoVieiraS/Marvel-Comics-Store"
"Scattered Functionality","https://github.com/Humanizr/Humanizer"
"Scattered Functionality","https://github.com/Humanphyti/CS372"
"Scattered Functionality","https://github.com/HumbaP/proyweb"
"Scattered Functionality","https://github.com/Hurpani/Roots-Game"
"Scattered Functionality","https://github.com/Husqvik/SQLPad"
"Scattered Functionality","https://github.com/Hxx1221/springboot_vip"
"Scattered Functionality","https://github.com/Hybris95/HybrisConquer"
"Scattered Functionality","https://github.com/Hyddwn/HyddwnLauncher"
"Scattered Functionality","https://github.com/HyeongJunMin/Bitcamp"
"Scattered Functionality","https://github.com/Hyrules/WinHue"
"Scattered Functionality","https://github.com/Hyzrn/HayzaranBackEnd"
"Scattered Functionality","https://github.com/I-Synergy/Mollie.Net"
"Scattered Functionality","https://github.com/IA-V/IFMA-LDS---Sistema_de_Montagem_de_Grades_Horarias"
"Scattered Functionality","https://github.com/IAMColumbia/gp2portfoliogame-P3DR0115"
"Scattered Functionality","https://github.com/IAyvazov/Tripsters"
"Scattered Functionality","https://github.com/IBM/cloudpakfordata-java-sdk"
"Scattered Functionality","https://github.com/IButtonPusher/Das_PresentationFramework"
"Scattered Functionality","https://github.com/ID44977/ssm_tmall"
"Scattered Functionality","https://github.com/IDOSTUDIOID/2019.10.22_CatProject_Unity_TeamProjectFullCode"
"Scattered Functionality","https://github.com/IHIW/haplObserve"
"Scattered Functionality","https://github.com/IIIMalakitIII/YaHo"
"Scattered Functionality","https://github.com/IInvocation/AppFx"
"Scattered Functionality","https://github.com/IKARDI54/cursoJEE"
"Scattered Functionality","https://github.com/IKangXu/ServiceListener"
"Scattered Functionality","https://github.com/IKatarinaI/FoodDeliveryAPI"
"Scattered Functionality","https://github.com/INatasjja/RentCar"
"Scattered Functionality","https://github.com/IOExceptionOsu/MapsetVerifier"
"Scattered Functionality","https://github.com/IP-CAM/OpenCart-Quickadmin"
"Scattered Functionality","https://github.com/IRBZTV/Website"
"Scattered Functionality","https://github.com/ISCAS-PMC/roll-library"
"Scattered Functionality","https://github.com/ISFG/spisum-core"
"Scattered Functionality","https://github.com/ITHit/WebDAVClientSamples"
"Scattered Functionality","https://github.com/IThraen/Projekt"
"Scattered Functionality","https://github.com/ITworksGroup/brom_net"
"Scattered Functionality","https://github.com/IamAugustine/Color-Science-and-Color-Image-Processing-Study"
"Scattered Functionality","https://github.com/IamAyas21/BMotionServices"
"Scattered Functionality","https://github.com/IamSanjid/pokeone-pluse"
"Scattered Functionality","https://github.com/Iamknownasfesal/Languages"
"Scattered Functionality","https://github.com/Ibmmsays-2021/Next-backEnd"
"Scattered Functionality","https://github.com/Ibrahim9930/Approval-Process-Kata"
"Scattered Functionality","https://github.com/IbrahimFahdah/CadPad.Net"
"Scattered Functionality","https://github.com/IcantSeeTomorrow/Late"
"Scattered Functionality","https://github.com/IceYGO/windbot"
"Scattered Functionality","https://github.com/IceYGO/ygosharp"
"Scattered Functionality","https://github.com/IcedGarion/p2p-power-manager"
"Scattered Functionality","https://github.com/Ich-liebe-dich/crud-system"
"Scattered Functionality","https://github.com/Ideaslam/api-template"
"Scattered Functionality","https://github.com/Ideine/Xmf2"
"Scattered Functionality","https://github.com/IdentityManager/IdentityManager2"
"Scattered Functionality","https://github.com/IdentityModel/Thinktecture.IdentityModel"
"Scattered Functionality","https://github.com/IdentityServer/IdentityServer3"
"Scattered Functionality","https://github.com/IdentityServer/IdentityServer4"
"Scattered Functionality","https://github.com/Igartuk/KalianShopApplication"
"Scattered Functionality","https://github.com/Igasus/Bank_University"
"Scattered Functionality","https://github.com/Iggyyy/SpotBase"
"Scattered Functionality","https://github.com/IgnaceMaes/MaterialSkin"
"Scattered Functionality","https://github.com/Igoptt/EngSoftwareProject"
"Scattered Functionality","https://github.com/IgorMoura25/reminder-api"
"Scattered Functionality","https://github.com/IgorShulga/StorageService"
"Scattered Functionality","https://github.com/Igormmoreira/RecipeBook"
"Scattered Functionality","https://github.com/Ihor183/AdmissionToTheUniversity"
"Scattered Functionality","https://github.com/IhorkoBIlyk/UsersList"
"Scattered Functionality","https://github.com/IliaGodlevsky/PathFind"
"Scattered Functionality","https://github.com/IliassMag/Location-Vehicules"
"Scattered Functionality","https://github.com/IliqNikolov/Snake"
"Scattered Functionality","https://github.com/IliqnIvanov/WebStore"
"Scattered Functionality","https://github.com/IllusionMods/DragAndDrop"
"Scattered Functionality","https://github.com/IllusionMods/IllusionModdingAPI"
"Scattered Functionality","https://github.com/ImCasm/MoviePhile"
"Scattered Functionality","https://github.com/ImPhantom/XDB"
"Scattered Functionality","https://github.com/ImandaSyahrul/BLOOD_LABEL_Teaser"
"Scattered Functionality","https://github.com/ImanolFlorez/InferenceModelMetadata"
"Scattered Functionality","https://github.com/ImpruvIT/BatteryMonitor"
"Scattered Functionality","https://github.com/ImranJagari/PAO-SDSME"
"Scattered Functionality","https://github.com/InEngine-NET/InEngine.NET"
"Scattered Functionality","https://github.com/InRedikaWB/VkLibrary"
"Scattered Functionality","https://github.com/InZabfa/Robotics_Assignment_2"
"Scattered Functionality","https://github.com/Ind-dig10/AndroidClicker"
"Scattered Functionality","https://github.com/IndexDev/WurstClient-src"
"Scattered Functionality","https://github.com/Indoqa/indoqa-nexus-artifact-downloader"
"Scattered Functionality","https://github.com/Inedo/inedox-jira"
"Scattered Functionality","https://github.com/Inedo/inedox-windows"
"Scattered Functionality","https://github.com/Infarh/WebStore_20_03"
"Scattered Functionality","https://github.com/InhongLee/loop_engine"
"Scattered Functionality","https://github.com/InjProger/MP-OKR"
"Scattered Functionality","https://github.com/Innofactor/PluginRegistration"
"Scattered Functionality","https://github.com/InsanityBringer/eced"
"Scattered Functionality","https://github.com/Insersaravanan/SKF-Emaintenance"
"Scattered Functionality","https://github.com/Inseus/KillAllNeighbors"
"Scattered Functionality","https://github.com/InspiredJason/WordCloud"
"Scattered Functionality","https://github.com/InstantASP/Plato-Desktop"
"Scattered Functionality","https://github.com/IntelOrca/PeggleEdit"
"Scattered Functionality","https://github.com/IntelStudios/GenericRepositoryCore"
"Scattered Functionality","https://github.com/IntelliAgent/WoT-Intelligence"
"Scattered Functionality","https://github.com/Interverse/BatteriesNotIncluded"
"Scattered Functionality","https://github.com/Invictum/invictum-test"
"Scattered Functionality","https://github.com/InvisibleB0b/Scrumtopia"
"Scattered Functionality","https://github.com/Invoke-IR/PowerForensics"
"Scattered Functionality","https://github.com/IparkuSS/Ritual"
"Scattered Functionality","https://github.com/Ipsaeju/Search-Engine-Duplicate"
"Scattered Functionality","https://github.com/Iranielodea/carros"
"Scattered Functionality","https://github.com/IrisBroadcast/LarkspurEmberPlusProvider"
"Scattered Functionality","https://github.com/IrunguMunene/ASP.Net-Core-CRUD-with-MongoDb"
"Scattered Functionality","https://github.com/IrynaByk/KilledYouth"
"Scattered Functionality","https://github.com/Isaac-retro/GUI_AUGUR_v3"
"Scattered Functionality","https://github.com/Isaac320/QVision"
"Scattered Functionality","https://github.com/IsaacGuan/FAME"
"Scattered Functionality","https://github.com/Isao-Shinohara/TicTacToeServer"
"Scattered Functionality","https://github.com/IsfahanMathHouse/Server"
"Scattered Functionality","https://github.com/Isitar/Isitar.DoenerOrder"
"Scattered Functionality","https://github.com/Iskander54/pidr-cluchague-loembe"
"Scattered Functionality","https://github.com/IsmAvatar/LateralGM"
"Scattered Functionality","https://github.com/IsmaelHeredia/Cotizaciones"
"Scattered Functionality","https://github.com/IsraelCurvelo/ES3"
"Scattered Functionality","https://github.com/Issawi98/Grading-System"
"Scattered Functionality","https://github.com/Issung/SorterExpress"
"Scattered Functionality","https://github.com/It-001/Angular8"
"Scattered Functionality","https://github.com/ItDidntCatchFire/Dissertation"
"Scattered Functionality","https://github.com/Ithar/java-spring-boot-pet-clinic"
"Scattered Functionality","https://github.com/IvaAngelova/Perfect-Home-To-You-System"
"Scattered Functionality","https://github.com/IvailoTodorov/CounterStrikeWeb"
"Scattered Functionality","https://github.com/IvanCasanova98/UTNGDD-2C2019-FRBAOFERTAS"
"Scattered Functionality","https://github.com/IvanGutru/MusiCloud_Frontend"
"Scattered Functionality","https://github.com/IvanMalinovskii/PGIZ_Course_proj"
"Scattered Functionality","https://github.com/IvanMi773/Roguelike-game"
"Scattered Functionality","https://github.com/IvanS1991/SoftUni-AspNet-Core-Project"
"Scattered Functionality","https://github.com/IvanSibirevV2/AgCode"
"Scattered Functionality","https://github.com/IvanVynyavsky/NoSql"
"Scattered Functionality","https://github.com/IvayloVasiliev/HttpServer"
"Scattered Functionality","https://github.com/Izaqui/Academybodybuilding"
"Scattered Functionality","https://github.com/Izigraim/FileCabinetApp"
"Scattered Functionality","https://github.com/J-J-WebDesign/CBDistro"
"Scattered Functionality","https://github.com/J-luoye/HuilyFx"
"Scattered Functionality","https://github.com/JBeighel/MDLN.MGTools"
"Scattered Functionality","https://github.com/JCMcGraw/AnimalHouse"
"Scattered Functionality","https://github.com/JCTools/JCTools"
"Scattered Functionality","https://github.com/JChris246/CK-Media-Downloader"
"Scattered Functionality","https://github.com/JDSankarlal/EnginesAssignment2"
"Scattered Functionality","https://github.com/JDevbois/WinGroep5"
"Scattered Functionality","https://github.com/JDouglasMendes/arquitetura-corporativa"
"Scattered Functionality","https://github.com/JEFF0217/proyectoPepesTeam"
"Scattered Functionality","https://github.com/JH-Dev-Twitch/CharityEventHub.Mobile"
"Scattered Functionality","https://github.com/JHprojet/UlalaAPI-.NET-Framework-OLD-"
"Scattered Functionality","https://github.com/JISU0301/jblog"
"Scattered Functionality","https://github.com/JKamue/Breakout"
"Scattered Functionality","https://github.com/JLJava19/uf2218V2"
"Scattered Functionality","https://github.com/JMac118/Advanced-Music-Player"
"Scattered Functionality","https://github.com/JPANv2/RareItemSwap"
"Scattered Functionality","https://github.com/JPPGroup/IronstoneObjectModel"
"Scattered Functionality","https://github.com/JPVenson/DataAccess"
"Scattered Functionality","https://github.com/JPressProjects/jpress"
"Scattered Functionality","https://github.com/JSQLParser/JSqlParser"
"Scattered Functionality","https://github.com/JSkimming/abioc"
"Scattered Functionality","https://github.com/JULIELab/jcore-dependencies"
"Scattered Functionality","https://github.com/JVermeulen/Goblintools"
"Scattered Functionality","https://github.com/JWMB/sbc_scrape"
"Scattered Functionality","https://github.com/JaCraig/FileCurator"
"Scattered Functionality","https://github.com/Jack-Mutsers/AspEventViewerApi"
"Scattered Functionality","https://github.com/JackBro3306/Multi-Person-FPS"
"Scattered Functionality","https://github.com/JackWebs/MinecraftTwitchCommands"
"Scattered Functionality","https://github.com/Jackett/Jackett"
"Scattered Functionality","https://github.com/Jackie-Tran/Dungeon-Game"
"Scattered Functionality","https://github.com/JackieCheung/Card-Packet"
"Scattered Functionality","https://github.com/Jacky12898/VR"
"Scattered Functionality","https://github.com/JackyDing/EnvMan"
"Scattered Functionality","https://github.com/Jaesungchi/BlueMarble"
"Scattered Functionality","https://github.com/Jaeyo/lanterna"
"Scattered Functionality","https://github.com/Jagerente/GucciGangMod"
"Scattered Functionality","https://github.com/Jagriti21/StockExchangeCharting"
"Scattered Functionality","https://github.com/JaidenZ/TaxManagementSystemWeb"
"Scattered Functionality","https://github.com/Jair333771/global-email"
"Scattered Functionality","https://github.com/JakeAO/CryptidCorral"
"Scattered Functionality","https://github.com/JakenVeina/SeqLoggerProvider"
"Scattered Functionality","https://github.com/Jakii/ARCON-BE"
"Scattered Functionality","https://github.com/Jakjm/LocalText"
"Scattered Functionality","https://github.com/Jakub-19/Projekt_Fryzjer"
"Scattered Functionality","https://github.com/Jakub-Ciecierski/15-en-05"
"Scattered Functionality","https://github.com/JakubOciepa/Contador"
"Scattered Functionality","https://github.com/Jamaxack/Kangaroo"
"Scattered Functionality","https://github.com/Jameak/ImageDownloader"
"Scattered Functionality","https://github.com/James231/GCode-Razor-PostProcessor"
"Scattered Functionality","https://github.com/James231/Start-Menu-Manager"
"Scattered Functionality","https://github.com/JamesCarnley/frontgammon"
"Scattered Functionality","https://github.com/JamesNK/Newtonsoft.Json"
"Scattered Functionality","https://github.com/JamesPattison/RepoLite"
"Scattered Functionality","https://github.com/JamesPere/SpecFlowTask"
"Scattered Functionality","https://github.com/JamesRandall/FunctionMonkey"
"Scattered Functionality","https://github.com/Jan5113/HSKtrainer"
"Scattered Functionality","https://github.com/JanKallman/EPPlus"
"Scattered Functionality","https://github.com/JanPalasek/smart-home-server"
"Scattered Functionality","https://github.com/JanRajnoha/Chatter"
"Scattered Functionality","https://github.com/JanRunge/CsharpRPG"
"Scattered Functionality","https://github.com/JanTkacik/NTM"
"Scattered Functionality","https://github.com/JanVargovsky/PoGo.DiscordBot"
"Scattered Functionality","https://github.com/JanairAlves/LivroAplicativoComercialComCSharpECamadas"
"Scattered Functionality","https://github.com/JanezSajovic/MicrocopNaloga_Sajovic"
"Scattered Functionality","https://github.com/JanusGraph/janusgraph"
"Scattered Functionality","https://github.com/JanusTida/Tida.CAD"
"Scattered Functionality","https://github.com/JanusTida/Tida.Geometry"
"Scattered Functionality","https://github.com/Jarcionek/MTG-Deck-Builder"
"Scattered Functionality","https://github.com/Jarczyslaw/Barcodes"
"Scattered Functionality","https://github.com/JarodTAerts/YoWiki"
"Scattered Functionality","https://github.com/JasonAmp/FruityNET"
"Scattered Functionality","https://github.com/JasonBock/Rocks"
"Scattered Functionality","https://github.com/JasonPer/exam-backstage"
"Scattered Functionality","https://github.com/JasonStein/Notepads"
"Scattered Functionality","https://github.com/JasperFx/marten"
"Scattered Functionality","https://github.com/Jaswiner/crc-gas"
"Scattered Functionality","https://github.com/JavaEz/agency"
"Scattered Functionality","https://github.com/JavaMoney/jsr354-api-bp"
"Scattered Functionality","https://github.com/Javen205/IJPay"
"Scattered Functionality","https://github.com/JaveriaButt/NexusPie"
"Scattered Functionality","https://github.com/Jaxe-Dev/PawnRules"
"Scattered Functionality","https://github.com/JaxsNorris/ExcelUtils"
"Scattered Functionality","https://github.com/JayArrowz/NetScape"
"Scattered Functionality","https://github.com/JayModo/Keeper"
"Scattered Functionality","https://github.com/Jaykul/PoshConsole"
"Scattered Functionality","https://github.com/JazzBoy69/Myriad"
"Scattered Functionality","https://github.com/Jbond312/PlexRequestsApi"
"Scattered Functionality","https://github.com/JcBernack/ObjectTK"
"Scattered Functionality","https://github.com/Jchuk99/Team-A"
"Scattered Functionality","https://github.com/Jcparkyn/nodexr"
"Scattered Functionality","https://github.com/JeanFou/ConferenceRoomReservationSystem"
"Scattered Functionality","https://github.com/JeanFurman/Works-Homework"
"Scattered Functionality","https://github.com/Jeferson0101/RobotNavigationIA"
"Scattered Functionality","https://github.com/Jeff-Tian/blogengine.net"
"Scattered Functionality","https://github.com/JeffBorwey/GraphClustering"
"Scattered Functionality","https://github.com/JeffHuang0724/FinalProject_Main"
"Scattered Functionality","https://github.com/JeffLi1993/springboot-learning-example"
"Scattered Functionality","https://github.com/JeffWang0325/AOI-Sheet-Substrate-Defect-Inspection-Software"
"Scattered Functionality","https://github.com/Jeffinmeister/DattingApp"
"Scattered Functionality","https://github.com/JeffreyFerreiras-GEP/Tools.NET-Core"
"Scattered Functionality","https://github.com/JeffreySu/WeiXinMPSDK"
"Scattered Functionality","https://github.com/JeffreyWest/tumor-evolution-HAL"
"Scattered Functionality","https://github.com/JellyBitz/xBot-WinForms"
"Scattered Functionality","https://github.com/Jenscc/bccrypto-csharp-1.8.10"
"Scattered Functionality","https://github.com/Jeongwonseok/200331_Google-AdMob_Unity3D"
"Scattered Functionality","https://github.com/JeremieCHN/SceneViewer"
"Scattered Functionality","https://github.com/Jeremy-Barnes/Critters.NET"
"Scattered Functionality","https://github.com/JeremyAnsel/XwaOptEditor"
"Scattered Functionality","https://github.com/JeremyCBusch/Soccer_in_unity"
"Scattered Functionality","https://github.com/JeroSQ/FloodIt"
"Scattered Functionality","https://github.com/JeroenVinke/compiler-project"
"Scattered Functionality","https://github.com/Jeroto/DawnmakuEngine"
"Scattered Functionality","https://github.com/Jessebeau2001/FinalApproach"
"Scattered Functionality","https://github.com/JessicaWilke27/Netstock"
"Scattered Functionality","https://github.com/JessieArr/StardewValleyCalendar"
"Scattered Functionality","https://github.com/JetBrains/mapper"
"Scattered Functionality","https://github.com/JetBrains/rd"
"Scattered Functionality","https://github.com/JevLOMCN/CrystalM2"
"Scattered Functionality","https://github.com/Jfleming07712/CelestialTravels01"
"Scattered Functionality","https://github.com/Jhon-Dev/New_Pride_382"
"Scattered Functionality","https://github.com/Jhonatan-de-Souza/RepublicManager"
"Scattered Functionality","https://github.com/JiazhaoZhang/WebScraper_Skeleton"
"Scattered Functionality","https://github.com/JiemingLi/myProjects"
"Scattered Functionality","https://github.com/JillyMan/Java_course"
"Scattered Functionality","https://github.com/JimBobSquarePants/ImageProcessor"
"Scattered Functionality","https://github.com/Jimmey-Jiang/ABP-ASP.NET-Boilerplate-Project-CMS"
"Scattered Functionality","https://github.com/JimmySenny/courseCode-spring3"
"Scattered Functionality","https://github.com/Jin-Yuhan/Accelbuffer"
"Scattered Functionality","https://github.com/JinleiK/Database_Management"
"Scattered Functionality","https://github.com/JiriBatulka/BP"
"Scattered Functionality","https://github.com/Jmanuel2099/ConstructoraUdeC"
"Scattered Functionality","https://github.com/JnickJ/Forum"
"Scattered Functionality","https://github.com/Jnnshschl/AmeisenBot-3.3.5a"
"Scattered Functionality","https://github.com/JoaoMacedoG/DSO2"
"Scattered Functionality","https://github.com/JobyKK/DictChallengeClientSide"
"Scattered Functionality","https://github.com/Jock96/CNN2"
"Scattered Functionality","https://github.com/Jockaiii/CICD-Uppgift1"
"Scattered Functionality","https://github.com/Jocko99/Children-Shoe-Store-ASP"
"Scattered Functionality","https://github.com/JodaOrg/joda-time"
"Scattered Functionality","https://github.com/JoeHermann21/Sistema-Vendas"
"Scattered Functionality","https://github.com/JoeWirtley/Generics-in-NET-presentation"
"Scattered Functionality","https://github.com/JoelCortezOrtega-bot/TecLab---Proyecto"
"Scattered Functionality","https://github.com/JoelEnriquez/Proyecto1_IDE"
"Scattered Functionality","https://github.com/JoeyAziz/Super-Hero-Chess"
"Scattered Functionality","https://github.com/JoeyHuangzx/TheGreatGame"
"Scattered Functionality","https://github.com/JohSand/LibImageQuant.Net"
"Scattered Functionality","https://github.com/Johan5356/exchange"
"Scattered Functionality","https://github.com/JohanLarsson/Gu.Reactive"
"Scattered Functionality","https://github.com/JohanS11/Lab04CVDS"
"Scattered Functionality","https://github.com/JohannPaez/Laboratorio_4CVDS"
"Scattered Functionality","https://github.com/JohnFarmer96/InstantImprovement"
"Scattered Functionality","https://github.com/JohnSherck/Public"
"Scattered Functionality","https://github.com/JohnTo88/Wize_Travel"
"Scattered Functionality","https://github.com/JohnWickBerserker/QuickSharpApp"
"Scattered Functionality","https://github.com/Johnny0121/Mango"
"Scattered Functionality","https://github.com/JohnnyWestlake/Emilie"
"Scattered Functionality","https://github.com/Johnobasi/ASP.NET-MVC-Sport-System-master"
"Scattered Functionality","https://github.com/Join-s/ssm-mangage"
"Scattered Functionality","https://github.com/JokePenny/TPL-SibSUTIS"
"Scattered Functionality","https://github.com/JokerJ666/manager"
"Scattered Functionality","https://github.com/Jolucaa/MIS-COVID19"
"Scattered Functionality","https://github.com/JonPSmith/EfCore.GenericBizRunner"
"Scattered Functionality","https://github.com/JonPSmith/GenericServices"
"Scattered Functionality","https://github.com/JonPSmith/MultiProgPackTool"
"Scattered Functionality","https://github.com/JonPSmith/PermissionAccessControl2"
"Scattered Functionality","https://github.com/JonasHagstrom79/Boxing"
"Scattered Functionality","https://github.com/JonasOliveira/BlueModas"
"Scattered Functionality","https://github.com/Jonathan-Racaud/AmarisBlazorLab"
"Scattered Functionality","https://github.com/JoniMop/java_tracking_app"
"Scattered Functionality","https://github.com/JontySachdeva/Mentor-On-Demand"
"Scattered Functionality","https://github.com/JoonghyunCho/TestBed"
"Scattered Functionality","https://github.com/JoostBlaauwwiekel/Project_SE_Periode3"
"Scattered Functionality","https://github.com/JordiLLin27/PSManagementDesktop"
"Scattered Functionality","https://github.com/JordiMV10/ItAcademyExercicisTOTS"
"Scattered Functionality","https://github.com/JordiMV10/ProjecteAspNetAcademy"
"Scattered Functionality","https://github.com/JordiMV10/WPFAcademyMVVMFinal"
"Scattered Functionality","https://github.com/JordiRodriguezC/UNAPlanillaWs"
"Scattered Functionality","https://github.com/JordyEspejel/winAsimilados"
"Scattered Functionality","https://github.com/JorgeHenrique10/ModernStore"
"Scattered Functionality","https://github.com/JorisAlbers/Stella"
"Scattered Functionality","https://github.com/Jos635/SharpPeg"
"Unstable Dependency","NA"
"Unstable Dependency","dsafa"
"Unstable Dependency","https://git.cs.dal.ca/courses/2022-winter/csci-5308/group12"
"Unstable Dependency","https://git.cs.dal.ca/courses/2022-winter/csci-5308/group15"
"Unstable Dependency","https://git.cs.dal.ca/courses/2022-winter/csci-5308/group16"
"Unstable Dependency","https://git.cs.dal.ca/courses/2022-winter/csci-5308/group18"
"Unstable Dependency","https://git.cs.dal.ca/courses/2022-winter/csci-5308/group20.git"
"Unstable Dependency","https://git.cs.dal.ca/courses/2022-winter/csci-5308/group22.git"
"Unstable Dependency","https://git.cs.dal.ca/courses/2022-winter/csci-5308/group24"
"Unstable Dependency","https://git.cs.dal.ca/courses/2022-winter/csci-5308/group6+"
"Unstable Dependency","https://git.cs.dal.ca/courses/2022-winter/csci-5308/group8"
"Unstable Dependency","https://git.cs.dal.ca/qsyed/csci-5408-w2022-dpg7"
"Unstable Dependency","https://github.com/"
"Unstable Dependency","https://github.com/00-Evan/shattered-pixel-dungeon-gdx"
"Unstable Dependency","https://github.com/00-matt/moneropool"
"Unstable Dependency","https://github.com/0000chris11/java-timestamp-sb"
"Unstable Dependency","https://github.com/007-Fullstack/POS-system"
"Unstable Dependency","https://github.com/00ZRHun/google-map-note"
"Unstable Dependency","https://github.com/00p513-dev/SetupWizard-Bliss"
"Unstable Dependency","https://github.com/00pf00/rpc"
"Unstable Dependency","https://github.com/00pf00/rpc-deviceaccess"
"Unstable Dependency","https://github.com/00sanoj00/SL_Zip_Signer_V3"
"Unstable Dependency","https://github.com/00vk/volleybot"
"Unstable Dependency","https://github.com/01010100b/AoE2Lang"
"Unstable Dependency","https://github.com/016image/autotestlearnmav"
"Unstable Dependency","https://github.com/01brazz/5EI_Group2_PCP"
"Unstable Dependency","https://github.com/021Mgk/liferay-portlet-mgk"
"Unstable Dependency","https://github.com/021Mgk/portal-7-3-7-ga8"
"Unstable Dependency","https://github.com/0326rj/Advanced-BIM-Editor"
"Unstable Dependency","https://github.com/0352972441/ASSServer"
"Unstable Dependency","https://github.com/042020-dotnet-uta/Team1-repo2"
"Unstable Dependency","https://github.com/042020-dotnet-uta/jaysonLennon-repo1"
"Unstable Dependency","https://github.com/042020-dotnet-uta/johnHeckenliable-repo1"
"Unstable Dependency","https://github.com/042020-dotnet-uta/kenEndo-repo0"
"Unstable Dependency","https://github.com/042020-dotnet-uta/kingsleyOnonachi-repo0"
"Unstable Dependency","https://github.com/042020-dotnet-uta/michaelHall-repo0"
"Unstable Dependency","https://github.com/042020-dotnet-uta/michaelWong-repo0"
"Unstable Dependency","https://github.com/042020-dotnet-uta/ryanShereda-repo0"
"Unstable Dependency","https://github.com/042020-dotnet-uta/sulavAryal-repo0"
"Unstable Dependency","https://github.com/042020-dotnet-uta/sulavAryalPipeLineDemo"
"Unstable Dependency","https://github.com/042020-dotnet-uta/team4-repo2"
"Unstable Dependency","https://github.com/042020-dotnet-uta/xavierDiaz-repo1"
"Unstable Dependency","https://github.com/0421mk/java-servlet-project"
"Unstable Dependency","https://github.com/04551lh/dvr"
"Unstable Dependency","https://github.com/0508994/NRMap"
"Unstable Dependency","https://github.com/0532/JXLS"
"Unstable Dependency","https://github.com/06-SEEK/android-hrm"
"Unstable Dependency","https://github.com/0608chenyugithub/miaoShaProject"
"Unstable Dependency","https://github.com/06110902002/RecyclerView_Nav_Menu"
"Unstable Dependency","https://github.com/071921-LTI/Christian-Osada"
"Unstable Dependency","https://github.com/071921-LTI/David-Veller"
"Unstable Dependency","https://github.com/071921-LTI/Michael-Wilder"
"Unstable Dependency","https://github.com/071921-LTI/Nick_Urban"
"Unstable Dependency","https://github.com/071921-LTI/Tim-StDennis"
"Unstable Dependency","https://github.com/07ductoan12/btl-ltm"
"Unstable Dependency","https://github.com/08162021-dotnet-uta/AkilTomlinsonRepo1"
"Unstable Dependency","https://github.com/08162021-dotnet-uta/CoryTinsleyRepo1"
"Unstable Dependency","https://github.com/08162021-dotnet-uta/JonathanBukowskyRepo1"
"Unstable Dependency","https://github.com/08162021-dotnet-uta/P2_Group3"
"Unstable Dependency","https://github.com/0868307/Project78"
"Unstable Dependency","https://github.com/08aleksandar24/votChallengePrivate"
"Unstable Dependency","https://github.com/09-Nine/QuanLyThuVien--javaProject"
"Unstable Dependency","https://github.com/09123363503/spa-webapi-angularjs-master"
"Unstable Dependency","https://github.com/0975829800/Server_GraduationProject"
"Unstable Dependency","https://github.com/0977587/Project-C-"
"Unstable Dependency","https://github.com/0999312/Tea-Sorcerer"
"Unstable Dependency","https://github.com/0999312/TinkerSlashBlade"
"Unstable Dependency","https://github.com/0DennisLee0/Dennis_Blog"
"Unstable Dependency","https://github.com/0HongTao0/Live"
"Unstable Dependency","https://github.com/0HongTao0/LiveServer"
"Unstable Dependency","https://github.com/0JAFC0/LeilaoSite"
"Unstable Dependency","https://github.com/0Jarod0/RaderView"
"Unstable Dependency","https://github.com/0RootLoL0/YaM"
"Unstable Dependency","https://github.com/0Xero7/Argon"
"Unstable Dependency","https://github.com/0cw/Bolt"
"Unstable Dependency","https://github.com/0ft3n/AureliumMobs"
"Unstable Dependency","https://github.com/0ft3n/EcoEnchantsGUI"
"Unstable Dependency","https://github.com/0jpancho/Striker2020"
"Unstable Dependency","https://github.com/0kzh/glitch"
"Unstable Dependency","https://github.com/0lyaMelnyk/organize-app"
"Unstable Dependency","https://github.com/0obriano0/Minecraft_MobDrop"
"Unstable Dependency","https://github.com/0petabyte/MongoDB_Spring_portfolio_ContentStyle"
"Unstable Dependency","https://github.com/0r0loo/spring5-mvc-study"
"Unstable Dependency","https://github.com/0redd/PluralVideos"
"Unstable Dependency","https://github.com/0rtis/jsafebox"
"Unstable Dependency","https://github.com/0sektor0/Sekougi.MessagePack"
"Unstable Dependency","https://github.com/0surface/arxiveprior"
"Unstable Dependency","https://github.com/0uz/JobManagement"
"Unstable Dependency","https://github.com/0verdoes/WPF_Snake"
"Unstable Dependency","https://github.com/0wanglei0/yunwang"
"Unstable Dependency","https://github.com/0x-CHUN/toy-spring"
"Unstable Dependency","https://github.com/0x0ade/CelesteNet"
"Unstable Dependency","https://github.com/0x384c0/Experiments-Android"
"Unstable Dependency","https://github.com/0x666c/VkBot"
"Unstable Dependency","https://github.com/0xCopy/RelaxFactory"
"Unstable Dependency","https://github.com/0xHigos/SpringBoot_Order"
"Unstable Dependency","https://github.com/0xJonas/Phi"
"Unstable Dependency","https://github.com/0xKalKYS/Tropical"
"Unstable Dependency","https://github.com/0xLogic/Hyper_Reclass"
"Unstable Dependency","https://github.com/0xLuca/astro-discord-bot"
"Unstable Dependency","https://github.com/0xMartin/LogicSimulator"
"Unstable Dependency","https://github.com/0xVector/pathfinding"
"Unstable Dependency","https://github.com/0xcydg/pharmacy-manager"
"Unstable Dependency","https://github.com/0xd4d/de4dot"
"Unstable Dependency","https://github.com/0xd4d/dnSpy"
"Unstable Dependency","https://github.com/0xd4d/dnlib"
"Unstable Dependency","https://github.com/0xdeafcafe/SnapDotNet"
"Unstable Dependency","https://github.com/0xera/rAndroidDev"
"Unstable Dependency","https://github.com/0xf10yd/printomania"
"Unstable Dependency","https://github.com/0xkaede/JuicySwapperv1"
"Unstable Dependency","https://github.com/0yusufokur0/Chatify"
"Unstable Dependency","https://github.com/0zul/ClaraJDA"
"Unstable Dependency","https://github.com/1-2-ka-4-4-2-ka-1/MFLIX"
"Unstable Dependency","https://github.com/1-bits/irpgeditor"
"Unstable Dependency","https://github.com/1000realities/edgerealities-sdk-android"
"Unstable Dependency","https://github.com/100Gyeon/pla_bear"
"Unstable Dependency","https://github.com/100prznt/EzoGateway"
"Unstable Dependency","https://github.com/100race/cafeoma"
"Unstable Dependency","https://github.com/10101818/atoi2"
"Unstable Dependency","https://github.com/101121-VA-Java/Andrew-Cook"
"Unstable Dependency","https://github.com/101121-VA-Java/Bruno-Braga"
"Unstable Dependency","https://github.com/101121-VA-Java/kim-kohelhayes"
"Unstable Dependency","https://github.com/1015770492/JDK14SourceCodeInterpretation"
"Unstable Dependency","https://github.com/1017027994zjj/Exam-for-C-S-master"
"Unstable Dependency","https://github.com/1018848974/spring-framework-imitate"
"Unstable Dependency","https://github.com/102101219/mySwin"
"Unstable Dependency","https://github.com/102244653/CrawlerArticle"
"Unstable Dependency","https://github.com/102345/ImpulsoTeste.Marcilio"
"Unstable Dependency","https://github.com/1024-lab/smartdb"
"Unstable Dependency","https://github.com/1024294008/HealthChain"
"Unstable Dependency","https://github.com/1030907690/spring-boot-2.0.4.RELEASE"
"Unstable Dependency","https://github.com/1031nice/College-CP2-TeamProject"
"Unstable Dependency","https://github.com/1037438704/PictureSelectorDemo1"
"Unstable Dependency","https://github.com/1037438704/tongchengcai"
"Unstable Dependency","https://github.com/103style/calendarLibrary"
"Unstable Dependency","https://github.com/103style/paho.mqtt.java"
"Unstable Dependency","https://github.com/105032013072/installer"
"Unstable Dependency","https://github.com/10546039/PlanEng"
"Unstable Dependency","https://github.com/1066893961/TvCountDown222"
"Unstable Dependency","https://github.com/1066893961/XZing"
"Unstable Dependency","https://github.com/1067649786/advertisement"
"Unstable Dependency","https://github.com/1067899750/HttpDemo"
"Unstable Dependency","https://github.com/1070591579/Location"
"Unstable Dependency","https://github.com/1079374315/AndroidOpenGLDemo-master"
"Unstable Dependency","https://github.com/1084233320/credit"
"Unstable Dependency","https://github.com/1084597302/Game-Development-Task-2"
"Unstable Dependency","https://github.com/1084790527/YiChat-master"
"Unstable Dependency","https://github.com/1084790527/wechat_desktop-master"
"Unstable Dependency","https://github.com/1091128818/DataStruct"
"Unstable Dependency","https://github.com/1095071913/zhongshi-etc-basics-sentinel"
"Unstable Dependency","https://github.com/1095897429/KotlinPratice"
"Unstable Dependency","https://github.com/1095897429/NiaoGeBiJi2.0"
"Unstable Dependency","https://github.com/1095897429/SecondApplication-Normal"
"Unstable Dependency","https://github.com/10h137/JavaPlagarismDetector"
"Unstable Dependency","https://github.com/10sa/ZeisenServerChecker"
"Unstable Dependency","https://github.com/10soos17/lecture_choongang"
"Unstable Dependency","https://github.com/10soos17/mangae_web"
"Unstable Dependency","https://github.com/1104219446/QuickAcessDemo"
"Unstable Dependency","https://github.com/1106898736/yunguo_jeecg_serve"
"Unstable Dependency","https://github.com/1109815292/video_share"
"Unstable Dependency","https://github.com/110V/Electromagnetic-Induction-simulator"
"Unstable Dependency","https://github.com/1112222d/asset_management_mobile_app"
"Unstable Dependency","https://github.com/111Online/nhs111-domain-dos-api"
"Unstable Dependency","https://github.com/112002minhhuy/C2009I1-Supermaket"
"Unstable Dependency","https://github.com/1126608981/tmall"
"Unstable Dependency","https://github.com/113-GittiGidiyor-Java-Spring-Bootcamp/fifth-homework-Quixotic95"
"Unstable Dependency","https://github.com/113-GittiGidiyor-Java-Spring-Bootcamp/fifth-homework-TasdemirTolunay"
"Unstable Dependency","https://github.com/113-GittiGidiyor-Java-Spring-Bootcamp/fifth-homework-avemphract"
"Unstable Dependency","https://github.com/113-GittiGidiyor-Java-Spring-Bootcamp/fifth-homework-bulutharunmurat"
"Unstable Dependency","https://github.com/113-GittiGidiyor-Java-Spring-Bootcamp/fifth-homework-emredalci"
"Unstable Dependency","https://github.com/113-GittiGidiyor-Java-Spring-Bootcamp/fifth-homework-kaganarmagan"
"Unstable Dependency","https://github.com/113-GittiGidiyor-Java-Spring-Bootcamp/fifth-homework-mGungorr"
"Unstable Dependency","https://github.com/113-GittiGidiyor-Java-Spring-Bootcamp/fifth-homework-muhittinpalamutcu"
"Unstable Dependency","https://github.com/113-GittiGidiyor-Java-Spring-Bootcamp/fourth-homework-TasdemirTolunay"
"Unstable Dependency","https://github.com/113-GittiGidiyor-Java-Spring-Bootcamp/fourth-homework-avemphract"
"Unstable Dependency","https://github.com/1136346879/wonderful"
"Unstable Dependency","https://github.com/1138programming/2019-FRC-Robot"
"Unstable Dependency","https://github.com/1138programming/2020-FRC-Robot"
"Unstable Dependency","https://github.com/1138programming/ChangeUpSimulation"
"Unstable Dependency","https://github.com/1140018111/javaeEdt"
"Unstable Dependency","https://github.com/1147722654/wvp-pro"
"Unstable Dependency","https://github.com/1154140116/dongkang"
"Unstable Dependency","https://github.com/1160300427/alipay"
"Unstable Dependency","https://github.com/1170300302/Compiler-Principle-lexical-analyzer"
"Unstable Dependency","https://github.com/1172118044/AvailableSeat"
"Unstable Dependency","https://github.com/1183675887/design-demo"
"Unstable Dependency","https://github.com/1191830/SuperFoot"
"Unstable Dependency","https://github.com/1198159/spellshocked"
"Unstable Dependency","https://github.com/11abuyaman/itstuff"
"Unstable Dependency","https://github.com/11dot001001/TelegramBot"
"Unstable Dependency","https://github.com/11nonali23/Fortune_Wheel_Recreation"
"Unstable Dependency","https://github.com/1203064111/java_huixiang2"
"Unstable Dependency","https://github.com/1205108909/AlgoTradingReporter"
"Unstable Dependency","https://github.com/121104115wyb/MVPMode"
"Unstable Dependency","https://github.com/1217268470/m3u8"
"Unstable Dependency","https://github.com/121880399/LargeImageMonitor"
"Unstable Dependency","https://github.com/121jigowatts/spring-boot_with_mybatis"
"Unstable Dependency","https://github.com/121rajesh/School_Data_Mgmt"
"Unstable Dependency","https://github.com/122885980/rj"
"Unstable Dependency","https://github.com/1229245270/musicapp_demo"
"Unstable Dependency","https://github.com/123099/Bounce"
"Unstable Dependency","https://github.com/12313kaihuang/Traveling-New"
"Unstable Dependency","https://github.com/1231joe1231/Listen-Together"
"Unstable Dependency","https://github.com/12380647/ThetaDO"
"Unstable Dependency","https://github.com/123DMWM/ProCraft"
"Unstable Dependency","https://github.com/123okk2/IFind_Application"
"Unstable Dependency","https://github.com/123xuan456/HP200Printer"
"Unstable Dependency","https://github.com/123youyouer/cyworld"
"Unstable Dependency","https://github.com/1249557990/paofen"
"Unstable Dependency","https://github.com/1249730427/daihuaiyu.github.io"
"Unstable Dependency","https://github.com/1249993110/LSTY.Sdtd-5.X"
"Unstable Dependency","https://github.com/1255542159/12306Demo"
"Unstable Dependency","https://github.com/125929280/Dormitory"
"Unstable Dependency","https://github.com/125m125/ktapi-java"
"Unstable Dependency","https://github.com/1271381588/NBlog"
"Unstable Dependency","https://github.com/1272857430/flowable_flow"
"Unstable Dependency","https://github.com/1273505585/Almighty"
"Unstable Dependency","https://github.com/1299114624/bos"
"Unstable Dependency","https://github.com/12security/bizconf-android-app"
"Unstable Dependency","https://github.com/12security/zhumu-android-app"
"Unstable Dependency","https://github.com/13030830345/springboot-vue"
"Unstable Dependency","https://github.com/1303110335/java-all"
"Unstable Dependency","https://github.com/1303110335/myRocketmq"
"Unstable Dependency","https://github.com/1308024507pkh/Distributed-MiniSQL"
"Unstable Dependency","https://github.com/1308404897/MacosX"
"Unstable Dependency","https://github.com/13107FF/ARpet"
"Unstable Dependency","https://github.com/13120241790/Push_v3"
"Unstable Dependency","https://github.com/1313ou/TreebolicLib"
"Unstable Dependency","https://github.com/1313ou/sqlunet-browser"
"Unstable Dependency","https://github.com/1316279031/s1"
"Unstable Dependency","https://github.com/1319470638/PushDemo"
"Unstable Dependency","https://github.com/1319470638/wechatdemo"
"Unstable Dependency","https://github.com/13241308289/sping"
"Unstable Dependency","https://github.com/13266764646/Phantom"
"Unstable Dependency","https://github.com/1329368516/Dinner"
"Unstable Dependency","https://github.com/13302864582/baifen_parent_app"
"Unstable Dependency","https://github.com/13348670849/mybatislearnparent"
"Unstable Dependency","https://github.com/13350910252/ProApp"
"Unstable Dependency","https://github.com/13416494311/tduck"
"Unstable Dependency","https://github.com/13439300301/KunlunLPSWorker_3_19"
"Unstable Dependency","https://github.com/1345414527/manager_service"
"Unstable Dependency","https://github.com/1350291587/worknotes_dep"
"Unstable Dependency","https://github.com/1350484784/AnalyzeFood"
"Unstable Dependency","https://github.com/1358045145/miaosha_lgx"
"Unstable Dependency","https://github.com/13616632061/Queue"
"Unstable Dependency","https://github.com/13640139410/GraduateAssignment"
"Unstable Dependency","https://github.com/1366001909/express"
"Unstable Dependency","https://github.com/1369521908/destiny"
"Unstable Dependency","https://github.com/1372501851/pnt"
"Unstable Dependency","https://github.com/1377093782/liuanLib"
"Unstable Dependency","https://github.com/1379074822/graduation_project"
"Unstable Dependency","https://github.com/13797891312/WhereCollect"
"Unstable Dependency","https://github.com/1394044539/onlineread"
"Unstable Dependency","https://github.com/13960699696/netcore-template"
"Unstable Dependency","https://github.com/1399948273/rent"
"Unstable Dependency","https://github.com/13xforever/ps3-disc-dumper"
"Unstable Dependency","https://github.com/1429280405/imoocnewsdev"
"Unstable Dependency","https://github.com/143prudhvi/SimplifyServer"
"Unstable Dependency","https://github.com/143prudhvi/flashadeal1"
"Unstable Dependency","https://github.com/143prudhvi/placementServer"
"Unstable Dependency","https://github.com/1471817541/-sdk"
"Unstable Dependency","https://github.com/1476572009/library1"
"Unstable Dependency","https://github.com/14edavis/BehindTheStars_AndroidApp"
"Unstable Dependency","https://github.com/14karra/quiz-microservice"
"Unstable Dependency","https://github.com/15045120/mail4j"
"Unstable Dependency","https://github.com/1508/SitecoreEventManager"
"Unstable Dependency","https://github.com/1510460325/experiment"
"Unstable Dependency","https://github.com/15131009532qq/market_cal"
"Unstable Dependency","https://github.com/15144042132/puffer"
"Unstable Dependency","https://github.com/15207135348/Java12306"
"Unstable Dependency","https://github.com/15217711253/JSound.Core-0825"
"Unstable Dependency","https://github.com/1521zxc/Bus"
"Unstable Dependency","https://github.com/15279676722/smallWhite"
"Unstable Dependency","https://github.com/1527thomas/photo-gallery"
"Unstable Dependency","https://github.com/15281046619/classroomlib"
"Unstable Dependency","https://github.com/15307388990/SmartPay"
"Unstable Dependency","https://github.com/15335179243/ChuMuYa"
"Unstable Dependency","https://github.com/153437803/module_recycleradapter"
"Unstable Dependency","https://github.com/1535892832/blogs-server"
"Unstable Dependency","https://github.com/154380/Laptrinhmang"
"Unstable Dependency","https://github.com/1559727195/GreenLandVLand"
"Unstable Dependency","https://github.com/1559727195/RxCache-master"
"Unstable Dependency","https://github.com/15607521232/WebAutoTestJava"
"Unstable Dependency","https://github.com/15608447849/erp"
"Unstable Dependency","https://github.com/15608447849/pay-middle"
"Unstable Dependency","https://github.com/15608447849/wvapp"
"Unstable Dependency","https://github.com/15618384280/tjcloud-match"
"Unstable Dependency","https://github.com/15629013633/hmx_project_master"
"Unstable Dependency","https://github.com/15768508299/intimateSpace"
"Unstable Dependency","https://github.com/15814903830/IntegrityFactoryProject"
"Unstable Dependency","https://github.com/15831944/RabCab"
"Unstable Dependency","https://github.com/15838028035/common-code-generate"
"Unstable Dependency","https://github.com/1586951660/bs"
"Unstable Dependency","https://github.com/15874134131/xutils"
"Unstable Dependency","https://github.com/15915763299/AppInit"
"Unstable Dependency","https://github.com/15935962724/Ruoyi-Vue"
"Unstable Dependency","https://github.com/15jindalrahul/CTSFSDD"
"Unstable Dependency","https://github.com/1623083499/qdaio"
"Unstable Dependency","https://github.com/1628103949/enjoySDK"
"Unstable Dependency","https://github.com/1634865486/AndroidTimeableView"
"Unstable Dependency","https://github.com/1638253187/cctv_play"
"Unstable Dependency","https://github.com/1660615472/huan-gou"
"Unstable Dependency","https://github.com/16637142795/javafxCss"
"Unstable Dependency","https://github.com/1663784811/adminJAVA"
"Unstable Dependency","https://github.com/1663784811/shopJAVA"
"Unstable Dependency","https://github.com/1663784811/toolsJAVA"
"Unstable Dependency","https://github.com/16fengzhiyong/GraduationInputMethod"
"Unstable Dependency","https://github.com/16jalayt/SapphireExtract-Legacy"
"Unstable Dependency","https://github.com/16min99/prgrms_spring"
"Unstable Dependency","https://github.com/1700301020/TodayNews"
"Unstable Dependency","https://github.com/1720360649/WNTCL"
"Unstable Dependency","https://github.com/17521236/NUNIT_QLTV"
"Unstable Dependency","https://github.com/1753036/c4w-17clc-1753036-project2"
"Unstable Dependency","https://github.com/1760005/Quan_Ly_Thi"
"Unstable Dependency","https://github.com/17674600647/practiceCode"
"Unstable Dependency","https://github.com/1768803156/DToast"
"Unstable Dependency","https://github.com/17734576784/sdweb_sts_f"
"Unstable Dependency","https://github.com/17734812911/bridge_zhoudai"
"Unstable Dependency","https://github.com/17743257942/scx040407"
"Unstable Dependency","https://github.com/17785408624/mass-control"
"Unstable Dependency","https://github.com/1798643961/McOnTongueTip"
"Unstable Dependency","https://github.com/17JZ0101-LEEHOJAE/TripWiz"
"Unstable Dependency","https://github.com/17mustafaErdogan/Adroid-mobil"
"Unstable Dependency","https://github.com/18020286/jtest"
"Unstable Dependency","https://github.com/180254/Battleship44"
"Unstable Dependency","https://github.com/1802802/SpringInAction5h_TacoCloud"
"Unstable Dependency","https://github.com/18075394254/DZ-1"
"Unstable Dependency","https://github.com/18105132758/dbCol"
"Unstable Dependency","https://github.com/18113996630/major_show"
"Unstable Dependency","https://github.com/18120211/Hibernate_CourseRegistrationSystem"
"Unstable Dependency","https://github.com/18204614232/java-Kcp"
"Unstable Dependency","https://github.com/18238831810/india"
"Unstable Dependency","https://github.com/18270862829/x-workspace"
"Unstable Dependency","https://github.com/18271261642/AntRouter"
"Unstable Dependency","https://github.com/18271261642/JZVideo-develop"
"Unstable Dependency","https://github.com/1830879724/yeb"
"Unstable Dependency","https://github.com/1831066159/cootoo"
"Unstable Dependency","https://github.com/18376108492/book_system"
"Unstable Dependency","https://github.com/18419NakamuraTemma/android-yolov3-linealarm"
"Unstable Dependency","https://github.com/1846018663/ict-ids"
"Unstable Dependency","https://github.com/1847427213/MyAPP_EasyHttp"
"Unstable Dependency","https://github.com/18581961702/red-tea"
"Unstable Dependency","https://github.com/18616703217/gloryroad_autotest"
"Unstable Dependency","https://github.com/18631323023/ZNA"
"Unstable Dependency","https://github.com/18634779972/glassesAdmin"
"Unstable Dependency","https://github.com/18672200484/YongLi_Applet"
"Unstable Dependency","https://github.com/18709293275/WitmedProject"
"Unstable Dependency","https://github.com/18826243776/media"
"Unstable Dependency","https://github.com/18839779221/OnlinePartern"
"Unstable Dependency","https://github.com/18848/git_repo"
"Unstable Dependency","https://github.com/18875274988/bbibm-kjds-test"
"Unstable Dependency","https://github.com/18882341560/activiti-springboot"
"Unstable Dependency","https://github.com/188867052/EFCore.CodeGenerator"
"Unstable Dependency","https://github.com/188867052/OSharp"
"Unstable Dependency","https://github.com/188867052/QuartzApi"
"Unstable Dependency","https://github.com/188867052/osharp-master_TEMP"
"Unstable Dependency","https://github.com/18895636682/hello-spring-cloud-alibaba-xxl-job"
"Unstable Dependency","https://github.com/189569400/apollo-DuerOS"
"Unstable Dependency","https://github.com/18Again/18Again-Android"
"Unstable Dependency","https://github.com/18SW62/MAD-Semester-Project"
"Unstable Dependency","https://github.com/18swenskiq/SquidBot-Sharp"
"Unstable Dependency","https://github.com/19-20-1-PMi32/NotStackOverflow"
"Unstable Dependency","https://github.com/19-20-1-PMi32/Sport-Betting-Trainer"
"Unstable Dependency","https://github.com/19-20-1-PMi33/MyAirport"
"Unstable Dependency","https://github.com/1900Star/MusicPlayer-Smartisan"
"Unstable Dependency","https://github.com/1907ns/MiniBall"
"Unstable Dependency","https://github.com/1909-blake-william/project-0-HaoSususudio"
"Unstable Dependency","https://github.com/1909-blake-william/project-0-curecoma"
"Unstable Dependency","https://github.com/1909-sep30-net/colton-project1"
"Unstable Dependency","https://github.com/1909sept03java/Fahim-Rashid"
"Unstable Dependency","https://github.com/1909sept03java/Ilya-Shmyhol"
"Unstable Dependency","https://github.com/1909sept03java/demo-reference"
"Unstable Dependency","https://github.com/1910-oct21-dotnet/p0-Jharv94"
"Unstable Dependency","https://github.com/1914526816lhw/loansystem"
"Unstable Dependency","https://github.com/19231136/buaaoo-2021"
"Unstable Dependency","https://github.com/19231219lsm/java_runday"
"Unstable Dependency","https://github.com/19424054/cnpm-19hc-group09"
"Unstable Dependency","https://github.com/1943277891/eightsm"
"Unstable Dependency","https://github.com/195286381/vue-spring-admin-manage-system"
"Unstable Dependency","https://github.com/1956025812/yss-shopping"
"Unstable Dependency","https://github.com/1962247851/hello-mircoservice"
"Unstable Dependency","https://github.com/1962247851/jnuetc"
"Unstable Dependency","https://github.com/1975929757ls/ls"
"Unstable Dependency","https://github.com/1996dylanriley/StrictlyStats"
"Unstable Dependency","https://github.com/1997zyx/khgl2"
"Unstable Dependency","https://github.com/1998Gang/uclass"
"Unstable Dependency","https://github.com/1999GersonMayamba/ProjectoAndroidSmartInfo"
"Unstable Dependency","https://github.com/19FTT2063/Appointments"
"Unstable Dependency","https://github.com/19MisterX98/Atomic"
"Unstable Dependency","https://github.com/19ahmad/FYPrepo"
"Unstable Dependency","https://github.com/19bibo85/GuessBeerCountry"
"Unstable Dependency","https://github.com/19bibo85/GuessLicensePlate"
"Unstable Dependency","https://github.com/19username95/RemoteNotes.UI"
"Unstable Dependency","https://github.com/1Bulgarian/LBL_Project"
"Unstable Dependency","https://github.com/1Hei/ChattingRoom"
"Unstable Dependency","https://github.com/1MahdiR/Sports-club-management-system"
"Unstable Dependency","https://github.com/1Maximuse/canalis"
"Unstable Dependency","https://github.com/1MikhailStepanov1/Lab7Server"
"Unstable Dependency","https://github.com/1SoulJo/chartrader"
"Unstable Dependency","https://github.com/1and1/cosmo"
"Unstable Dependency","https://github.com/1ansam/EnglishStudyApplication"
"Unstable Dependency","https://github.com/1beric/ActionRpg"
"Unstable Dependency","https://github.com/1boker1/TFG_RTS"
"Unstable Dependency","https://github.com/1fan/zendesk-data-searcher"
"Unstable Dependency","https://github.com/1fish2/BBQTimer"
"Unstable Dependency","https://github.com/1hakr/AnExplorer"
"Unstable Dependency","https://github.com/1iveowl/Plugin.SegmentedControl"
"Unstable Dependency","https://github.com/1iveowl/SSDP.UPnP.PCL"
"Unstable Dependency","https://github.com/1iveowl/SocketLite"
"Unstable Dependency","https://github.com/1iveowl/XF.CollectionView.repro1"
"Unstable Dependency","https://github.com/1ivgo/MissileAtackImitator"
"Unstable Dependency","https://github.com/1mgames/GameOff_2019"
"Unstable Dependency","https://github.com/1natasa/DiplomskiRad"
"Unstable Dependency","https://github.com/1natasa/ProgramiranjeProizvodnje"
"Unstable Dependency","https://github.com/1ndong/Capitalism"
"Unstable Dependency","https://github.com/1ndong/Tapas"
"Unstable Dependency","https://github.com/1ou/blitzar"
"Unstable Dependency","https://github.com/1sPerry/jt_permission"
"Unstable Dependency","https://github.com/1saeedsalehi/Sample-Blog"
"Unstable Dependency","https://github.com/1swaraj/NethTest"
"Unstable Dependency","https://github.com/1t0XX/JSON_-_XML_converter"
"Unstable Dependency","https://github.com/1t0XX/StarGame_LibGDX"
"Unstable Dependency","https://github.com/1vaPetkova/java.oop_module"
"Unstable Dependency","https://github.com/2000rosser/TeamRPK"
"Unstable Dependency","https://github.com/200106-UTA-PRS-NET/P0-Jameson-Dy"
"Unstable Dependency","https://github.com/200106-UTA-PRS-NET/P0-Jeremy-Ortega"
"Unstable Dependency","https://github.com/200106-UTA-PRS-NET/P1-Jacob-Fisher"
"Unstable Dependency","https://github.com/200106-UTA-PRS-NET/P1-Jeremy-Ortega"
"Unstable Dependency","https://github.com/200106-UTA-PRS-NET/P1-John-Marquez"
"Unstable Dependency","https://github.com/2001adarsh/Java-For-Android"
"Unstable Dependency","https://github.com/2002-feb24-net/CALM-API"
"Unstable Dependency","https://github.com/2002-feb24-net/paule-project0"
"Unstable Dependency","https://github.com/20020389/AppTranslator"
"Unstable Dependency","https://github.com/200694133/horizontal"
"Unstable Dependency","https://github.com/200713-dotnet/project-challenge-p1-Acearl"
"Unstable Dependency","https://github.com/200713-dotnet/project-challenge-p1-jpchionglo"
"Unstable Dependency","https://github.com/200713-dotnet/project-challenge-p1-jpittman23"
"Unstable Dependency","https://github.com/2008Choco/Artifice"
"Unstable Dependency","https://github.com/2008PegaUSF/curley-repo"
"Unstable Dependency","https://github.com/2012692013/demoProject"
"Unstable Dependency","https://github.com/2012monk/copang-backend"
"Unstable Dependency","https://github.com/201624133116/uni"
"Unstable Dependency","https://github.com/2017011419/android-studio"
"Unstable Dependency","https://github.com/201729101/Proyecto2_202010_sec4_team12"
"Unstable Dependency","https://github.com/2017398956/libraryoflibrary"
"Unstable Dependency","https://github.com/2017398956/packet-capture"
"Unstable Dependency","https://github.com/2018091618010/sign_in_system"
"Unstable Dependency","https://github.com/2018shiji/cmdclient"
"Unstable Dependency","https://github.com/2019-11-22/LearningUPM"
"Unstable Dependency","https://github.com/2019Ganjil-RealitasVirtualDanAugmentasi/tugas-1-driving-simulation-ginkokuryuu"
"Unstable Dependency","https://github.com/2019Ganjil-RealitasVirtualDanAugmentasi/tugas-1-driving-simulation-shakellzero"
"Unstable Dependency","https://github.com/2021-Collathon-team-5/Mealacle_app"
"Unstable Dependency","https://github.com/2021-Fall-Cohort/m3-reviews-site-code-blooded"
"Unstable Dependency","https://github.com/2021-SMHRD-KDT-New-Bigdata-1/BEFAST"
"Unstable Dependency","https://github.com/2021-SW-6/opensource_zxing_repository"
"Unstable Dependency","https://github.com/2021-contest-exhibit/modak-server"
"Unstable Dependency","https://github.com/2021-d05-groupe3/amazingTransportApp"
"Unstable Dependency","https://github.com/2021-ict-hanium/ezfarm-back"
"Unstable Dependency","https://github.com/2021-innovation-hackathon/KimSsiPyoRyuKi"
"Unstable Dependency","https://github.com/2021-innovation-hackathon/stocker"
"Unstable Dependency","https://github.com/2021-oasis-hackathon/Doctors"
"Unstable Dependency","https://github.com/2021TenGroup/LogisticsJava"
"Unstable Dependency","https://github.com/2021WECAMP/WECAMP-Spring-Project"
"Unstable Dependency","https://github.com/20436-TomasJorge/20436_TomasJorge_20347_LuizFelhberg_TP02_PO2_2020-2021"
"Unstable Dependency","https://github.com/20kdc/gabien-common"
"Unstable Dependency","https://github.com/20seok/CarSummary"
"Unstable Dependency","https://github.com/210342/Sound-Processing"
"Unstable Dependency","https://github.com/210517-Enterprise/glance_p2"
"Unstable Dependency","https://github.com/210614-JavaFS/project0-JphanACC"
"Unstable Dependency","https://github.com/210614-JavaFS/project1-munibk22"
"Unstable Dependency","https://github.com/210614-JavaFS/project1-tjwoods03"
"Unstable Dependency","https://github.com/2106Pega/Curriculum-Resources"
"Unstable Dependency","https://github.com/210712-Richard/2107-Reactive"
"Unstable Dependency","https://github.com/210712-Richard/luke.claggett.p1"
"Unstable Dependency","https://github.com/210712-Richard/michael.mcinerney.p1"
"Unstable Dependency","https://github.com/210712-Richard/team2.p2"
"Unstable Dependency","https://github.com/210712-Richard/team3.p2"
"Unstable Dependency","https://github.com/210712jwa/Haifeng_ExpenseReimbursementSystem"
"Unstable Dependency","https://github.com/210712jwa/Project-1-MSommers"
"Unstable Dependency","https://github.com/210726-Enterprise/Jared_Mullins_P0"
"Unstable Dependency","https://github.com/210726-java-react-serverless/Cody-Heather_api_p1"
"Unstable Dependency","https://github.com/210726-java-react-serverless/Sean-Alfonso-api-p1"
"Unstable Dependency","https://github.com/210726-java-react-serverless/SignMeUp-Api"
"Unstable Dependency","https://github.com/210726-java-react-serverless/charles_mettee_p0"
"Unstable Dependency","https://github.com/210726-java-react-serverless/cody_mcdonald_p0"
"Unstable Dependency","https://github.com/210726-java-react-serverless/hiroshi_nobuoka_p0"
"Unstable Dependency","https://github.com/210726-java-react-serverless/john-kim_api_p1"
"Unstable Dependency","https://github.com/210726-java-react-serverless/john_callahan_p0"
"Unstable Dependency","https://github.com/210726-java-react-serverless/jose-robert_api_p1"
"Unstable Dependency","https://github.com/210726-java-react-serverless/luna_charles_api_p1"
"Unstable Dependency","https://github.com/210726-java-react-serverless/luna_haines_p0"
"Unstable Dependency","https://github.com/210726-java-react-serverless/marwan_bataineh_p0"
"Unstable Dependency","https://github.com/210726-java-react-serverless/robert_ni_p0"
"Unstable Dependency","https://github.com/210726-java-react-serverless/sean_dunn_p0"
"Unstable Dependency","https://github.com/210823-Enterprise/Brink_p1"
"Unstable Dependency","https://github.com/210823-Enterprise/Cataclysm"
"Unstable Dependency","https://github.com/210823-Enterprise/NotBad-P1"
"Unstable Dependency","https://github.com/210823-java-msa-wvu/sergio-lopez-p1"
"Unstable Dependency","https://github.com/2108Java/expense-reimbursement-tyler-claude-gene-baconbits"
"Unstable Dependency","https://github.com/2108Java/project-0-tanickl"
"Unstable Dependency","https://github.com/210913-java-full-stack/Erika-Kollier"
"Unstable Dependency","https://github.com/210913-java-full-stack/kollier-martin"
"Unstable Dependency","https://github.com/210927-JavaFS/project0-Doberman1"
"Unstable Dependency","https://github.com/210927-JavaFS/project0-Karl-Model"
"Unstable Dependency","https://github.com/210927-JavaFS/project0-albertlixw"
"Unstable Dependency","https://github.com/210927-JavaFS/project0-bucknermi"
"Unstable Dependency","https://github.com/210927-JavaFS/project0-tubigervie"
"Unstable Dependency","https://github.com/210927-JavaFS/project1-BryonConnolly"
"Unstable Dependency","https://github.com/210927-JavaFS/project1-Build-coder"
"Unstable Dependency","https://github.com/210927-JavaFS/project1-chutieu312"
"Unstable Dependency","https://github.com/211101-java-react-enterprise/andrew_aslakson_p0"
"Unstable Dependency","https://github.com/211101-java-react-enterprise/cole_paris_p0"
"Unstable Dependency","https://github.com/211101-java-react-enterprise/frederick_hingst_p0"
"Unstable Dependency","https://github.com/211101-java-react-enterprise/frederick_hingst_p0_delete"
"Unstable Dependency","https://github.com/211101-java-react-enterprise/heather_z_p0"
"Unstable Dependency","https://github.com/211101-java-react-enterprise/jonah_landry_p0"
"Unstable Dependency","https://github.com/211101-java-react-enterprise/jongsoo_chong_p0"
"Unstable Dependency","https://github.com/211101-java-react-enterprise/michael_chau_p0"
"Unstable Dependency","https://github.com/211101-java-react-enterprise/qi_zhang_p0"
"Unstable Dependency","https://github.com/211101-java-react-enterprise/william_nelson_p0"
"Unstable Dependency","https://github.com/21141MENDO/EventosTec1"
"Unstable Dependency","https://github.com/2130-Programmers/AlphaRed"
"Unstable Dependency","https://github.com/21503882/javaswingtingche"
"Unstable Dependency","https://github.com/218492/pempera"
"Unstable Dependency","https://github.com/21F0rc3/Calorie"
"Unstable Dependency","https://github.com/21Joakim/Jockie-Utils"
"Unstable Dependency","https://github.com/2214525284/majiang"
"Unstable Dependency","https://github.com/2224248204/huskyChat"
"Unstable Dependency","https://github.com/2227324689/gpmall"
"Unstable Dependency","https://github.com/2227558856/JavaWeb-Hospital"
"Unstable Dependency","https://github.com/228525125/emr"
"Unstable Dependency","https://github.com/229932Kucharski/MovieCollection"
"Unstable Dependency","https://github.com/22hours/typress"
"Unstable Dependency","https://github.com/22louis2/SampleDB"
"Unstable Dependency","https://github.com/22pheobi22/NettyServerCenter2"
"Unstable Dependency","https://github.com/23/23-api-dotnet"
"Unstable Dependency","https://github.com/231021083dap/DoofenshmirtzWebShop"
"Unstable Dependency","https://github.com/231021083dap/Orangular"
"Unstable Dependency","https://github.com/2318279444/xiaoshixun1_1"
"Unstable Dependency","https://github.com/232179773/t9"
"Unstable Dependency","https://github.com/2322974451/XProjects"
"Unstable Dependency","https://github.com/2333174/MailBox_FYCC"
"Unstable Dependency","https://github.com/23456-Tony-Larrea/afectacionweb"
"Unstable Dependency","https://github.com/235/gwt-pf"
"Unstable Dependency","https://github.com/2374/Season2020"
"Unstable Dependency","https://github.com/2387744807/WeMusic"
"Unstable Dependency","https://github.com/2390438889/IO"
"Unstable Dependency","https://github.com/2396BAR/appdeva"
"Unstable Dependency","https://github.com/23jonathan23/design-patterns-in-java"
"Unstable Dependency","https://github.com/23quan/colortumodule"
"Unstable Dependency","https://github.com/2403102119/ShengQian_android"
"Unstable Dependency","https://github.com/241262211/apptool"
"Unstable Dependency","https://github.com/2413Team/BookShop"
"Unstable Dependency","https://github.com/2445221583/my_spring"
"Unstable Dependency","https://github.com/2445221583/myredpacket"
"Unstable Dependency","https://github.com/2452862704/ppjoke"
"Unstable Dependency","https://github.com/24628/java-finalassignment"
"Unstable Dependency","https://github.com/24628/nosql-project"
"Unstable Dependency","https://github.com/2474942479/fake_foreigner"
"Unstable Dependency","https://github.com/2499603447/ICCECarkey"
"Unstable Dependency","https://github.com/24Kshign/OKHttpDemo"
"Unstable Dependency","https://github.com/24akhil/DotNetCoreMVC3.1"
"Unstable Dependency","https://github.com/2508606867/dataops"
"Unstable Dependency","https://github.com/252217616/Messy"
"Unstable Dependency","https://github.com/255-1/Spider51job"
"Unstable Dependency","https://github.com/25samyu/bms-kafka"
"Unstable Dependency","https://github.com/2605759123/DriverAPP"
"Unstable Dependency","https://github.com/2605759123/DriverCarAPP"
"Unstable Dependency","https://github.com/2605759123/SmartHome"
"Unstable Dependency","https://github.com/2605759123/SmartRubbish"
"Unstable Dependency","https://github.com/260724860/LEL"
"Unstable Dependency","https://github.com/2610MO/TP2020-2"
"Unstable Dependency","https://github.com/2635064692/SourceCode-learning"
"Unstable Dependency","https://github.com/270686992/fumeng-staging"
"Unstable Dependency","https://github.com/2729StormRobotics/StormAppMaster2020"
"Unstable Dependency","https://github.com/2729StormRobotics/StormAppUser2020"
"Unstable Dependency","https://github.com/275282657/chenfan-finance"
"Unstable Dependency","https://github.com/275779273/zrzk"
"Unstable Dependency","https://github.com/276255322/FTPManage"
"Unstable Dependency","https://github.com/278770902/evm-wasu"
"Unstable Dependency","https://github.com/279328316/JcCore"
"Unstable Dependency","https://github.com/27chandler/SpaceProject"
"Unstable Dependency","https://github.com/2803404074/Rxjava2Retrofit2NetFrame-master"
"Unstable Dependency","https://github.com/2803404074/RxjavaRetrofit2-master"
"Unstable Dependency","https://github.com/280780363/guc"
"Unstable Dependency","https://github.com/2823761854/SystemCharting"
"Unstable Dependency","https://github.com/2834895397-lu/erpapp"
"Unstable Dependency","https://github.com/285551339/nebulaol-parent"
"Unstable Dependency","https://github.com/287396159/A"
"Unstable Dependency","https://github.com/2881099/FreeSql.Tools"
"Unstable Dependency","https://github.com/2881099/csredis"
"Unstable Dependency","https://github.com/2892931976/Algorithms-in-Go"
"Unstable Dependency","https://github.com/2893348004/BankingApplication"
"Unstable Dependency","https://github.com/289562326/bigdata_mhm"
"Unstable Dependency","https://github.com/28Pollux28/ImageWorldGenerator"
"Unstable Dependency","https://github.com/295647706/gow-electricity"
"Unstable Dependency","https://github.com/2995248390/A7_MY_PM"
"Unstable Dependency","https://github.com/29DCH/LovingHome-Real-Estate-Platform"
"Unstable Dependency","https://github.com/29yang/DhySet"
"Unstable Dependency","https://github.com/2Checkout/2checkout-java"
"Unstable Dependency","https://github.com/2Dlesha/WT2019.SimpleLibraryCRUD"
"Unstable Dependency","https://github.com/2JeongYun/NTPver1"
"Unstable Dependency","https://github.com/2apoorva5/COVID-19_Tracker---Application-for-Android"
"Unstable Dependency","https://github.com/2b2ttanxiu/Functions"
"Unstable Dependency","https://github.com/2b2ttanxiu/Functions-old"
"Unstable Dependency","https://github.com/2dohee/homepaintings"
"Unstable Dependency","https://github.com/2dukes/PROJ1_SDIS_2021"
"Unstable Dependency","https://github.com/2dukes/PROJ2_SDIS_2021"
"Unstable Dependency","https://github.com/2dukes/PROJ_COMP_2021"
"Unstable Dependency","https://github.com/2dust/v2rayN"
"Unstable Dependency","https://github.com/2fat2furious/monitoring"
"Unstable Dependency","https://github.com/2gis/Winium.Cruciatus"
"Unstable Dependency","https://github.com/2gis/Winium.StoreApps"
"Unstable Dependency","https://github.com/2gis/windows-universal-app-driver"
"Unstable Dependency","https://github.com/2jigoo/daangnmungcat"
"Unstable Dependency","https://github.com/2k1p/grproject"
"Unstable Dependency","https://github.com/2kchan/JSP_Board"
"Unstable Dependency","https://github.com/2lstudios-mc/AntiBot"
"Unstable Dependency","https://github.com/2m/cats"
"Unstable Dependency","https://github.com/2quokka/demo-payment-rest-api"
"Unstable Dependency","https://github.com/2redlight/cakeyum_android"
"Unstable Dependency","https://github.com/2rohyun/patron-renewal"
"Unstable Dependency","https://github.com/2ruslan/Anki_Games"
"Unstable Dependency","https://github.com/2sic/2sxc"
"Unstable Dependency","https://github.com/2whassan/Comparison-of-ADWIN-variants"
"Unstable Dependency","https://github.com/2winsen/lu"
"Unstable Dependency","https://github.com/2xsaiko/crogamp"
"Unstable Dependency","https://github.com/3-eyed-raven/ddd-framework"
"Unstable Dependency","https://github.com/30003457/COMP7211A2Repo"
"Unstable Dependency","https://github.com/30092171/pdef"
"Unstable Dependency","https://github.com/303084687/sshr-job-admin"
"Unstable Dependency","https://github.com/3059485516/NeteaseIMSDK"
"Unstable Dependency","https://github.com/305983806/neo-http"
"Unstable Dependency","https://github.com/307209239/CamstarApiBuilder"
"Unstable Dependency","https://github.com/30783-isel/binance"
"Unstable Dependency","https://github.com/309893147/education_resources_service"
"Unstable Dependency","https://github.com/30Code/pulltorefresh"
"Unstable Dependency","https://github.com/30Gabriela/SmurfGame"
"Unstable Dependency","https://github.com/310369677/ycd-framework"
"Unstable Dependency","https://github.com/310695702/webforum"
"Unstable Dependency","https://github.com/31181025846/Asssignment01"
"Unstable Dependency","https://github.com/31181025846/demochoHuy"
"Unstable Dependency","https://github.com/314863336/jeemes-base"
"Unstable Dependency","https://github.com/3232731490/StudentManegeSystem"
"Unstable Dependency","https://github.com/3297364807/xiaozhi"
"Unstable Dependency","https://github.com/32kda/maploader"
"Unstable Dependency","https://github.com/32v/goggles"
"Unstable Dependency","https://github.com/335134701/C_Vistual_Demo"
"Unstable Dependency","https://github.com/335747949/training_system"
"Unstable Dependency","https://github.com/33Infinity/SwissPairings"
"Unstable Dependency","https://github.com/342535324/VueAdminAutoCreate"
"Unstable Dependency","https://github.com/343702729/ElectronicSeal"
"Unstable Dependency","https://github.com/343702729/HuiZhi"
"Unstable Dependency","https://github.com/343757500/UnesShop"
"Unstable Dependency","https://github.com/345531063/elecService"
"Unstable Dependency","https://github.com/345ZhangRy/ZiceRichTextSample"
"Unstable Dependency","https://github.com/346058210/huate"
"Unstable Dependency","https://github.com/348683013/mgtcom"
"Unstable Dependency","https://github.com/357712148/bodygit"
"Unstable Dependency","https://github.com/360Ceeee/WeChatMoments"
"Unstable Dependency","https://github.com/360GroupProject/vantageProCodeRepo"
"Unstable Dependency","https://github.com/360matt/FastMongo-v2"
"Unstable Dependency","https://github.com/360matt/Sokeese-v2"
"Unstable Dependency","https://github.com/361387670/sunyanwen"
"Unstable Dependency","https://github.com/361way/safe"
"Unstable Dependency","https://github.com/3623/InfiniteRecharge2021"
"Unstable Dependency","https://github.com/3658BOSONS/UG3"
"Unstable Dependency","https://github.com/36952362/MiniXimalaya"
"Unstable Dependency","https://github.com/36px/passport"
"Unstable Dependency","https://github.com/373974360/deyatech"
"Unstable Dependency","https://github.com/376453716/zookeeper-x"
"Unstable Dependency","https://github.com/379753498/bridge"
"Unstable Dependency","https://github.com/386959653/javaWebDemo"
"Unstable Dependency","https://github.com/389273716/RxJavaMonitor"
"Unstable Dependency","https://github.com/389431880/icloud"
"Unstable Dependency","https://github.com/391129243/guankong"
"Unstable Dependency","https://github.com/3A43Mka/oop"
"Unstable Dependency","https://github.com/3Alouch1/datingssss"
"Unstable Dependency","https://github.com/3DRing/YamblzWeather"
"Unstable Dependency","https://github.com/3F/DllExport"
"Unstable Dependency","https://github.com/3F/vsCommandEvent"
"Unstable Dependency","https://github.com/3F/vsSolutionBuildEvent"
"Unstable Dependency","https://github.com/3GF/era_dev"
"Unstable Dependency","https://github.com/3HJack/SmartWidget"
"Unstable Dependency","https://github.com/3LakesLand/BackingApp"
"Unstable Dependency","https://github.com/3M-Company/azure-iot-platform-dotnet"
"Unstable Dependency","https://github.com/3RD-Dimension/3RDD-GCode-Sender-Issues"
"Unstable Dependency","https://github.com/3RSH/MyFirstSpringApp"
"Unstable Dependency","https://github.com/3Seventy/vector370-dotnet"
"Unstable Dependency","https://github.com/3TUSK/FrogCraft-Rebirth"
"Unstable Dependency","https://github.com/3Tn0/android-courses-stepanenko"
"Unstable Dependency","https://github.com/3aitana/BingoScanner"
"Unstable Dependency","https://github.com/3bdelrahmann/cafeteria-ordering-system"
"Unstable Dependency","https://github.com/3cky/usb-i2c-android"
"Unstable Dependency","https://github.com/3da/JsonSettingsManager"
"Unstable Dependency","https://github.com/3dcitydb/extension-test-ade"
"Unstable Dependency","https://github.com/3dcitydb/swingx-ws"
"Unstable Dependency","https://github.com/3dcitydb/texture-atlas-creator"
"Unstable Dependency","https://github.com/3dr15/employeeMIS"
"Unstable Dependency","https://github.com/3e2j/StatuesNRunes"
"Unstable Dependency","https://github.com/3instein/AFLMovieDB"
"Unstable Dependency","https://github.com/3mcloud/GFC-Grouper-Foundation-Classes"
"Unstable Dependency","https://github.com/3mrdev/gamechanic"
"Unstable Dependency","https://github.com/3ono3/jianzhiOffer"
"Unstable Dependency","https://github.com/3qilabs/salesforce-testng-framework"
"Unstable Dependency","https://github.com/3sanjeet/EPIServerDemo"
"Unstable Dependency","https://github.com/3sidedcube/Android-LightningUi"
"Unstable Dependency","https://github.com/3sss123/forge-1.16.5-mod"
"Unstable Dependency","https://github.com/3sss123/forge-mod"
"Unstable Dependency","https://github.com/3ufear/DRA"
"Unstable Dependency","https://github.com/3venjd/ShipOps"
"Unstable Dependency","https://github.com/3xtasio/AlphaBox"
"Unstable Dependency","https://github.com/3xtasio/lifecraft-soup"
"Unstable Dependency","https://github.com/3yakuya/Quantum-Shell"
"Unstable Dependency","https://github.com/4036tlh/Badminton-Court-Booking-System"
"Unstable Dependency","https://github.com/404Kartik/Black-Jack-Card-Game"
"Unstable Dependency","https://github.com/404NotFound2020/MiniSQLDefinitive"
"Unstable Dependency","https://github.com/404nofound/MBTA_Boston_Transit"
"Unstable Dependency","https://github.com/405990230/boot-boss"
"Unstable Dependency","https://github.com/409a206/sopung"
"Unstable Dependency","https://github.com/410919244/wmeimob"
"Unstable Dependency","https://github.com/411212376/shiyanlou-002"
"Unstable Dependency","https://github.com/4115019/thor"
"Unstable Dependency","https://github.com/4132tester/java_pft"
"Unstable Dependency","https://github.com/413767955/HongQiaoTiYu"
"Unstable Dependency","https://github.com/413831/ejercicios_laboratorio_5"
"Unstable Dependency","https://github.com/414507259/face"
"Unstable Dependency","https://github.com/415192022/LMWRouter"
"Unstable Dependency","https://github.com/41k/ta-sandbox"
"Unstable Dependency","https://github.com/4201VitruvianBots/Jango2.0"
"Unstable Dependency","https://github.com/4201VitruvianBots/Swervy2020"
"Unstable Dependency","https://github.com/4201VitruvianBots/TRex2021"
"Unstable Dependency","https://github.com/42BV/beanmapper"
"Unstable Dependency","https://github.com/42Crunch/cicd-core-java"
"Unstable Dependency","https://github.com/42Lines/wicket-css-scope"
"Unstable Dependency","https://github.com/43863198/aizhixin_student_dynamics"
"Unstable Dependency","https://github.com/438972218/bladx-boot"
"Unstable Dependency","https://github.com/438972218/interaction-engine"
"Unstable Dependency","https://github.com/43907800/zfile"
"Unstable Dependency","https://github.com/43TH3R/rp-robogame"
"Unstable Dependency","https://github.com/448808614/ToolQ-1"
"Unstable Dependency","https://github.com/449627440/TimeSaving"
"Unstable Dependency","https://github.com/4563599/fw"
"Unstable Dependency","https://github.com/457049726/openjad"
"Unstable Dependency","https://github.com/4639RoboSpartans/2020-Test"
"Unstable Dependency","https://github.com/4639RoboSpartans/2021-Beskar-LimeLight"
"Unstable Dependency","https://github.com/476308241/MVVMFramework"
"Unstable Dependency","https://github.com/483759/Square4Us"
"Unstable Dependency","https://github.com/491134648/UnionIOV"
"Unstable Dependency","https://github.com/4A69616E67/DHat"
"Unstable Dependency","https://github.com/4A69616E67/TransLocationDetection"
"Unstable Dependency","https://github.com/4AL2-B-Lego-R-Baris-M-ISHII/code-fit-api"
"Unstable Dependency","https://github.com/4D1B/Inventory-Management-master"
"Unstable Dependency","https://github.com/4Kaze/PASWebApp"
"Unstable Dependency","https://github.com/4SohyunChoi4/dentist-in-my-hand"
"Unstable Dependency","https://github.com/4TwentySolutions/FourTwenty.IoT.Grow"
"Unstable Dependency","https://github.com/4a7g0018/pixel_game"
"Unstable Dependency","https://github.com/4egod/Bots"
"Unstable Dependency","https://github.com/4iot-dev/ID-SDK"
"Unstable Dependency","https://github.com/4lexDel/Open_world"
"Unstable Dependency","https://github.com/4linjie/Parksystem"
"Unstable Dependency","https://github.com/4nub1s/infoGym"
"Unstable Dependency","https://github.com/4o66/KSP-Mod-Admin"
"Unstable Dependency","https://github.com/4sskick/dicoding_bfaa"
"Unstable Dependency","https://github.com/4uf04eG/android_view_test"
"Unstable Dependency","https://github.com/4uva/SyndicationFeed"
"Unstable Dependency","https://github.com/4wl/XG42"
"Unstable Dependency","https://github.com/4yafes6/C-Sharp-Restaurant-Automation"
"Unstable Dependency","https://github.com/4zaran/ChimpModerator"
"Unstable Dependency","https://github.com/500a5/Belgorod_travel_guide"
"Unstable Dependency","https://github.com/502051565/dragonGame"
"Unstable Dependency","https://github.com/502627670/needle-store"
"Unstable Dependency","https://github.com/503602501/cloudservice"
"Unstable Dependency","https://github.com/503612012/springboot_chowder"
"Unstable Dependency","https://github.com/504479518/Thread-Learning"
"Unstable Dependency","https://github.com/50centsl/cloud-biz-application"
"Unstable Dependency","https://github.com/50centsl/cloud-gateway-application"
"Unstable Dependency","https://github.com/50centsl/cloud-iot-application"
"Unstable Dependency","https://github.com/512439130/Flutter_Plugin_KLine"
"Unstable Dependency","https://github.com/514840279/danyuan-application"
"Unstable Dependency","https://github.com/514840279/danyuan-healthy-report"
"Unstable Dependency","https://github.com/515779838/Yiliao"
"Unstable Dependency","https://github.com/516457377/XFOSD"
"Unstable Dependency","https://github.com/51721198/JavaRoad"
"Unstable Dependency","https://github.com/517435708/TIP"
"Unstable Dependency","https://github.com/51Star/jhipster6-demo"
"Unstable Dependency","https://github.com/520Li/gun"
"Unstable Dependency","https://github.com/520chenqiang/kafka-eagle"
"Unstable Dependency","https://github.com/521-A19/tp2-wiltar-maxaug-tp2"
"Unstable Dependency","https://github.com/522803365/HangfireJob"
"Unstable Dependency","https://github.com/52733011/loan_background"
"Unstable Dependency","https://github.com/527515025/springBoot"
"Unstable Dependency","https://github.com/529106896/HeavyTeam"
"Unstable Dependency","https://github.com/52Jolynn/MyTv"
"Unstable Dependency","https://github.com/52North/GeologicToolbox"
"Unstable Dependency","https://github.com/52North/SWE-Ingestion-Service"
"Unstable Dependency","https://github.com/52North/arcgis-pro-wps-client"
"Unstable Dependency","https://github.com/52North/triturus"
"Unstable Dependency","https://github.com/531524318/Control_experiment"
"Unstable Dependency","https://github.com/5420-Velocity/5420-JAVA-DRIVE-2020"
"Unstable Dependency","https://github.com/544037232/roletask-cloud-platform"
"Unstable Dependency","https://github.com/5490darkbyte/2021Season"
"Unstable Dependency","https://github.com/553474628/Oldwounds"
"Unstable Dependency","https://github.com/578034/Dat110-project3"
"Unstable Dependency","https://github.com/578038/dat110prosjekt3"
"Unstable Dependency","https://github.com/57xiaoyu/Hiot"
"Unstable Dependency","https://github.com/5800LDW/Project_Robot_NanNing"
"Unstable Dependency","https://github.com/5801mvv/gearscreator"
"Unstable Dependency","https://github.com/5801pia/shockabsorb"
"Unstable Dependency","https://github.com/5802cvi/monitor"
"Unstable Dependency","https://github.com/580861/Dat110Oblig3"
"Unstable Dependency","https://github.com/584178942/ztmdm"
"Unstable Dependency","https://github.com/591336/vriottergit"
"Unstable Dependency","https://github.com/594752/Prosjekt-dat100"
"Unstable Dependency","https://github.com/595721657/SMBSJDBC"
"Unstable Dependency","https://github.com/598572/xzll"
"Unstable Dependency","https://github.com/599031/dat100public"
"Unstable Dependency","https://github.com/5GCity/5GCity-SDK"
"Unstable Dependency","https://github.com/5GEVE/5geve-wp3-rc-handler"
"Unstable Dependency","https://github.com/5GZORRO/governance-manager"
"Unstable Dependency","https://github.com/5l1v3r1/LazenLang"
"Unstable Dependency","https://github.com/5ran6/mSkola"
"Unstable Dependency","https://github.com/5up3rN00b/QuizYou"
"Unstable Dependency","https://github.com/5x1fF1xgx1xti0n/Wi-Fi-Sharing"
"Unstable Dependency","https://github.com/5ycrow/jeecg-boot-wyc"
"Unstable Dependency","https://github.com/5zig-reborn/server-api"
"Unstable Dependency","https://github.com/600847/Kortspill"
"Unstable Dependency","https://github.com/600847/KortspillKoding"
"Unstable Dependency","https://github.com/600896/Programmeringsprosjekt"
"Unstable Dependency","https://github.com/602122993/zhai-mall"
"Unstable Dependency","https://github.com/602723113/UvisOS"
"Unstable Dependency","https://github.com/605775776/imooc_mall"
"Unstable Dependency","https://github.com/614AC/INTQ"
"Unstable Dependency","https://github.com/616272776/MyApplicationdfsd"
"Unstable Dependency","https://github.com/616slayer616/closure-stylesheets"
"Unstable Dependency","https://github.com/617218557/ParkinglotServer"
"Unstable Dependency","https://github.com/619Code/Robot2019"
"Unstable Dependency","https://github.com/619Code/Robot2020CommandBased"
"Unstable Dependency","https://github.com/61crossroad/vuejs-springboot-h2"
"Unstable Dependency","https://github.com/623nana/clean-code-with-java"
"Unstable Dependency","https://github.com/63/instagram4j"
"Unstable Dependency","https://github.com/6304062630202/Halloween-Game"
"Unstable Dependency","https://github.com/631700492/springboot_vue"
"Unstable Dependency","https://github.com/6324/xxl-job-admin-postgre"
"Unstable Dependency","https://github.com/634930172/ComponentizationDemo"
"Unstable Dependency","https://github.com/642010742/androidcontact"
"Unstable Dependency","https://github.com/645187919/Stock-APP"
"Unstable Dependency","https://github.com/648256336/hasaget"
"Unstable Dependency","https://github.com/65350611/Fallstudie"
"Unstable Dependency","https://github.com/65487123/Dracc"
"Unstable Dependency","https://github.com/654984799/study1"
"Unstable Dependency","https://github.com/657704095/ruoyi_frame"
"Unstable Dependency","https://github.com/668mt/mt-spring-web"
"Unstable Dependency","https://github.com/670848654/Dilidili"
"Unstable Dependency","https://github.com/670848654/Silisili"
"Unstable Dependency","https://github.com/678601/wm"
"Unstable Dependency","https://github.com/68652667/yapx3"
"Unstable Dependency","https://github.com/6D1996/zz_ijkplayer-master"
"Unstable Dependency","https://github.com/6aRi/FundamentosdeProgamacion-Java"
"Unstable Dependency","https://github.com/6bee/Remote.Linq"
"Unstable Dependency","https://github.com/6bee/aqua-core"
"Unstable Dependency","https://github.com/6d6a/hms-personmgr"
"Unstable Dependency","https://github.com/6d6a/hms-rc-staff"
"Unstable Dependency","https://github.com/6d6a/hms-rc-user"
"Unstable Dependency","https://github.com/6point6/carpo"
"Unstable Dependency","https://github.com/6rui/xxl-job2"
"Unstable Dependency","https://github.com/6westboy9/distributed-file-system"
"Unstable Dependency","https://github.com/6wunderkinder/SolidNavigation"
"Unstable Dependency","https://github.com/7-L/md_blockchain_client"
"Unstable Dependency","https://github.com/700t/TruckManage"
"Unstable Dependency","https://github.com/70Song/Submarine-Song"
"Unstable Dependency","https://github.com/70kg/weibo"
"Unstable Dependency","https://github.com/721806280/healthy-security"
"Unstable Dependency","https://github.com/727021/MCSong"
"Unstable Dependency","https://github.com/72services/jooq-hr"
"Unstable Dependency","https://github.com/72services/vaadin-jooq-demo"
"Unstable Dependency","https://github.com/72worthyTh/Bus-payment"
"Unstable Dependency","https://github.com/730JustGod/ARMuseum"
"Unstable Dependency","https://github.com/742672654/kaiza31"
"Unstable Dependency","https://github.com/742672654/parking2"
"Unstable Dependency","https://github.com/746345/Sistemas-y-tecnologias-web"
"Unstable Dependency","https://github.com/753kg/KOSTA"
"Unstable Dependency","https://github.com/75481-Alvaro-Reartes/ISW2021-Grupo9"
"Unstable Dependency","https://github.com/756915370/LuaRuntimeHotfix"
"Unstable Dependency","https://github.com/760691212/frame-system-java"
"Unstable Dependency","https://github.com/776225930/PlayDemo"
"Unstable Dependency","https://github.com/776903455/forumwebapp"
"Unstable Dependency","https://github.com/777Egor777/emailBase"
"Unstable Dependency","https://github.com/778627421/PanoCamera"
"Unstable Dependency","https://github.com/77ilogin/training"
"Unstable Dependency","https://github.com/780nm/DrawSynth"
"Unstable Dependency","https://github.com/782271752/Ble"
"Unstable Dependency","https://github.com/783144350/fung-basecode"
"Unstable Dependency","https://github.com/784682065/dingyi"
"Unstable Dependency","https://github.com/785160953/spring-jba"
"Unstable Dependency","https://github.com/791180116/Crazy_MVP"
"Unstable Dependency","https://github.com/79121262/apache-tomcat-9.0.16-src"
"Unstable Dependency","https://github.com/793706/together_char"
"Unstable Dependency","https://github.com/7Harish7/Inventory-Management-System-Java-Project-Source-Code"
"Unstable Dependency","https://github.com/7IsEnough/workspace4SpringMVC"
"Unstable Dependency","https://github.com/7OH/test"
"Unstable Dependency","https://github.com/7Septimus7/Fast-Detect"
"Unstable Dependency","https://github.com/7ZAI/wuage"
"Unstable Dependency","https://github.com/7ares/Sofra"
"Unstable Dependency","https://github.com/7aske/rzp-backend"
"Unstable Dependency","https://github.com/7askhatir/Bassma-V3"
"Unstable Dependency","https://github.com/7ddn/Optomechanical-Design"
"Unstable Dependency","https://github.com/7eoAldamas/Proyecto2-Lenguajes-Formales"
"Unstable Dependency","https://github.com/7h3Rabbit/StaticWebEpiserverPlugin"
"Unstable Dependency","https://github.com/7imaZz/Footy"
"Unstable Dependency","https://github.com/7imonn/AbschlussKonzertKadetten"
"Unstable Dependency","https://github.com/7isenko/ScenarioMixPlugin"
"Unstable Dependency","https://github.com/7jxlian7/Projet-CPOA"
"Unstable Dependency","https://github.com/7kusanagi7/music_service_EPAM"
"Unstable Dependency","https://github.com/7lc/LongchangCuis_Tetris"
"Unstable Dependency","https://github.com/7thspartan07/LaZed"
"Unstable Dependency","https://github.com/7yrionLannister/mines-weeper"
"Unstable Dependency","https://github.com/7zism3/QuanLy-ChungCu-backend-gradle"
"Unstable Dependency","https://github.com/7zism3/booking-homestay-backend-clone"
"Unstable Dependency","https://github.com/810230010/techstack-examples"
"Unstable Dependency","https://github.com/810797860/starter"
"Unstable Dependency","https://github.com/812406210/maxwell-ha"
"Unstable Dependency","https://github.com/815-IOT-Platform/iot-cloud-backend"
"Unstable Dependency","https://github.com/815129099/energyServer"
"Unstable Dependency","https://github.com/82253452/comff42"
"Unstable Dependency","https://github.com/823984418/Ray3D"
"Unstable Dependency","https://github.com/824494376/test01"
"Unstable Dependency","https://github.com/834250018/lucene-demo"
"Unstable Dependency","https://github.com/842549829/Easy.Tall.UserCenter"
"Unstable Dependency","https://github.com/852015496/hotting_server"
"Unstable Dependency","https://github.com/869324/4th-year-project"
"Unstable Dependency","https://github.com/875279177/java_-Shadowsocks"
"Unstable Dependency","https://github.com/8793COMPANY/HellOworld_rev"
"Unstable Dependency","https://github.com/8802/8802_ftc_app"
"Unstable Dependency","https://github.com/886Vmedical/vmed"
"Unstable Dependency","https://github.com/8872/RoverRuckus"
"Unstable Dependency","https://github.com/892681347/EduAdminSystem"
"Unstable Dependency","https://github.com/894236285/BGTZ"
"Unstable Dependency","https://github.com/894683184/CloudMusic-Matcher-For-Android"
"Unstable Dependency","https://github.com/89682907/ModularityProject"
"Unstable Dependency","https://github.com/89751355/xxx-job"
"Unstable Dependency","https://github.com/898444038/ppsgmanage"
"Unstable Dependency","https://github.com/89netraM/DigiFlisp"
"Unstable Dependency","https://github.com/89trillion-hehuan/fourth_test"
"Unstable Dependency","https://github.com/89trillion-hehuan/third_test"
"Unstable Dependency","https://github.com/89trillion-songzhiheng/Ranks"
"Unstable Dependency","https://github.com/8Liu/alibaba-cloud-learn"
"Unstable Dependency","https://github.com/8Roxyrox8/DBCase3.0"
"Unstable Dependency","https://github.com/8Seph/Shop-Spring"
"Unstable Dependency","https://github.com/8ar10der/DifferentialPrivacy"
"Unstable Dependency","https://github.com/8fatemeT8/Hpc-Khu-Project"
"Unstable Dependency","https://github.com/8lackbody/talent"
"Unstable Dependency","https://github.com/8nkit/KirayeKa_app"
"Unstable Dependency","https://github.com/90018Team/project-frontend"
"Unstable Dependency","https://github.com/906522290/tetHttps"
"Unstable Dependency","https://github.com/90heum/wincar"
"Unstable Dependency","https://github.com/90rimane/westcost-cars"
"Unstable Dependency","https://github.com/912-BUZAN-DAN-ALEXANDRU/KIS2.0"
"Unstable Dependency","https://github.com/91labs/aritic-android"
"Unstable Dependency","https://github.com/92019494/FijiDiscover"
"Unstable Dependency","https://github.com/920651004/Wanandroid"
"Unstable Dependency","https://github.com/923339832/mvb"
"Unstable Dependency","https://github.com/928649522/deayee-open-chat"
"Unstable Dependency","https://github.com/92liangliang/uucomic"
"Unstable Dependency","https://github.com/932707629/TinMvc"
"Unstable Dependency","https://github.com/936187425/OCR_Andorid_server"
"Unstable Dependency","https://github.com/936187425/compliler"
"Unstable Dependency","https://github.com/93acy/ADProjTeam4Android"
"Unstable Dependency","https://github.com/941911337/fa-management"
"Unstable Dependency","https://github.com/94fzb/simplewebserver"
"Unstable Dependency","https://github.com/94shinshinhy/First_Project"
"Unstable Dependency","https://github.com/954214548/media-Extract"
"Unstable Dependency","https://github.com/955989/LastLiveLeg_OnPremise"
"Unstable Dependency","https://github.com/957kk/my-tanhua_777"
"Unstable Dependency","https://github.com/95hanho/BootChatting"
"Unstable Dependency","https://github.com/9601dani/RevistaItecion1"
"Unstable Dependency","https://github.com/965310001/HuaRunQiHuo"
"Unstable Dependency","https://github.com/965917582/java-learn-projects"
"Unstable Dependency","https://github.com/971215/Sistema_Java_Desktop"
"Unstable Dependency","https://github.com/971237556/NewsReader"
"Unstable Dependency","https://github.com/972784674t/CIMOwebShop"
"Unstable Dependency","https://github.com/978025302/Compilation-System"
"Unstable Dependency","https://github.com/979778901/pet"
"Unstable Dependency","https://github.com/97joseph/ATAT_Robotics"
"Unstable Dependency","https://github.com/97joseph/Java_Graphics"
"Unstable Dependency","https://github.com/985211yyg/hms-ml"
"Unstable Dependency","https://github.com/994914624/sa-sdk-android-push-um"
"Unstable Dependency","https://github.com/998czl/SolutionEFCore"
"Unstable Dependency","https://github.com/999bug/distcp2"
"Unstable Dependency","https://github.com/99dogs/backend-api"
"Unstable Dependency","https://github.com/9CR4/ChunkyPeripherals"
"Unstable Dependency","https://github.com/9Ge/otech-top"
"Unstable Dependency","https://github.com/9Ge/yichun"
"Unstable Dependency","https://github.com/9Nonami/cmd4"
"Unstable Dependency","https://github.com/9WW7XxHy/xpatch"
"Unstable Dependency","https://github.com/9annas/Java-Swing-Battleship"
"Unstable Dependency","https://github.com/9ihyun/src_project"
"Unstable Dependency","https://github.com/9ins/TCPProxy"
"Unstable Dependency","https://github.com/9ins/chaos-dashboard"
"Unstable Dependency","https://github.com/9ins/porta"
"Unstable Dependency","https://github.com/9sanha/Spring99"
"Unstable Dependency","https://github.com/A-Albaez/proyecto-final"
"Unstable Dependency","https://github.com/A-Cubic/zhuae-server"
"Unstable Dependency","https://github.com/A-Djihadi/BE_Graphe"
"Unstable Dependency","https://github.com/A-E-Enterprises/RackDrawingApp"
"Unstable Dependency","https://github.com/A-Fitz/Atari-8bit-Pac-Man-Port"
"Unstable Dependency","https://github.com/A-Fitz/CollegeOrganizer"
"Unstable Dependency","https://github.com/A-Ih/ITMO-Java-homeworks"
"Unstable Dependency","https://github.com/A-Jauch/jammyAndroid"
"Unstable Dependency","https://github.com/A-Julien/SquareGame"
"Unstable Dependency","https://github.com/A-Kle/GameMS"
"Unstable Dependency","https://github.com/A-Nosenko/trainee"
"Unstable Dependency","https://github.com/A-Ortner/Wendy-s_Stable"
"Unstable Dependency","https://github.com/A-Salty-Fish/CSharpHomeWork1-1"
"Unstable Dependency","https://github.com/A-Steeves/SEG2105-TermProject"
"Unstable Dependency","https://github.com/A-Team-Robotics/2020_Robot"
"Unstable Dependency","https://github.com/A-Torrres/Proj-PO-21-22"
"Unstable Dependency","https://github.com/A-ZHANG1/co-multiple-data-source"
"Unstable Dependency","https://github.com/A-portfolio/HuashiApp"
"Unstable Dependency","https://github.com/A-tanaka11/WebSystem2"
"Unstable Dependency","https://github.com/A0720I1-Org/A0720I1-Repository-BE"
"Unstable Dependency","https://github.com/A0720I1-Org/A0720I1-Repository-Cinema-BE"
"Unstable Dependency","https://github.com/A0hdhyz9Z/Aircraft-war"
"Unstable Dependency","https://github.com/A18767101271/ImitateView"
"Unstable Dependency","https://github.com/A1ex2/Terminal_v2"
"Unstable Dependency","https://github.com/A1exG/AccountingPC"
"Unstable Dependency","https://github.com/A1r33s-thewarman/sewa_buddy"
"Unstable Dependency","https://github.com/A24Group/ssGWT-lib"
"Unstable Dependency","https://github.com/A28chauhan/TwilioChatApp"
"Unstable Dependency","https://github.com/A2andil/l9l"
"Unstable Dependency","https://github.com/A2itya/Farmer_Customer"
"Unstable Dependency","https://github.com/A4ABATTERY/year-2-uni"
"Unstable Dependency","https://github.com/A4Vision/estimate-distance"
"Unstable Dependency","https://github.com/A7250AG/Karvis"
"Unstable Dependency","https://github.com/AAAlex-123/Requirements"
"Unstable Dependency","https://github.com/AAAlex-123/SML-compiler-runtime"
"Unstable Dependency","https://github.com/AABGnmd/awsomebook_test"
"Unstable Dependency","https://github.com/AAEA132/ClashRoyal"
"Unstable Dependency","https://github.com/AAFC-BICoE/seqdb-api"
"Unstable Dependency","https://github.com/AAISSJ/SKKUHakyeon"
"Unstable Dependency","https://github.com/AAJAAJ/eclipse-workspace"
"Unstable Dependency","https://github.com/AAMokhtar/Database-engine"
"Unstable Dependency","https://github.com/AASantiago/Micro-FAME"
"Unstable Dependency","https://github.com/AAU-projects/P3-drive-school-logger"
"Unstable Dependency","https://github.com/AAU-projects/P8-API"
"Unstable Dependency","https://github.com/AAUITSPlatform/AAUWebMgmt"
"Unstable Dependency","https://github.com/AAgalakov/2021-03-otus-java-agalakov"
"Unstable Dependency","https://github.com/AAleksanderr/EPAM-Developing-ASP.NET-MVC-Web-Applications"
"Unstable Dependency","https://github.com/AAli77/ATMSimulator"
"Unstable Dependency","https://github.com/AArlauskas/Moodis"
"Unstable Dependency","https://github.com/AAstroPhysiCS/JMinecraft-Multiplayer"
"Unstable Dependency","https://github.com/AAstroPhysiCS/OxyEngine"
"Unstable Dependency","https://github.com/AAstrup/InstantMultiplayer"
"Unstable Dependency","https://github.com/ABC-COVID19/API-registry"
"Unstable Dependency","https://github.com/ABDO-AR/Auto-RDM-V2"
"Unstable Dependency","https://github.com/ABHIRAMSHIBU/jarvisReborn"
"Unstable Dependency","https://github.com/ABHISHARMAV/signal-sarver"
"Unstable Dependency","https://github.com/ABHISHEK-360/InstruoX"
"Unstable Dependency","https://github.com/ABHMughal/ProjectGame"
"Unstable Dependency","https://github.com/ABTSoftware/SciChart.Wpf.Examples"
"Unstable Dependency","https://github.com/ABasral/YoShow"
"Unstable Dependency","https://github.com/ABrunoRaise/centro-backend"
"Unstable Dependency","https://github.com/ABtank/AbStarGame"
"Unstable Dependency","https://github.com/ACBrNet/ACBr.Net.Core"
"Unstable Dependency","https://github.com/ACBrNet/ACBr.Net.DFe.Core"
"Unstable Dependency","https://github.com/ACE-Caedmon/NG-Socket"
"Unstable Dependency","https://github.com/ACEis/BargainsDash"
"Unstable Dependency","https://github.com/ACKREIK/CheesiBEENDeenSOURCE"
"Unstable Dependency","https://github.com/ACMREN/smartBox-video"
"Unstable Dependency","https://github.com/ACRA/acra"
"Unstable Dependency","https://github.com/ACS106129/uml-editor"
"Unstable Dependency","https://github.com/ACSmyth/chess-engine"
"Unstable Dependency","https://github.com/ACTIONB34/JavaG1"
"Unstable Dependency","https://github.com/ACVivant/AvecToi"
"Unstable Dependency","https://github.com/ACVivant/RealEstateManager"
"Unstable Dependency","https://github.com/ACXap/InfoCenter"
"Unstable Dependency","https://github.com/ACrispyCookie/colonybungeecore"
"Unstable Dependency","https://github.com/ACrispyCookie/colonyspigotapi"
"Unstable Dependency","https://github.com/AD-Wu/Pikachu"
"Unstable Dependency","https://github.com/ADE-P-A-W-M/C3_ADE_PROJECT"
"Unstable Dependency","https://github.com/ADG-VIT/Paper-VIT-Android-App"
"Unstable Dependency","https://github.com/ADeCleen/ProjectOGP_FORM-part-1"
"Unstable Dependency","https://github.com/ADebeddes/WYSIWYM_LDS_Service"
"Unstable Dependency","https://github.com/ADebeddes/WYSIWYM_Measures_Service"
"Unstable Dependency","https://github.com/ADebeddes/WYSIWYM_api"
"Unstable Dependency","https://github.com/ADeltaX/AudioFlyout"
"Unstable Dependency","https://github.com/ADeltaX/ProtoBuildBot"
"Unstable Dependency","https://github.com/ADimeo/gameprog-detective-app"
"Unstable Dependency","https://github.com/ADoyenA/UTS_AKB_IF3_10117089"
"Unstable Dependency","https://github.com/ADuckWithAPassion/SavageBosses"
"Unstable Dependency","https://github.com/AEDUARDOF/Jueguito"
"Unstable Dependency","https://github.com/AEFaour/AdoNetLinqSqlServer"
"Unstable Dependency","https://github.com/AEFaour/MVVMVideotheque"
"Unstable Dependency","https://github.com/AELFSTAKING/btc.watchonly"
"Unstable Dependency","https://github.com/AELFSTAKING/eth.watchonly"
"Unstable Dependency","https://github.com/AElfProject/aelf-blockchain"
"Unstable Dependency","https://github.com/AEliu/CS61B-Spring-2020"
"Unstable Dependency","https://github.com/AEvedove/pok"
"Unstable Dependency","https://github.com/AExiaoliou/whogo-backend"
"Unstable Dependency","https://github.com/AFDia/umlet"
"Unstable Dependency","https://github.com/AFIRO/CompSci-Java-Year-1"
"Unstable Dependency","https://github.com/AFMS-Rowan-Software-Projects/Estimation-Tool-Fall-2019"
"Unstable Dependency","https://github.com/AFORP/We-localize"
"Unstable Dependency","https://github.com/AFelkai/BookSwap"
"Unstable Dependency","https://github.com/AFinalStone/AudioRecord"
"Unstable Dependency","https://github.com/AFoGC/FilmsDBC"
"Unstable Dependency","https://github.com/AGBN/PSU1-sem"
"Unstable Dependency","https://github.com/AGC-TRAORE/agc-projet-clinique"
"Unstable Dependency","https://github.com/AGESIC-UY/cliente-java-plataforma-interoperabilidad"
"Unstable Dependency","https://github.com/AGESIC-UY/inscripciones-sorteos"
"Unstable Dependency","https://github.com/AGHG46087/PineWoodDerby"
"Unstable Dependency","https://github.com/AGHSEagleRobotics/frc1388-2020"
"Unstable Dependency","https://github.com/AGorbunovas/SharpnetaiPRIS"
"Unstable Dependency","https://github.com/AHS-FTC/BFR-Ultimate-Goal"
"Unstable Dependency","https://github.com/AHTepsilon/proyecto1SERVER"
"Unstable Dependency","https://github.com/AHartRC/SpecEditor"
"Unstable Dependency","https://github.com/AHeartMan/simple-java"
"Unstable Dependency","https://github.com/AHmims/SimplonLine-Briefs-2eme"
"Unstable Dependency","https://github.com/AIBrain/Librainian"
"Unstable Dependency","https://github.com/AIBrainAISchool/AI-Body-Trainer-android"
"Unstable Dependency","https://github.com/AICP/packages_apps_LockClock"
"Unstable Dependency","https://github.com/AIDEmeProject/JavaMiddleware"
"Unstable Dependency","https://github.com/AIGLEDa/jeux01"
"Unstable Dependency","https://github.com/AIMROM/packages_apps_AimWizard"
"Unstable Dependency","https://github.com/AIPaaS/service-sdk-ccs"
"Unstable Dependency","https://github.com/AIR-FOI-HR/AIR2007"
"Unstable Dependency","https://github.com/AIValkyries/AssetBundleUpdate"
"Unstable Dependency","https://github.com/AIqbal1/Mockito"
"Unstable Dependency","https://github.com/AJPerriello/RaspberryPi"
"Unstable Dependency","https://github.com/AJPutland/carbio"
"Unstable Dependency","https://github.com/AJacobs94/LiftoffRMAV"
"Unstable Dependency","https://github.com/AK-74M89/CertificateRegistry2"
"Unstable Dependency","https://github.com/AK-MxT/user-management"
"Unstable Dependency","https://github.com/AKA-Ecliptic/Cinephile"
"Unstable Dependency","https://github.com/AKAaayush/BetterBuy-Application"
"Unstable Dependency","https://github.com/AKSW/Cetus"
"Unstable Dependency","https://github.com/AKSW/IDOL"
"Unstable Dependency","https://github.com/AKSW/SmartDataWebKG"
"Unstable Dependency","https://github.com/AKZ123/FirstAPI"
"Unstable Dependency","https://github.com/AKaporov/2021-03-otus-spring-akaporov"
"Unstable Dependency","https://github.com/AKermanov/AuthorsAPI"
"Unstable Dependency","https://github.com/AKincel18/HeterogeneousFleetVRP"
"Unstable Dependency","https://github.com/AKincel18/NBAStatistics"
"Unstable Dependency","https://github.com/AKruimink/WinReform"
"Unstable Dependency","https://github.com/AKruimink/WindowResizer"
"Unstable Dependency","https://github.com/AKuznetsov/russianmorphology"
"Unstable Dependency","https://github.com/ALEXGREENCH/jimm-0.4.3-mod"
"Unstable Dependency","https://github.com/ALIOTH-DEV-SPACE/packages_apps_Matlog"
"Unstable Dependency","https://github.com/ALLABERX/IQ-TEST"
"Unstable Dependency","https://github.com/ALLFATHERDEV/NorseCraft"
"Unstable Dependency","https://github.com/ALLISWELL-REPO/Welcome"
"Unstable Dependency","https://github.com/ALMikhai/CCompiler"
"Unstable Dependency","https://github.com/ALMikhai/GeolocationProcessing"
"Unstable Dependency","https://github.com/ALXScript/CSCI-191T-Mobile-Dev-Project"
"Unstable Dependency","https://github.com/ALabrada/FakeChmCreator"
"Unstable Dependency","https://github.com/ALabrada/Neuronic.CollectionModel"
"Unstable Dependency","https://github.com/ALapaque/My-planning-BACKEND"
"Unstable Dependency","https://github.com/ALazyDogXD/netty-analysis-spring-boot-starter"
"Unstable Dependency","https://github.com/ALinCheung/CustomApp"
"Unstable Dependency","https://github.com/AMCCore/AMC.Core"
"Unstable Dependency","https://github.com/AMD031/comisariaORM_"
"Unstable Dependency","https://github.com/AMD031/proyectoAndroid"
"Unstable Dependency","https://github.com/AMKolte123/Career_Guaidance_System"
"Unstable Dependency","https://github.com/AMPDevelopment/Kaida"
"Unstable Dependency","https://github.com/AMPnet/trade-serivce"
"Unstable Dependency","https://github.com/AMR-21/UniversityLibrarySytem"
"Unstable Dependency","https://github.com/AMReamer/Under-Fire"
"Unstable Dependency","https://github.com/AMazouni/MusicLibraryFX"
"Unstable Dependency","https://github.com/AN-Jung-Chan/Trip-Diary---detail-page"
"Unstable Dependency","https://github.com/ANDERSONTECHWERKS/SpaceshipGame"
"Unstable Dependency","https://github.com/ANDYDEARING/ChessAPI"
"Unstable Dependency","https://github.com/ANILKU401/apigee-x-maven-deploy"
"Unstable Dependency","https://github.com/ANJINAYULU/pub-pet"
"Unstable Dependency","https://github.com/ANRCorleone/2D-Detective-Game"
"Unstable Dependency","https://github.com/ANTAEGYU/Ntok"
"Unstable Dependency","https://github.com/ANewAnonymous/uniAppModule"
"Unstable Dependency","https://github.com/ANgajasinghe/EmployeeManagementSystem"
"Unstable Dependency","https://github.com/AOCAWOL/Caves-and-Critters"
"Unstable Dependency","https://github.com/AODocs/endpoints-authenticators"
"Unstable Dependency","https://github.com/AOF96/SENG302"
"Unstable Dependency","https://github.com/AONE-Y/IM_VIDEO"
"Unstable Dependency","https://github.com/AOS-Miracle/BuildScreen"
"Unstable Dependency","https://github.com/AOSP-Realme-X2/platfrom_packages_apps_SettingsIntelligence"
"Unstable Dependency","https://github.com/AOSPA/android_vendor_codeaurora_commonsys_telephony"
"Unstable Dependency","https://github.com/AOSPK/kraken-sdk"
"Unstable Dependency","https://github.com/AOSPK/packages_apps_Car_Settings"
"Unstable Dependency","https://github.com/AOSPK/packages_apps_KrakenParts"
"Unstable Dependency","https://github.com/AOSPK/packages_apps_TvSettings"
"Unstable Dependency","https://github.com/AOSiP/platform_packages_apps_DeskClock"
"Unstable Dependency","https://github.com/AOT-DEP-BADI/ChromeLauncher"
"Unstable Dependency","https://github.com/AP-Atul/mangatain"
"Unstable Dependency","https://github.com/AP-Atul/music_player_lite"
"Unstable Dependency","https://github.com/AP-IT-GH/game-development-project-2020-2021-vanhorickanthony"
"Unstable Dependency","https://github.com/AP-IT-GH/rocket-assignment-part-1-TibeauDegraeve"
"Unstable Dependency","https://github.com/AP11001111/RollSpelGrupp6"
"Unstable Dependency","https://github.com/APErebus/ptv-timetable-api"
"Unstable Dependency","https://github.com/API-FATEC/API_3sem_2021-01"
"Unstable Dependency","https://github.com/API4KBs/kmdp-artifact-repository"
"Unstable Dependency","https://github.com/API4KBs/kmdp-standard-models-impl"
"Unstable Dependency","https://github.com/APNIC-net/rdap-conformance"
"Unstable Dependency","https://github.com/APNIC-net/rdap-ingressd"
"Unstable Dependency","https://github.com/APNIC-net/rdapd"
"Unstable Dependency","https://github.com/APP-Efforts/-APP"
"Unstable Dependency","https://github.com/APRStudy/FixIngredient"
"Unstable Dependency","https://github.com/APTSquad/aptracker-server"
"Unstable Dependency","https://github.com/APUGames/Diversion"
"Unstable Dependency","https://github.com/APUGames/The-Missing-One-Game"
"Unstable Dependency","https://github.com/APayerl/HomeAssistantWS"
"Unstable Dependency","https://github.com/APerkX/Fenix"
"Unstable Dependency","https://github.com/APhan1337/TryClubs"
"Unstable Dependency","https://github.com/AR2100/CS2340_DungeonCrawler"
"Unstable Dependency","https://github.com/ARA-Trans/iAM"
"Unstable Dependency","https://github.com/ARA-Trans/iAM-legacy"
"Unstable Dependency","https://github.com/ARETI481992/MyWeatherAPI"
"Unstable Dependency","https://github.com/ARIT0/MealPlanner"
"Unstable Dependency","https://github.com/ARKAGEDON/ChanFighting"
"Unstable Dependency","https://github.com/ARMmbed/secure-device-access-proxy"
"Unstable Dependency","https://github.com/ART-Students/Covid-statistics-app"
"Unstable Dependency","https://github.com/ART4S/WebFeatures"
"Unstable Dependency","https://github.com/ARace863/EpicItems-Source"
"Unstable Dependency","https://github.com/ARajamani80/ForgeSampleApp"
"Unstable Dependency","https://github.com/ARchery-Development/SecondNormalProject"
"Unstable Dependency","https://github.com/ARicardo97/minitwitter"
"Unstable Dependency","https://github.com/AS-Java/Payment-Module"
"Unstable Dependency","https://github.com/AS-Light/takephoto"
"Unstable Dependency","https://github.com/ASD-GmbH/P-PLUS_DM7_Integration"
"Unstable Dependency","https://github.com/ASETLOrganization/LabDeliverables"
"Unstable Dependency","https://github.com/ASF-Framework/ASF"
"Unstable Dependency","https://github.com/ASIMWELA/sellit"
"Unstable Dependency","https://github.com/ASKAlexAndr/dotNetExam"
"Unstable Dependency","https://github.com/ASKYI/-staff-time"
"Unstable Dependency","https://github.com/ASL-Robotics/Competition-FRC-2020"
"Unstable Dependency","https://github.com/ASTeterin/DutyChart"
"Unstable Dependency","https://github.com/ASUBEDI0722/springprojects"
"Unstable Dependency","https://github.com/ASVECode/C-Sharp-OOP-October-2018-SoftUni"
"Unstable Dependency","https://github.com/ASVO962/PROYECTO-FINAL-IIIP"
"Unstable Dependency","https://github.com/ASak1104/DARI_proto"
"Unstable Dependency","https://github.com/ASangarin/MonHun"
"Unstable Dependency","https://github.com/ASfirst/RepeatWords2"
"Unstable Dependency","https://github.com/AShunevych/FinObserver"
"Unstable Dependency","https://github.com/ASnailman/VirtualRobotJava"
"Unstable Dependency","https://github.com/AStoupin/cassiope-supplier"
"Unstable Dependency","https://github.com/ATGardner/OfflineMapFileGenerator"
"Unstable Dependency","https://github.com/ATSJP/kaca-search"
"Unstable Dependency","https://github.com/ATSP5/SecretsManager"
"Unstable Dependency","https://github.com/ATai2/ppxbi"
"Unstable Dependency","https://github.com/AThraen/Ascend19.MarketPlaceLab"
"Unstable Dependency","https://github.com/ATryder/TEdit"
"Unstable Dependency","https://github.com/AUTOMATIC1111/Radiology"
"Unstable Dependency","https://github.com/AUTOMATIC1111/StartupImpact"
"Unstable Dependency","https://github.com/AUTOMATIC1111/TraderShips"
"Unstable Dependency","https://github.com/AV2606/TravelingBallGame"
"Unstable Dependency","https://github.com/AVBLANCO/JavaWebSmart"
"Unstable Dependency","https://github.com/AWhiteSheep/MenuFact"
"Unstable Dependency","https://github.com/AWieclawski/raw.hibernate.mysql"
"Unstable Dependency","https://github.com/AWildHuskyAppeard/studiehubproj"
"Unstable Dependency","https://github.com/AWinterFox/Spades"
"Unstable Dependency","https://github.com/AWmeister546/knockout"
"Unstable Dependency","https://github.com/AXOOM/Templates.WebService"
"Unstable Dependency","https://github.com/AYCHCOM/ShopizerSearch"
"Unstable Dependency","https://github.com/AYCHGIT/aex.xmr"
"Unstable Dependency","https://github.com/AZKJ201918/noopsyche"
"Unstable Dependency","https://github.com/AZaborov/TelegramWeatherBot"
"Unstable Dependency","https://github.com/AZasibna/LogScience"
"Unstable Dependency","https://github.com/Aabah94/SonarQube"
"Unstable Dependency","https://github.com/Aabah94/poc-micro"
"Unstable Dependency","https://github.com/AadeshGujjar/Book_My_Trekker_App"
"Unstable Dependency","https://github.com/AakashBitspilani/Course-Record-v2.0"
"Unstable Dependency","https://github.com/AakashPradeep/cloudfs"
"Unstable Dependency","https://github.com/Aalk4308/Words"
"Unstable Dependency","https://github.com/Aalzate95/Paipayales-Acuicultura-ESPOL-V2.0"
"Unstable Dependency","https://github.com/Aalzate95/misEstructurasDeDatos"
"Unstable Dependency","https://github.com/AamerHarata/LaserTag"
"Unstable Dependency","https://github.com/AanFurqan/ThriftUniverse-MobileApp"
"Unstable Dependency","https://github.com/Aandreba/Hoi4ModTool"
"Unstable Dependency","https://github.com/Aandreba/Hoi4Modding"
"Unstable Dependency","https://github.com/Aandreba/JML"
"Unstable Dependency","https://github.com/Aandreba/Matxt"
"Unstable Dependency","https://github.com/Aangbaeck/RocketLaunch"
"Unstable Dependency","https://github.com/AantCoder/OnlineCity"
"Unstable Dependency","https://github.com/Aantique/muzi"
"Unstable Dependency","https://github.com/Aaquib111/Infinite_Recharge_2020"
"Unstable Dependency","https://github.com/Aarif123456/mCP-ABE_API"
"Unstable Dependency","https://github.com/Aariv/ecommerce-microservice"
"Unstable Dependency","https://github.com/Aaron-Sauter/Mcreator"
"Unstable Dependency","https://github.com/AaronCore/EL"
"Unstable Dependency","https://github.com/AaronFang123/FpsDetector"
"Unstable Dependency","https://github.com/AaronFrans/Vip_Service_Rudy"
"Unstable Dependency","https://github.com/AaronGitshub/MonkeyFinder"
"Unstable Dependency","https://github.com/AaronGorlitz/c-code-28"
"Unstable Dependency","https://github.com/AaronGorlitz/c-code-282"
"Unstable Dependency","https://github.com/AaronHezq/lock"
"Unstable Dependency","https://github.com/AaronHuange/gidder-fork"
"Unstable Dependency","https://github.com/AaronLi/Gourmet-Bats"
"Unstable Dependency","https://github.com/AaronMadison29/RouteWay"
"Unstable Dependency","https://github.com/AaronMk44/CopperAE"
"Unstable Dependency","https://github.com/AaronMk44/CopperDE"
"Unstable Dependency","https://github.com/AaronMk44/CopperSE"
"Unstable Dependency","https://github.com/AaronPiUC/xxl-job4oracle"
"Unstable Dependency","https://github.com/AaronVDang/Recall2020"
"Unstable Dependency","https://github.com/Aaronmacaron/MultiSweeper"
"Unstable Dependency","https://github.com/Aaronontheweb/InMemoryCQRSReplication"
"Unstable Dependency","https://github.com/Aaryatech/BMS_App"
"Unstable Dependency","https://github.com/Aaryatech/DutyApp"
"Unstable Dependency","https://github.com/Aaryatech/Gate_Sale_Monginis"
"Unstable Dependency","https://github.com/Aaryatech/HREasy"
"Unstable Dependency","https://github.com/Aaryatech/Monginis_Communication"
"Unstable Dependency","https://github.com/Aaryatech/SamarthaJuiceApp"
"Unstable Dependency","https://github.com/Aashay221999/GABS"
"Unstable Dependency","https://github.com/Aashish84/JAVA-WEBapp-ecom"
"Unstable Dependency","https://github.com/Aashishkebab/Sorting-Simulator"
"Unstable Dependency","https://github.com/AathiKrishna21/FC-App"
"Unstable Dependency","https://github.com/AathmanT/SL-Cricket"
"Unstable Dependency","https://github.com/Aatish13/AugmentedBook"
"Unstable Dependency","https://github.com/AatmikJain/MemberDirectory"
"Unstable Dependency","https://github.com/AatroxBot/Rich.Demo"
"Unstable Dependency","https://github.com/AayushMallya/SYSC-3303"
"Unstable Dependency","https://github.com/Aayushi1202/ScrumStatus"
"Unstable Dependency","https://github.com/AayushiM/Learnfromblogs"
"Unstable Dependency","https://github.com/Aazarus/SevnaBitcoinWalletSimple"
"Unstable Dependency","https://github.com/AbanobYoussef/AForum"
"Unstable Dependency","https://github.com/AbbTek/framework"
"Unstable Dependency","https://github.com/AbbasHabib/HR-System-RestAPI"
"Unstable Dependency","https://github.com/Abbe98/ksamsok"
"Unstable Dependency","https://github.com/Abbreviation-g/hello-rcp"
"Unstable Dependency","https://github.com/Abbyyuan01/SWEN90007-Online-Blog"
"Unstable Dependency","https://github.com/Abc-Arbitrage/Zebus"
"Unstable Dependency","https://github.com/Abc-Arbitrage/Zebus.MessageDsl"
"Unstable Dependency","https://github.com/AbdElwahabZayed/EasyTripPlanner"
"Unstable Dependency","https://github.com/AbdMala/Raytracing"
"Unstable Dependency","https://github.com/AbdalazizAbdallah/Tawseelat"
"Unstable Dependency","https://github.com/AbdallahAyman/Yugioh"
"Unstable Dependency","https://github.com/AbdallahRahal/Deal-Eat"
"Unstable Dependency","https://github.com/AbdellahRsmouki/AudioManagingModule"
"Unstable Dependency","https://github.com/AbdellahZiad/JHipster_SpringBoot_Angular"
"Unstable Dependency","https://github.com/AbdelrahmanSalem9/Fruit-Ninja-Game"
"Unstable Dependency","https://github.com/Abdelrhman-Elgebaly/CardioClinic-Mangment-System"
"Unstable Dependency","https://github.com/Abdelrhman-Mahmoud96/OtakuUnivers"
"Unstable Dependency","https://github.com/AbderrahimLach/mLib"
"Unstable Dependency","https://github.com/AbderrazakEldouqe/laGed-backend-springBoot"
"Unstable Dependency","https://github.com/Abdesol/YoChat"
"Unstable Dependency","https://github.com/AbdiN7/LMSWeek2Project"
"Unstable Dependency","https://github.com/Abdoronic/OMRY"
"Unstable Dependency","https://github.com/Abdqadr1/TODO_App"
"Unstable Dependency","https://github.com/AbdulAleemSiddiqui/LogisticApp"
"Unstable Dependency","https://github.com/AbdulArif/RegLoginApp"
"Unstable Dependency","https://github.com/AbdulBasit074/helpinghandscoology"
"Unstable Dependency","https://github.com/AbdulSaqib01/COMP123-S2019-Assignment5B-301004138"
"Unstable Dependency","https://github.com/Abdulaziz-Hassan/the-conqueror"
"Unstable Dependency","https://github.com/AbdulazizNafea/Student_Services"
"Unstable Dependency","https://github.com/Abdullah-563014/All_Newspapers_Jobs_Sports"
"Unstable Dependency","https://github.com/Abdullah-563014/CashReward"
"Unstable Dependency","https://github.com/Abdullah-563014/MafaTv"
"Unstable Dependency","https://github.com/Abdullah21818/CSCB07Project"
"Unstable Dependency","https://github.com/AbdullahIshtiaq/MyChatApp_ChatMe"
"Unstable Dependency","https://github.com/AbdullahJisat/University-Management-System-asp.net-core"
"Unstable Dependency","https://github.com/AbdullahRasheed/RPG-BackAPI"
"Unstable Dependency","https://github.com/AbdullahTaher93/lasFormulas"
"Unstable Dependency","https://github.com/Abdullahos/critter"
"Unstable Dependency","https://github.com/Abdullayev999/WpfBookShopApp-"
"Unstable Dependency","https://github.com/AbdulrahmanAli19/ArousElSham"
"Unstable Dependency","https://github.com/AbdulrahmanAli19/Black"
"Unstable Dependency","https://github.com/Abdulzy/ProgrammingDesignParadigm"
"Unstable Dependency","https://github.com/AbdurRahimRatulAliKhan/eShopLegacyNTier"
"Unstable Dependency","https://github.com/AbdurRahimRatulAliKhan/eShopModernizedNTier"
"Unstable Dependency","https://github.com/AbdurRahmanG/GPJhajjarAppByAaMGaLI"
"Unstable Dependency","https://github.com/Abdykarov/spring-boot-eshop"
"Unstable Dependency","https://github.com/Abealkindy/JsoupWebScrap"
"Unstable Dependency","https://github.com/AbedinTelaku/KOSALBDISCOVERY"
"Unstable Dependency","https://github.com/AbeelLab/genometools"
"Unstable Dependency","https://github.com/Abel-Huang/server-template"
"Unstable Dependency","https://github.com/Abel3581/reserva-hotel"
"Unstable Dependency","https://github.com/Abelnich/Cardtastic-Card-Game"
"Unstable Dependency","https://github.com/Abhai2016/DeadShock"
"Unstable Dependency","https://github.com/AbhangRushi/PagreObjectModel"
"Unstable Dependency","https://github.com/AbhaySingh5349/SocialNetworkingApp"
"Unstable Dependency","https://github.com/Abhaykulshrestha13/MRF_CHN"
"Unstable Dependency","https://github.com/AbhiArora1998/AssignmentsBoyz"
"Unstable Dependency","https://github.com/AbhiJay-K/LocADoc_App"
"Unstable Dependency","https://github.com/AbhiShake1/FireBirdMailClient"
"Unstable Dependency","https://github.com/AbhiZatch/SpringLearningMain"
"Unstable Dependency","https://github.com/Abhibudavi/LibraryBooks"
"Unstable Dependency","https://github.com/Abhijit-MSFT/TaskManagement"
"Unstable Dependency","https://github.com/Abhijit400/onlinegroceryshop"
"Unstable Dependency","https://github.com/AbhilashPaul/TravelExperts-AndroidApp"
"Unstable Dependency","https://github.com/AbhinandanPadhi/MDP_Image_Recognition"
"Unstable Dependency","https://github.com/AbhinavOmprakash/simulatedlibrary"
"Unstable Dependency","https://github.com/Abhisek2090/TMDB-Embibe"
"Unstable Dependency","https://github.com/Abhishek-Chathumal/DemoInterface1"
"Unstable Dependency","https://github.com/Abhishek-cdac/android_PlayDate"
"Unstable Dependency","https://github.com/Abhishek2081/Coursera-Projects"
"Unstable Dependency","https://github.com/Abhishek352/ITAC"
"Unstable Dependency","https://github.com/Abhishek45876/Taskecommerce"
"Unstable Dependency","https://github.com/Abhishek765/Rental_app"
"Unstable Dependency","https://github.com/AbhishekDC/AmigoWallet"
"Unstable Dependency","https://github.com/AbhishekSinhaPracticalProgramming/CA_LMS"
"Unstable Dependency","https://github.com/AbhishekYadav03/AttenTrack"
"Unstable Dependency","https://github.com/Abhishekds94/Bakers-Bowl"
"Unstable Dependency","https://github.com/Abhishekhm777/Note_app2"
"Unstable Dependency","https://github.com/Abilash-IT20132682/OurGroceries"
"Unstable Dependency","https://github.com/Abingcbc/MLab-Csharp"
"Unstable Dependency","https://github.com/Abir-IA/Clustering-GA"
"Unstable Dependency","https://github.com/AbitGo/Page"
"Unstable Dependency","https://github.com/AbitGo/mybatis_csdn"
"Unstable Dependency","https://github.com/AbleLynn/AIalgorithm"
"Unstable Dependency","https://github.com/Abledenthusiast/heracross"
"Unstable Dependency","https://github.com/AbnHL-24/IPC1-B_2021_Proyecto-Final_201730191"
"Unstable Dependency","https://github.com/AboPlus/SpringProfessional"
"Unstable Dependency","https://github.com/AboPlus/seata-at"
"Unstable Dependency","https://github.com/AboPlus/seata-tcc"
"Unstable Dependency","https://github.com/AbolfazlSafari06/FuSoft_InterShip_Weblog"
"Unstable Dependency","https://github.com/Abooow/PixelEngine"
"Unstable Dependency","https://github.com/Abosammir/Abosamir"
"Unstable Dependency","https://github.com/Abosammir/Abosssamir"
"Unstable Dependency","https://github.com/Abosammir/Nora_s2a"
"Unstable Dependency","https://github.com/Abosammir/mohamed"
"Unstable Dependency","https://github.com/AboubacarTH/Assurance"
"Unstable Dependency","https://github.com/Abouelyatim/ShopsServicesProximity_Backend"
"Unstable Dependency","https://github.com/AboutFace1/spring-boot-social-network"
"Unstable Dependency","https://github.com/Abraaosouzapaixao/Trabalho_Multas"
"Unstable Dependency","https://github.com/Abraham2908/LojaVirtual"
"Unstable Dependency","https://github.com/Abraham776/Ventas-BaseDatos-ReproductorMusica"
"Unstable Dependency","https://github.com/AbrahamCaiJin/CommonUtilLibrary"
"Unstable Dependency","https://github.com/AbrahamCardenes/ListThings"
"Unstable Dependency","https://github.com/AbrahamEzMn/Ejemplo-ProtocolBuffers"
"Unstable Dependency","https://github.com/Abrh1m/shopping_app"
"Unstable Dependency","https://github.com/AbstractMenus/configurate"
"Unstable Dependency","https://github.com/AbuDawood/National-Address-APIs"
"Unstable Dependency","https://github.com/AbuDeCoder/jhipster-schoolPlatform-application"
"Unstable Dependency","https://github.com/AbuMandour/MvvmWhite"
"Unstable Dependency","https://github.com/Abudo-S/TraduttoreSN_wncalculus"
"Unstable Dependency","https://github.com/Abuu001/messaging-system"
"Unstable Dependency","https://github.com/AbyssOfMisery/GAME3030"
"Unstable Dependency","https://github.com/AbyssalSire/gerencia-de-configuracoes"
"Unstable Dependency","https://github.com/AbyxBelgium/Loyalty"
"Unstable Dependency","https://github.com/AcaciaMan/acacia-log"
"Unstable Dependency","https://github.com/AcadiaSoft/simm-lib"
"Unstable Dependency","https://github.com/Acc3ssViolation/VehicleEffects"
"Unstable Dependency","https://github.com/AcceNoi/accenbot"
"Unstable Dependency","https://github.com/AcceNoi/dmzjbot"
"Unstable Dependency","https://github.com/Accelerider/BaiduPanDownloadWinform"
"Unstable Dependency","https://github.com/Accept008/lab-spring-security-sso-auth-server"
"Unstable Dependency","https://github.com/Acci192/AoC2019"
"Unstable Dependency","https://github.com/AccordLMS/DNNGamification"
"Unstable Dependency","https://github.com/Ace-Lin/KTV"
"Unstable Dependency","https://github.com/Ace8Underscore/CousinWare"
"Unstable Dependency","https://github.com/Ace8Underscore/CousinWare1.12.2Updated"
"Unstable Dependency","https://github.com/AceMouty/java-safesampleeemps"
"Unstable Dependency","https://github.com/AceVanCleef/tictactoeFX"
"Unstable Dependency","https://github.com/AceVinicius/car-repair-shop"
"Unstable Dependency","https://github.com/AceWallenstein/MoLi"
"Unstable Dependency","https://github.com/Aceba1/TTQMM-Nuterra-Block-Injector-Library"
"Unstable Dependency","https://github.com/Acelyy/BusinessCard"
"Unstable Dependency","https://github.com/Acemad/alphaNEAT"
"Unstable Dependency","https://github.com/Achaaab/Bragi"
"Unstable Dependency","https://github.com/Achaaab/editeur-graphe"
"Unstable Dependency","https://github.com/AchalaM/ExpenseManager"
"Unstable Dependency","https://github.com/AchekSlime/TaskTracker-desktop"
"Unstable Dependency","https://github.com/Achess01/proyectoFinalLenguajes"
"Unstable Dependency","https://github.com/AchilleMonod/uberEatBack"
"Unstable Dependency","https://github.com/AchillesMacarini/Sinop.Anime"
"Unstable Dependency","https://github.com/Achka/eduPortal"
"Unstable Dependency","https://github.com/AchmadZayadi/theBrams"
"Unstable Dependency","https://github.com/AchrefTrabelsi/MouseMan"
"Unstable Dependency","https://github.com/Achrefothmeni/debi-pi-desktop"
"Unstable Dependency","https://github.com/Achreko/Ambulance-Services"
"Unstable Dependency","https://github.com/Acidburn0zzz/atlassian-amps"
"Unstable Dependency","https://github.com/Acidmanic/PactDoc"
"Unstable Dependency","https://github.com/Acidmanic/pactbroker-server"
"Unstable Dependency","https://github.com/Acivev/osu-Droid-1"
"Unstable Dependency","https://github.com/Ackara/Diffa"
"Unstable Dependency","https://github.com/Ackara/Scafman"
"Unstable Dependency","https://github.com/AckeeCZ/TextInputLayout"
"Unstable Dependency","https://github.com/AcmeProject/WildernessTp"
"Unstable Dependency","https://github.com/AcolyteVerd/vCampus"
"Unstable Dependency","https://github.com/AconCavy/Cybatica"
"Unstable Dependency","https://github.com/AcquaWh/leapmotion-audio-visualizer"
"Unstable Dependency","https://github.com/AcroniTeam/AcroniGame"
"Unstable Dependency","https://github.com/ActiveForums/ActiveForums"
"Unstable Dependency","https://github.com/Activiti/Activiti"
"Unstable Dependency","https://github.com/Ada-develop/AI-Bot-Form"
"Unstable Dependency","https://github.com/AdaCore/Ada-IntelliJ"
"Unstable Dependency","https://github.com/Adam-Schildkraut/MineQuest"
"Unstable Dependency","https://github.com/AdamBarada/HouseOfMoviesAPI-SpringBoot"
"Unstable Dependency","https://github.com/AdamCaviness/AssemblyNinja"
"Unstable Dependency","https://github.com/AdamCaviness/ODataAddRelatedObject"
"Unstable Dependency","https://github.com/AdamDTak2112/cs3200"
"Unstable Dependency","https://github.com/AdamDoyle97/ehealthrecordsgmit"
"Unstable Dependency","https://github.com/AdamEcoTest/EcoCollect"
"Unstable Dependency","https://github.com/AdamKlekowski/data-frame"
"Unstable Dependency","https://github.com/AdamMGardner/cellPAINT2D"
"Unstable Dependency","https://github.com/AdamMachado/controle-de-vendas-github"
"Unstable Dependency","https://github.com/AdamRight/TeaTool"
"Unstable Dependency","https://github.com/AdamSkrodzkii/Baza_danych"
"Unstable Dependency","https://github.com/AdamSobieski/Logic"
"Unstable Dependency","https://github.com/AdamWhiteside/TieBreaker"
"Unstable Dependency","https://github.com/AdamZWinter/Anticoin"
"Unstable Dependency","https://github.com/Adamant-im/adamant-android"
"Unstable Dependency","https://github.com/Adamaq01/ozao-net"
"Unstable Dependency","https://github.com/AdamariMosqueda/P01.-Mosqueda-Espinoza-Adamari-Antonia-EventosTec"
"Unstable Dependency","https://github.com/Adambots-245/Adambots2020"
"Unstable Dependency","https://github.com/AdamerGitHub/Multiplayer-Project3"
"Unstable Dependency","https://github.com/Adamoc14/COMP41720"
"Unstable Dependency","https://github.com/Adampatryk/attendance-tracking-app"
"Unstable Dependency","https://github.com/AdamsLair/duality"
"Unstable Dependency","https://github.com/AdamsLair/farseerduality"
"Unstable Dependency","https://github.com/AdamsLair/nvorbis"
"Unstable Dependency","https://github.com/AdamsLair/treeviewadv"
"Unstable Dependency","https://github.com/AdamsLair/winforms"
"Unstable Dependency","https://github.com/Adamuswro/BOM-comparator-fakeData"
"Unstable Dependency","https://github.com/Adanlink/Funat_Server"
"Unstable Dependency","https://github.com/AdaptiveConsulting/ReactiveTrader"
"Unstable Dependency","https://github.com/AdarHevdeli/Fit-Hit-Project"
"Unstable Dependency","https://github.com/Adarsh-K/Plants-v-s-Zombies"
"Unstable Dependency","https://github.com/AdarshRevankar/Exposure-Fusion"
"Unstable Dependency","https://github.com/AdarshShetty50/AutomatedLogin"
"Unstable Dependency","https://github.com/Adastr4/profiglass"
"Unstable Dependency","https://github.com/AddictedCS/soundfingerprinting.duplicatesdetector"
"Unstable Dependency","https://github.com/AddinX/AddinX.Ribbon"
"Unstable Dependency","https://github.com/AddioElectronics/LotteryNumbersExtractor"
"Unstable Dependency","https://github.com/AddstarMC/BungeeChat"
"Unstable Dependency","https://github.com/AddstarMC/WhatIs"
"Unstable Dependency","https://github.com/AdeelAnsariProjects/FlyAwayProject"
"Unstable Dependency","https://github.com/AdeelTariq/TheMoviesApp"
"Unstable Dependency","https://github.com/AdelinFilimon/Chess-Rating-System"
"Unstable Dependency","https://github.com/AdelinaBabici/madison-practice"
"Unstable Dependency","https://github.com/Ademolacode/AndroidRemoteControlPC"
"Unstable Dependency","https://github.com/Ademolacode/AndroidRemoteControlPC-Client"
"Unstable Dependency","https://github.com/Adenholm/koworkers"
"Unstable Dependency","https://github.com/Adero210/PAII"
"Unstable Dependency","https://github.com/Adexandria/EmployeeApi"
"Unstable Dependency","https://github.com/Adexandria/EmployeePayrollApi"
"Unstable Dependency","https://github.com/Adexandria/MusicPlatform"
"Unstable Dependency","https://github.com/Adexandria/SportsDemo"
"Unstable Dependency","https://github.com/Adexandria/StudentDatabase"
"Unstable Dependency","https://github.com/Adexandria/TriviaApi"
"Unstable Dependency","https://github.com/Adgnascor/RestAPIFriendFinder"
"Unstable Dependency","https://github.com/Adham1272/loooooooooool"
"Unstable Dependency","https://github.com/AdhimBagas/CoronaTrackerApps"
"Unstable Dependency","https://github.com/Adhunikr13/Csharp-Projects"
"Unstable Dependency","https://github.com/Adiiigo/TradeRecommedationOrcale"
"Unstable Dependency","https://github.com/AdikNKL17/TranslateAW"
"Unstable Dependency","https://github.com/AdinGRT/umg-parksys"
"Unstable Dependency","https://github.com/Adipem-Duo/trocas"
"Unstable Dependency","https://github.com/AdityaGupta1/jimgus-mod"
"Unstable Dependency","https://github.com/AdityaRajputRana/Sangharsh-Android"
"Unstable Dependency","https://github.com/AdityaRawat96/MSCC-Sharjah-Android"
"Unstable Dependency","https://github.com/AdityaSChandra/java4android"
"Unstable Dependency","https://github.com/AdlerLima/Comandas"
"Unstable Dependency","https://github.com/AdminAnticaptcha/anticaptcha-java"
"Unstable Dependency","https://github.com/Admiraculix/QB.Interview.Task"
"Unstable Dependency","https://github.com/AdmiralMurtho/Lernkartenapp"
"Unstable Dependency","https://github.com/AdmondGuo/Flume-Custom"
"Unstable Dependency","https://github.com/Adn1217/Ciclo2"
"Unstable Dependency","https://github.com/AdnanIT/eTeatar"
"Unstable Dependency","https://github.com/AdnaneEz-zaim/Application-Client-android"
"Unstable Dependency","https://github.com/AdnaneEz-zaim/Application-Vendeur-android"
"Unstable Dependency","https://github.com/AdobeProject/backV2"
"Unstable Dependency","https://github.com/Adona12/cinev"
"Unstable Dependency","https://github.com/AdoniasAlcantara/esamu-app"
"Unstable Dependency","https://github.com/Adonis0923/transmission-propagation-delay-simulator"
"Unstable Dependency","https://github.com/AdoptOpenJDK/jitwatch"
"Unstable Dependency","https://github.com/AdoptOpenJDK/mjprof"
"Unstable Dependency","https://github.com/AdoreJE/egovStudy"
"Unstable Dependency","https://github.com/AdoreZL/awesome"
"Unstable Dependency","https://github.com/AdorianM/Patrulatere"
"Unstable Dependency","https://github.com/AdorkableDog/yulu001-JD-master"
"Unstable Dependency","https://github.com/Adowya/SupSMS"
"Unstable Dependency","https://github.com/AdrTowers/GraduationDay"
"Unstable Dependency","https://github.com/Adri-gpu/Paulinote"
"Unstable Dependency","https://github.com/AdriaanPeetermans/Machiavelli"
"Unstable Dependency","https://github.com/Adrian-Piwin/VimJam"
"Unstable Dependency","https://github.com/Adrian10988/SimpleMapper"
"Unstable Dependency","https://github.com/Adrian1608/Para-Sonar"
"Unstable Dependency","https://github.com/Adrian72112/rosco_infinity"
"Unstable Dependency","https://github.com/AdrianD97/Emergency-Room-Simulator"
"Unstable Dependency","https://github.com/AdrianDonato/RecordNest"
"Unstable Dependency","https://github.com/AdrianHettler/mass_groundstation_v2"
"Unstable Dependency","https://github.com/AdrianIstrate8/eCommerceApp.API"
"Unstable Dependency","https://github.com/AdrianLZD/SuperMarioBrosInJava"
"Unstable Dependency","https://github.com/AdrianNachev91/hierarchy"
"Unstable Dependency","https://github.com/AdrianPaulCarrieres/pictrade"
"Unstable Dependency","https://github.com/AdrianRomanski/recipes-reactive-api"
"Unstable Dependency","https://github.com/AdrianSad/Recipe-app"
"Unstable Dependency","https://github.com/AdrianSaizdePedro/Disseny-de-Software-2020-2021"
"Unstable Dependency","https://github.com/AdrianSaueressig/DiscordBot"
"Unstable Dependency","https://github.com/AdrianStrugala/AvroConvert"
"Unstable Dependency","https://github.com/AdrianVarelaG/Cfdi-model"
"Unstable Dependency","https://github.com/AdrianaMota/BlueApron"
"Unstable Dependency","https://github.com/AdrianaTorres/Epilepsy_Doctor"
"Unstable Dependency","https://github.com/AdrianaTorres/Epilepsy_Patient"
"Unstable Dependency","https://github.com/Adrianht/RobinYoHood"
"Unstable Dependency","https://github.com/Adriano-Severino/CatalogoDeProduto.App.Mobile"
"Unstable Dependency","https://github.com/AdrienVaret/BenzenoidApplicationReleases"
"Unstable Dependency","https://github.com/AdrienVigne/TPCOO_SystemeHybrid"
"Unstable Dependency","https://github.com/AdrienWeyl/onSoccupeApi"
"Unstable Dependency","https://github.com/AdriendeDecker/projet_ae"
"Unstable Dependency","https://github.com/Adrish-ASProg/Multi-LauncherV2"
"Unstable Dependency","https://github.com/Adroan/SimuladorTrafego"
"Unstable Dependency","https://github.com/Adson-C/aplic-modelagem-conceitual_spring-boot-ionic"
"Unstable Dependency","https://github.com/AdstonOliveira/ModuloAuditoria"
"Unstable Dependency","https://github.com/Advanced-Programming-2021/project-team-01"
"Unstable Dependency","https://github.com/Advanced-Programming-2021/project-team-02"
"Unstable Dependency","https://github.com/Advanced-Programming-2021/project-team-04"
"Unstable Dependency","https://github.com/Advanced-Programming-2021/project-team-05"
"Unstable Dependency","https://github.com/Advanced-Programming-2021/project-team-06"
"Unstable Dependency","https://github.com/Advanced-Programming-2021/project-team-08"
"Unstable Dependency","https://github.com/Advanced-Programming-2021/project-team-09"
"Unstable Dependency","https://github.com/Advanced-Programming-2021/project-team-10"
"Unstable Dependency","https://github.com/Advanced-Programming-2021/project-team-11"
"Unstable Dependency","https://github.com/Advanced-Programming-2021/project-team-13"
"Unstable Dependency","https://github.com/Advanced-Programming-2021/project-team-14"
"Unstable Dependency","https://github.com/Advanced-Programming-2021/project-team-15"
"Unstable Dependency","https://github.com/Advanced-Programming-2021/project-team-16"
"Unstable Dependency","https://github.com/Advanced-Programming-2021/project-team-18"
"Unstable Dependency","https://github.com/Advanced-Programming-2021/project-team-20"
"Unstable Dependency","https://github.com/Advanced-Programming-2021/project-team-21"
"Unstable Dependency","https://github.com/Advanced-Programming-2021/project-team-22"
"Unstable Dependency","https://github.com/Advanced-Programming-2021/project-team-23"
"Unstable Dependency","https://github.com/Advanced-Programming-2021/project-team-24"
"Unstable Dependency","https://github.com/Advanced-Programming-2021/project-team-25"
"Unstable Dependency","https://github.com/Advanced-Programming-2021/project-team-26"
"Unstable Dependency","https://github.com/Advanced-Programming-2021/project-team-28"
"Unstable Dependency","https://github.com/Advanced-Programming-2021/project-team-29"
"Unstable Dependency","https://github.com/Advanced-Programming-2021/project-team-30"
"Unstable Dependency","https://github.com/Advanced-Programming-2021/project-team-31"
"Unstable Dependency","https://github.com/Advanced-Programming-2021/project-team-32"
"Unstable Dependency","https://github.com/Advanced-Programming-2021/project-team-33"
"Unstable Dependency","https://github.com/Advanced-Programming-2021/project-team-34"
"Unstable Dependency","https://github.com/Advanced-Programming-2021/project-team-35"
"Unstable Dependency","https://github.com/Advanced-Programming-2021/project-team-36"
"Unstable Dependency","https://github.com/Advanced-Programming-2021/project-team-37"
"Unstable Dependency","https://github.com/Advanced-Programming-2021/project-team-38"
"Unstable Dependency","https://github.com/Advanced-Programming-2021/project-team-40"
"Unstable Dependency","https://github.com/Advanced-Programming-2021/project-team-42"
"Unstable Dependency","https://github.com/Advanced-Programming-2021/project-team-43"
"Unstable Dependency","https://github.com/Advanced-Programming-2021/project-team-44"
"Unstable Dependency","https://github.com/Advanced-Programming-2021/project-team-45"
"Unstable Dependency","https://github.com/Advanced-Programming-2021/project-team-47"
"Unstable Dependency","https://github.com/Advanced-Programming-2021/project-team-48"
"Unstable Dependency","https://github.com/Advanced-Programming-2021/project-team-51"
"Unstable Dependency","https://github.com/Advanced-Programming-2021/project-team-52"
"Unstable Dependency","https://github.com/Advanced-Programming-2021/project-team-55"
"Unstable Dependency","https://github.com/Advanced-Programming-2021/project-team-56"
"Unstable Dependency","https://github.com/Advanced-Programming-2021/project-team-58"
"Unstable Dependency","https://github.com/Advanced-Programming-2021/project-team-59"
"Unstable Dependency","https://github.com/Advanced-Programming-2021/project-team-6"
"Unstable Dependency","https://github.com/Advanced-Programming-2021/project-team-60"
"Unstable Dependency","https://github.com/Advanced-Programming-2021/project-team-61"
"Unstable Dependency","https://github.com/Advanced-Programming-2021/project-team-63"
"Unstable Dependency","https://github.com/Advanced-Programming-2021/project-team-7"
"Unstable Dependency","https://github.com/Advanced-Programming-2021/project_Team_19"
"Unstable Dependency","https://github.com/Advanced-Programming-2021/project_team_17"
"Unstable Dependency","https://github.com/AdvancedAntiSkid/MyFirstAntiCheat"
"Unstable Dependency","https://github.com/AdvancerMan/todd"
"Unstable Dependency","https://github.com/Adventure-Hdc/myTomcat"
"Unstable Dependency","https://github.com/Advoni/MCreator1"
"Unstable Dependency","https://github.com/Adyen/adyen-mirakl"
"Unstable Dependency","https://github.com/AdyoOrg/adyo-android"
"Unstable Dependency","https://github.com/AecioDev/Doce-Control"
"Unstable Dependency","https://github.com/Aedificantes/Calculateur-de-sol"
"Unstable Dependency","https://github.com/Aedificatores8581/ultimate-goal"
"Unstable Dependency","https://github.com/AerYue/GizWifiSDK"
"Unstable Dependency","https://github.com/AereNaim/Project-Manager"
"Unstable Dependency","https://github.com/AerisG222/SizePhotos"
"Unstable Dependency","https://github.com/AeroLink/AeroLink-source"
"Unstable Dependency","https://github.com/AeroOneq/AeroViewer"
"Unstable Dependency","https://github.com/AeroOneq/SDWP"
"Unstable Dependency","https://github.com/Aerodlyn/Orionis"
"Unstable Dependency","https://github.com/Aeroluna/NoodleExtensions"
"Unstable Dependency","https://github.com/Aeroman2021/Maktab59_Hw"
"Unstable Dependency","https://github.com/AeroplaneMouse/P4-Code"
"Unstable Dependency","https://github.com/AerreRomania/Sinotico"
"Unstable Dependency","https://github.com/AerreRomania/Tablets"
"Unstable Dependency","https://github.com/Aery9527/misty"
"Unstable Dependency","https://github.com/AeternusSamurai/frequencymusicplayer"
"Unstable Dependency","https://github.com/Aetf/PSXDownloaderHelper"
"Unstable Dependency","https://github.com/AetheriaMC/Aetheria-Core-ARCHIVE"
"Unstable Dependency","https://github.com/Aethesin/trocencheres"
"Unstable Dependency","https://github.com/Aevestus/7zNetLib"
"Unstable Dependency","https://github.com/Afaiik/UTN-ProgramacionIII"
"Unstable Dependency","https://github.com/Afaiik/eCommerceApi"
"Unstable Dependency","https://github.com/AfaqAnwar/HS-Java-Projects"
"Unstable Dependency","https://github.com/AfekSurdo/Android-project"
"Unstable Dependency","https://github.com/Affiliazione/VAS"
"Unstable Dependency","https://github.com/Afigue-cba/SanEmeterioC"
"Unstable Dependency","https://github.com/AfkBranta/Cosmos-1.0.0-Src"
"Unstable Dependency","https://github.com/AfnanMousa/Circus-Of-Plates-Project"
"Unstable Dependency","https://github.com/AfonsoSeguro/Gerador_Fractal"
"Unstable Dependency","https://github.com/Afsarud/StockManagement"
"Unstable Dependency","https://github.com/Aftnet/MangaScrapeLib"
"Unstable Dependency","https://github.com/Aftnet/OTPManager"
"Unstable Dependency","https://github.com/Aftonlife/ZMessager"
"Unstable Dependency","https://github.com/Afukaiduko/bridgeapp"
"Unstable Dependency","https://github.com/AfuroZamurai/InformatiCup_Leibniz-7"
"Unstable Dependency","https://github.com/AfvanMoopen/Survival-Shooter-Game"
"Unstable Dependency","https://github.com/AgID/espd-builder"
"Unstable Dependency","https://github.com/Aga-Gava/AgavaCOVID"
"Unstable Dependency","https://github.com/AgaMac11/jhipsterapp"
"Unstable Dependency","https://github.com/AgafonovTimur/Zombi-Killer-demo"
"Unstable Dependency","https://github.com/Agatha886/HotelFazendaApp"
"Unstable Dependency","https://github.com/Agauntt/The_Iron_Bank"
"Unstable Dependency","https://github.com/AgenciaVehiculo/CarSoft"
"Unstable Dependency","https://github.com/Agent215/Balance-Game"
"Unstable Dependency","https://github.com/AgentBlackout/DisCore"
"Unstable Dependency","https://github.com/AgentFabulous/android_flutter_updater"
"Unstable Dependency","https://github.com/AgentMC/power8"
"Unstable Dependency","https://github.com/AgentSanchez/SeriousVote"
"Unstable Dependency","https://github.com/Aggelowe/minebit-server-manager"
"Unstable Dependency","https://github.com/Aggrathon/EyewitnessApp"
"Unstable Dependency","https://github.com/AggyDep/WatchList_.NetWebSolutions"
"Unstable Dependency","https://github.com/Aghajari/AXAnimation"
"Unstable Dependency","https://github.com/Aghajari/AXMemojiView"
"Unstable Dependency","https://github.com/Aghajari/InspectElement"
"Unstable Dependency","https://github.com/Aghajari/PseudoCode"
"Unstable Dependency","https://github.com/AghiadOdeh/SocialWebsite"
"Unstable Dependency","https://github.com/Agil13/ide-2019"
"Unstable Dependency","https://github.com/AgileBitFlipper/triominos"
"Unstable Dependency","https://github.com/AgileKip/myAppAgilekipCommunity"
"Unstable Dependency","https://github.com/AgilistITOpenHack/202006-Vodafone-DevOps-2.0-DryRun"
"Unstable Dependency","https://github.com/Agnael/Sero"
"Unstable Dependency","https://github.com/Agnes-Nyahoro/Hub-Scanner"
"Unstable Dependency","https://github.com/Agnesxxw/CS61b_sp18"
"Unstable Dependency","https://github.com/AgoRapide/AgoRapide"
"Unstable Dependency","https://github.com/Agonizedcupid/Cake-VPN"
"Unstable Dependency","https://github.com/Agonizedcupid/LOAN_USER"
"Unstable Dependency","https://github.com/Agonizedcupid/LoanUser"
"Unstable Dependency","https://github.com/AgoraAcademy/Agora_E-go"
"Unstable Dependency","https://github.com/AgoraIO-Usecase/AgoraLive"
"Unstable Dependency","https://github.com/AgoraIO-Usecase/AgoraVoice"
"Unstable Dependency","https://github.com/AgoraIO-Usecase/High-Quality-Audio"
"Unstable Dependency","https://github.com/AgostonAttila/udemy-building-app-asp-angular-scratch"
"Unstable Dependency","https://github.com/AgostonAttila/udemy-dotnet-microservices"
"Unstable Dependency","https://github.com/AgrimonApp/AgrimonApp"
"Unstable Dependency","https://github.com/AgroDesu/meme-market"
"Unstable Dependency","https://github.com/AgtLucas/f1mane"
"Unstable Dependency","https://github.com/Agueliethun/bogoai"
"Unstable Dependency","https://github.com/Aguilarjaf/Pep8-LC3"
"Unstable Dependency","https://github.com/AgungP88/mbkm-exam-crud"
"Unstable Dependency","https://github.com/AgungPramono/swing-covid19"
"Unstable Dependency","https://github.com/AgungSahrulBahri/unity-zombie-FPS-Multiplayer"
"Unstable Dependency","https://github.com/AgungSahrulBahri/unity-zombie-FPS-single-player"
"Unstable Dependency","https://github.com/AgungWicaksonoPutro/rest-api-zero-waste"
"Unstable Dependency","https://github.com/Agupnik/bondarenko-client-side-automation"
"Unstable Dependency","https://github.com/Aguppesce/JAVA.Egg"
"Unstable Dependency","https://github.com/Agus-git/Naves-Finales"
"Unstable Dependency","https://github.com/AgusSubaktiar/Pemograman-Game"
"Unstable Dependency","https://github.com/AgustQZ/ProyectoEquipo2Grupo44"
"Unstable Dependency","https://github.com/AgustQZ/tiendaEquipo2Grupo44"
"Unstable Dependency","https://github.com/AgustinArroyos/ProyectoFInal"
"Unstable Dependency","https://github.com/AgustinBaezRep/PetShopBackEnd"
"Unstable Dependency","https://github.com/AgustinNormand/SDyPP_TPI"
"Unstable Dependency","https://github.com/AgustinPereira25/EntregaBaseDeDatos3"
"Unstable Dependency","https://github.com/AgustinPereira25/FishingConflictsGame"
"Unstable Dependency","https://github.com/Agzam4/Lights-Balls"
"Unstable Dependency","https://github.com/Ahallal91/WDT-A2"
"Unstable Dependency","https://github.com/Ahassnat/PublishingProjects"
"Unstable Dependency","https://github.com/AherRahul/Advance-Dating-App"
"Unstable Dependency","https://github.com/Aheuf/Projet_eni_enchere"
"Unstable Dependency","https://github.com/Ahmad-Abdou/semester_app"
"Unstable Dependency","https://github.com/Ahmad-Alaziz/AdvertAPI"
"Unstable Dependency","https://github.com/Ahmad-Noor/MPP"
"Unstable Dependency","https://github.com/Ahmad-Salem/Ma7latCom"
"Unstable Dependency","https://github.com/Ahmad45123/game_project"
"Unstable Dependency","https://github.com/AhmadAyaad/carParts"
"Unstable Dependency","https://github.com/AhmadIrfanAmin/detectpose"
"Unstable Dependency","https://github.com/AhmadMRashid/MoviesApp-stage2"
"Unstable Dependency","https://github.com/AhmadMarei/ZwajApp"
"Unstable Dependency","https://github.com/AhmadMeghani/Photo_Gallery"
"Unstable Dependency","https://github.com/AhmadShaheer28/kocFleet"
"Unstable Dependency","https://github.com/AhmadYasien/AhmadYasien"
"Unstable Dependency","https://github.com/AhmadYusufUlumuddin/android-tugas-akir"
"Unstable Dependency","https://github.com/AhmadYusufUlumuddin/tugas-akhir"
"Unstable Dependency","https://github.com/Ahmed-Bauomy/DotnetDeveloperExercise-Freeze-blog"
"Unstable Dependency","https://github.com/Ahmed-Karoui/Backend-PI"
"Unstable Dependency","https://github.com/Ahmed-Mumi/GssZenicaApp"
"Unstable Dependency","https://github.com/Ahmed-Mumi/NamadAPI"
"Unstable Dependency","https://github.com/Ahmed-Nashwan/appointment-android-app"
"Unstable Dependency","https://github.com/Ahmed-Saber-25/SafeWay-TripsProject"
"Unstable Dependency","https://github.com/Ahmed-Sarmoum/pfeProject"
"Unstable Dependency","https://github.com/Ahmed-plusplus/Good_Point"
"Unstable Dependency","https://github.com/Ahmed15486/Employees"
"Unstable Dependency","https://github.com/Ahmed17Hamdy/IttezanPos"
"Unstable Dependency","https://github.com/Ahmed17Hamdy/WaselDriver-master"
"Unstable Dependency","https://github.com/Ahmed199810/CS-Computer-Shop-Maintenance-Manager"
"Unstable Dependency","https://github.com/Ahmed199810/SocialApp"
"Unstable Dependency","https://github.com/Ahmed23Adel/to_buy"
"Unstable Dependency","https://github.com/AhmedAbdElwasaa/Hajj-Pointers"
"Unstable Dependency","https://github.com/AhmedAbdouz/RescueSimulation_Game"
"Unstable Dependency","https://github.com/AhmedAdelGadElkareeem/Four1Property"
"Unstable Dependency","https://github.com/AhmedAge/ManageLiveSessionWeb"
"Unstable Dependency","https://github.com/AhmedAttia3/ijk"
"Unstable Dependency","https://github.com/AhmedElsayedAhmed/MovieApi"
"Unstable Dependency","https://github.com/AhmedElshair/Ahmed"
"Unstable Dependency","https://github.com/AhmedEmbaby1998/Zyaraty"
"Unstable Dependency","https://github.com/AhmedEssoubai/ChessAndroid"
"Unstable Dependency","https://github.com/AhmedGamal1496/UBCx-Software-Construction-edX"
"Unstable Dependency","https://github.com/AhmedGamal710/OS-Algorithms"
"Unstable Dependency","https://github.com/AhmedHamdadaELhadad/Hibernate_coursea"
"Unstable Dependency","https://github.com/AhmedKaram2/Mubser"
"Unstable Dependency","https://github.com/AhmedMHassaan/CandleApp"
"Unstable Dependency","https://github.com/AhmedMagdyHendawy/Dragon-Ball-Game"
"Unstable Dependency","https://github.com/AhmedMamdouhh/Rabe7"
"Unstable Dependency","https://github.com/AhmedMansour9/shamaa"
"Unstable Dependency","https://github.com/AhmedMohamedAbdelmohsen/DigiSebha"
"Unstable Dependency","https://github.com/AhmedMohamedAteya/TheKey"
"Unstable Dependency","https://github.com/AhmedMourad0/TheBakery"
"Unstable Dependency","https://github.com/AhmedNabih/CPUSchedulersSimulator"
"Unstable Dependency","https://github.com/AhmedNasserG/The-Conqueror"
"Unstable Dependency","https://github.com/AhmedPaysky/vpos_SDK_android_Moamalat"
"Unstable Dependency","https://github.com/AhmedReda22/Bikya"
"Unstable Dependency","https://github.com/AhmedZaki918/MovieApp-Full-Version"
"Unstable Dependency","https://github.com/AhmetBasar/Greed"
"Unstable Dependency","https://github.com/AhmetEminSaglik/Library_first_automation"
"Unstable Dependency","https://github.com/AhmetEminSaglik/Phone_Server_Project"
"Unstable Dependency","https://github.com/AhmetErciyas/SistemERP-main"
"Unstable Dependency","https://github.com/AhmetFurkanDEMIR/OpenCV-for-Android"
"Unstable Dependency","https://github.com/Ahndaegeun/LLAProject"
"Unstable Dependency","https://github.com/Ahnjihyeon/MovieMove"
"Unstable Dependency","https://github.com/Ahren-Li/AndroidNativeDebug"
"Unstable Dependency","https://github.com/AhrimFakhriy/CMS-JavaFX"
"Unstable Dependency","https://github.com/Ahror/CustomCareConverter"
"Unstable Dependency","https://github.com/Ahror/SampleEcommerce"
"Unstable Dependency","https://github.com/Ahsan-dev/Blood-Donation-App"
"Unstable Dependency","https://github.com/Ahsan-dev/jotno_alt"
"Unstable Dependency","https://github.com/Ahssan18/SketchPainting"
"Unstable Dependency","https://github.com/Ahwajkafabi/Aplikasi_Pencatatan_Data_Limbah-KerjaPraktek_UNPAM_01-04-2021"
"Unstable Dependency","https://github.com/AhxanFarooq/BusReservationSystem"
"Unstable Dependency","https://github.com/AiNgocThuy/QL_KTX"
"Unstable Dependency","https://github.com/AiRrRock/spring-web-app-2"
"Unstable Dependency","https://github.com/AiaAmin/blog_face"
"Unstable Dependency","https://github.com/AidanDuffy/BUMETMSSD"
"Unstable Dependency","https://github.com/AidanMaraschiello/The-Bugs-Bunny-Game-"
"Unstable Dependency","https://github.com/Aidana999/InventoryApp-master"
"Unstable Dependency","https://github.com/AidanofVT/Goliad"
"Unstable Dependency","https://github.com/AidarSyrdybaev/Deadline9"
"Unstable Dependency","https://github.com/Aidenat9/nfCardTest"
"Unstable Dependency","https://github.com/AidinYazdi/LWJGLGameEngine"
"Unstable Dependency","https://github.com/AidosKuneen/aidos-node"
"Unstable Dependency","https://github.com/Aigerim-Nurgazy/AwardsMON"
"Unstable Dependency","https://github.com/AigerimBazarbayeva/inactivity-tracking-app"
"Unstable Dependency","https://github.com/AigioL/xamarin-bindings"
"Unstable Dependency","https://github.com/AiiDeHua/NEU_INFO6205"
"Unstable Dependency","https://github.com/Aiigerim/-hessFor4Player"
"Unstable Dependency","https://github.com/Aiksandr/coub"
"Unstable Dependency","https://github.com/AilsaGirl/Android_ShanYang"
"Unstable Dependency","https://github.com/AilsaLT/MQTTChatTest"
"Unstable Dependency","https://github.com/AilsaLT/SecondhandDemo"
"Unstable Dependency","https://github.com/AiltonJose/rederconsignado"
"Unstable Dependency","https://github.com/AiltonPiresJunior/barbeariaPires"
"Unstable Dependency","https://github.com/Ailurophile-shelly/Angel"
"Unstable Dependency","https://github.com/Aimaak/TP-Xamarin"
"Unstable Dependency","https://github.com/AimeMurenzi/bgame"
"Unstable Dependency","https://github.com/Aimeast/FxSsh"
"Unstable Dependency","https://github.com/AimoYang/jingshuiqi"
"Unstable Dependency","https://github.com/AimoYang/phonecard"
"Unstable Dependency","https://github.com/Ainiall/CPM-Casino"
"Unstable Dependency","https://github.com/Aiosa/JCAppStoreParser"
"Unstable Dependency","https://github.com/Air433/fate-cloud"
"Unstable Dependency","https://github.com/AirKuma/AirProject"
"Unstable Dependency","https://github.com/AirYoukai/an-ze-xian"
"Unstable Dependency","https://github.com/AirenMerkel/Schiffeversenken-Schule"
"Unstable Dependency","https://github.com/AirpayAutomationQA/Airpay_Appium"
"Unstable Dependency","https://github.com/Airry666/TestGeeSdk"
"Unstable Dependency","https://github.com/Aisdissanayaka/Project-MEDUZA"
"Unstable Dependency","https://github.com/Aishasunztech/Secure-VPN"
"Unstable Dependency","https://github.com/Aishasunztech/screenlocker"
"Unstable Dependency","https://github.com/AishwaryaDeshpande/UpgradBackendRepository"
"Unstable Dependency","https://github.com/AishwaryaaP/pseudonerds"
"Unstable Dependency","https://github.com/AisleAware/Mother.Web"
"Unstable Dependency","https://github.com/AisllanD/DSC_2021_Labs"
"Unstable Dependency","https://github.com/Aitalas/Breadcrumbs492"
"Unstable Dependency","https://github.com/Aitem2012/Next-Bus"
"Unstable Dependency","https://github.com/Aitor-SP/FightingFurry"
"Unstable Dependency","https://github.com/AiunCode/MultFile"
"Unstable Dependency","https://github.com/AiursoftWeb/Kahla"
"Unstable Dependency","https://github.com/AiursoftWeb/Pylon"
"Unstable Dependency","https://github.com/AivarasPet/BudgetSaverApp"
"Unstable Dependency","https://github.com/AixNPanes/genealogy"
"Unstable Dependency","https://github.com/Aixile/Etupirka"
"Unstable Dependency","https://github.com/Ajay095/Arumugam_Ajay_002197780_Assignment_5"
"Unstable Dependency","https://github.com/Ajay1729/Consultation-"
"Unstable Dependency","https://github.com/AjayVenkatesh2026/Online-Exam-App"
"Unstable Dependency","https://github.com/AjayaRai/microphone_analysis"
"Unstable Dependency","https://github.com/Ajaygupta1993/Shopme"
"Unstable Dependency","https://github.com/Ajaygupta1993/bookwebsite"
"Unstable Dependency","https://github.com/Ajaylal7/Cric11Repo"
"Unstable Dependency","https://github.com/Ajayrajan7/parking"
"Unstable Dependency","https://github.com/Ajaysinh1290/College-Management-System-In-Java"
"Unstable Dependency","https://github.com/Ajiharan/Hospital_managenent_system"
"Unstable Dependency","https://github.com/Ajinkyadata/Coursera_java_for_android"
"Unstable Dependency","https://github.com/Ajit-G/spring_project"
"Unstable Dependency","https://github.com/AjithKumarvm/radioplayer"
"Unstable Dependency","https://github.com/AjitkumarMaurya/CountryCodePickerProject"
"Unstable Dependency","https://github.com/Ajou-ButterKnife/TalentHouse_App"
"Unstable Dependency","https://github.com/AjudeMais/ajudeMais-android"
"Unstable Dependency","https://github.com/AjudeMais/ajudeMais-ws"
"Unstable Dependency","https://github.com/AkFaisal/DrugGuard"
"Unstable Dependency","https://github.com/AkaSiran/ct-storage-back"
"Unstable Dependency","https://github.com/Akabane-Kun0/file"
"Unstable Dependency","https://github.com/Akaion/Bleak"
"Unstable Dependency","https://github.com/Akali1320/Aplicaciones-web-orientadas-a-servicios"
"Unstable Dependency","https://github.com/Akamagami/SoftwareEntwurf"
"Unstable Dependency","https://github.com/Akame1802/Snakes_and_Ladders"
"Unstable Dependency","https://github.com/Akanerd/Java-Aplikasi-Pengajuan-Proker"
"Unstable Dependency","https://github.com/AkankshaAnyOneHome/AutomationBDDFreamwork_CRM"
"Unstable Dependency","https://github.com/Akarin-project/Minecraft"
"Unstable Dependency","https://github.com/Akas7h/Hybrid_Selenium_utils"
"Unstable Dependency","https://github.com/Akash-Bhimani/INFO6205_Assign_3"
"Unstable Dependency","https://github.com/AkashHadge/Hcl-Supplier-Finance"
"Unstable Dependency","https://github.com/AkashHadge/Hcl-supplier-finance-deploy"
"Unstable Dependency","https://github.com/Akazolantin/Michel_le_petit_jeu_java"
"Unstable Dependency","https://github.com/Akazolantin/Projet_site_info_HEI4"
"Unstable Dependency","https://github.com/Akenland/CoRE"
"Unstable Dependency","https://github.com/Akenland/Warpstones"
"Unstable Dependency","https://github.com/AkhilGandhi1999/Medicine-Reminder-App"
"Unstable Dependency","https://github.com/AkhilMenon007/LoginAPI"
"Unstable Dependency","https://github.com/Akhileshpraza/LyondryAppAndroid"
"Unstable Dependency","https://github.com/Akhileshpraza/LyondryDeleiveryApp-Android-"
"Unstable Dependency","https://github.com/Akhlys/Furry-Crossposter"
"Unstable Dependency","https://github.com/Aki0326/Garffiti"
"Unstable Dependency","https://github.com/Akif-jpg/UfoGame"
"Unstable Dependency","https://github.com/AkifAydin/bai2_pm2"
"Unstable Dependency","https://github.com/Akila-Sandakelum/AdVid_Android"
"Unstable Dependency","https://github.com/AkilanHashmicro/HRM-APP"
"Unstable Dependency","https://github.com/Akileshgit/GroceryVendor"
"Unstable Dependency","https://github.com/AkilovM/GamedevWeekends2019"
"Unstable Dependency","https://github.com/Akim386/SummaryTask4"
"Unstable Dependency","https://github.com/Akimmax/TimeOffTracker"
"Unstable Dependency","https://github.com/AkinoKiritani/JAO-PI"
"Unstable Dependency","https://github.com/Akiranya/MewEconomy"
"Unstable Dependency","https://github.com/Akiranya/MoeCore"
"Unstable Dependency","https://github.com/Akiranya/MoeUtils"
"Unstable Dependency","https://github.com/Akiranya/TownyPortal"
"Unstable Dependency","https://github.com/AkithaIdd/GuiTest"
"Unstable Dependency","https://github.com/Akitorg/akiAtolDriver"
"Unstable Dependency","https://github.com/AkiyamaSatoshi/MCV"
"Unstable Dependency","https://github.com/Akmanos/Class-Projects"
"Unstable Dependency","https://github.com/Akriti-05/Blue"
"Unstable Dependency","https://github.com/Akshaj12/WebShop"
"Unstable Dependency","https://github.com/Akshansh-singh123/Youtube-API"
"Unstable Dependency","https://github.com/AkshatTukn/Music-Player--Music-Crawler"
"Unstable Dependency","https://github.com/AkshatTukn/TWITTER-SOCIAL-PLATFORM-"
"Unstable Dependency","https://github.com/AkshatTukn/WIKIPEDIA-FETCHER-API"
"Unstable Dependency","https://github.com/Akshatha94/Assignment_Chama"
"Unstable Dependency","https://github.com/Akshay2015M/TEST"
"Unstable Dependency","https://github.com/Akshay342/Transport_app"
"Unstable Dependency","https://github.com/AksineD/MaterialSkin-1"
"Unstable Dependency","https://github.com/Aktyn/AsystentGlosowy"
"Unstable Dependency","https://github.com/AkumaWalker/AW"
"Unstable Dependency","https://github.com/Akuseru3/P1"
"Unstable Dependency","https://github.com/Akusuma05/MovieDB_0706012010026"
"Unstable Dependency","https://github.com/Akvel/spring-xml-to-java-converter"
"Unstable Dependency","https://github.com/Akvelon2014/YAppiDays"
"Unstable Dependency","https://github.com/Al12rs/IniManagerProject"
"Unstable Dependency","https://github.com/AlBi-HHU/YoshikoStandalone"
"Unstable Dependency","https://github.com/AlBundy33/JaNeLa"
"Unstable Dependency","https://github.com/AlDvo/aftSelenium"
"Unstable Dependency","https://github.com/AlFasGD/GDAPI"
"Unstable Dependency","https://github.com/AlShakib/Tide"
"Unstable Dependency","https://github.com/AlSidorenko/bank-ee"
"Unstable Dependency","https://github.com/Alaa-Yasser/Sketch-Builder-UI"
"Unstable Dependency","https://github.com/Alaa0504/whattodrink_HB"
"Unstable Dependency","https://github.com/Alalaf/ParkyAPI"
"Unstable Dependency","https://github.com/Alam-Ashraf/XamarinForms3Feature"
"Unstable Dependency","https://github.com/Alamao2015/STS_AAA"
"Unstable Dependency","https://github.com/Alan-Barreto-Batista/BdLingues-Api"
"Unstable Dependency","https://github.com/Alan-Gomes/mcspring-boot"
"Unstable Dependency","https://github.com/Alan-Lq/Android-Development"
"Unstable Dependency","https://github.com/Alan-Walter/ImageUpscaling"
"Unstable Dependency","https://github.com/Alan-Ya-Yao/central"
"Unstable Dependency","https://github.com/Alan668899/78"
"Unstable Dependency","https://github.com/Alan69/Simple_platformer"
"Unstable Dependency","https://github.com/AlanCosta/SuperDigital"
"Unstable Dependency","https://github.com/AlanJSx/final-polotic-Java"
"Unstable Dependency","https://github.com/AlanJacobdev/ProjetRPOO_GroupeB_Alan_Lucas"
"Unstable Dependency","https://github.com/AlanKilby/ProjetLaZona"
"Unstable Dependency","https://github.com/AlanPL/Metheor"
"Unstable Dependency","https://github.com/AlanSanchezP/gnomy"
"Unstable Dependency","https://github.com/AlanShiai/IrrigatedManager"
"Unstable Dependency","https://github.com/AlanSydney/093-all-kafka-event-microservice"
"Unstable Dependency","https://github.com/AlanWilian/MetatraderInteg"
"Unstable Dependency","https://github.com/AlanWilian/entityangular"
"Unstable Dependency","https://github.com/AlanYangs/spiders"
"Unstable Dependency","https://github.com/Alanblue2016/roc"
"Unstable Dependency","https://github.com/Alankrita2/schoolDBMS"
"Unstable Dependency","https://github.com/Alann27/LoginMVVM"
"Unstable Dependency","https://github.com/Alanyx/staffjoy-learn"
"Unstable Dependency","https://github.com/AlayaNetwork/mtool"
"Unstable Dependency","https://github.com/AlazzR/Notes-Taking_App"
"Unstable Dependency","https://github.com/Alb-Ard/ToWatch"
"Unstable Dependency","https://github.com/AlbanAndrieu/nabla-databases"
"Unstable Dependency","https://github.com/Albawab/Black-Jack"
"Unstable Dependency","https://github.com/Albert-Bennett/DesignPatterns"
"Unstable Dependency","https://github.com/Albert-Gavra/Week5_Details"
"Unstable Dependency","https://github.com/Albert-Lucif4/Vellichor"
"Unstable Dependency","https://github.com/Albert1981A/Project003Coupons"
"Unstable Dependency","https://github.com/AlbertAlita/autonet"
"Unstable Dependency","https://github.com/AlbertGafarov/Family"
"Unstable Dependency","https://github.com/AlbertJafet/Libery"
